clip_id,word,audio_arrival_sec,commit_time_sec,word_latency_sec
clip_000,ġiet,2.0,0.069,0.0
clip_000,il-wajtres,42.454,9.618,0.0
clip_000,u,42.454,9.618,0.0
clip_000,poġġitilhom,42.454,9.618,0.0
clip_000,it-tgħaz-zji,42.454,9.618,0.0
clip_000,fuq,42.454,9.618,0.0
clip_000,il-mejda,42.454,9.618,0.0
clip_000,jason,42.454,9.618,0.0
clip_000,iqsar,42.454,9.618,0.0
clip_000,minn,42.454,9.618,0.0
clip_000,robert,42.454,9.618,0.0
clip_000,sa,42.454,9.618,0.0
clip_000,fl-aħħar,42.454,9.618,0.0
clip_000,xon,42.454,9.618,0.0
clip_000,ħas,42.454,9.618,0.0
clip_000,dan,42.454,9.618,0.0
clip_000,il-kliem,42.454,9.618,0.0
clip_000,jieħu,42.454,9.618,0.0
clip_000,sura,42.454,9.618,0.0
clip_000,ġo,42.454,9.618,0.0
clip_000,moħħu,42.454,9.618,0.0
clip_000,u,42.454,9.618,0.0
clip_000,nħasad,42.454,9.618,0.0
clip_000,tant,42.454,9.618,0.0
clip_000,li,42.454,9.618,0.0
clip_000,waqaf,42.454,9.618,0.0
clip_000,soptu,42.454,9.618,0.0
clip_000,u,42.454,9.618,0.0
clip_000,l-oħrajn,42.454,9.618,0.0
clip_000,daħlu,42.454,9.618,0.0
clip_000,ġo,42.454,9.618,0.0
clip_000,fih,42.454,9.618,0.0
clip_000,daq,42.454,9.618,0.0
clip_000,biċċa,42.454,9.618,0.0
clip_000,għal,42.454,9.618,0.0
clip_000,ġeħrin,42.454,9.618,0.0
clip_000,li,42.454,9.618,0.0
clip_000,tant,42.454,9.618,0.0
clip_000,ħa,42.454,9.618,0.0
clip_000,grazzja,42.454,9.618,0.0
clip_000,magħha,42.454,9.618,0.0
clip_000,li,42.454,9.618,0.0
clip_000,talabat,42.454,9.618,0.0
clip_000,immudellalu,42.454,9.618,0.0
clip_000,ħalli,42.454,9.618,0.0
clip_000,għa,42.454,9.618,0.0
clip_000,warajh,42.454,9.618,0.0
clip_000,sta',42.454,9.618,0.0
clip_000,twetta',42.454,9.618,0.0
clip_000,imma,42.454,9.618,0.0
clip_000,ma,42.454,9.618,0.0
clip_000,jafx,42.454,9.618,0.0
clip_000,min,42.454,9.618,0.0
clip_000,ja,42.454,9.618,0.0
clip_000,f',42.454,9.618,0.0
clip_000,forsi,42.454,9.618,0.0
clip_000,kien,42.454,9.618,0.0
clip_000,hemm,42.454,9.618,0.0
clip_000,iżda,42.454,9.618,0.0
clip_000,ma,42.454,9.618,0.0
clip_000,appruvajtx,42.454,9.618,0.0
clip_000,wisq,42.454,9.618,0.0
clip_000,surġent,42.454,9.618,0.0
clip_000,oħroġ,42.454,9.618,0.0
clip_000,lil,42.454,9.618,0.0
clip_000,ħati,42.454,9.618,0.0
clip_000,jistenna,42.454,9.618,0.0
clip_000,barra,42.454,9.618,0.0
clip_000,waraq,42.454,9.618,0.0
clip_000,il-bieb,42.454,9.618,0.0
clip_000,tas-sala,42.454,9.618,0.0
clip_000,imbagħad,42.454,9.618,0.0
clip_000,jis,42.454,9.618,0.0
clip_000,baqa',42.454,9.618,0.0
clip_000,surġent,42.454,9.618,0.0
clip_000,fil-kumpanija,42.454,9.618,0.0
clip_000,tal-imdina,42.454,9.618,0.0
clip_000,u,42.454,9.618,0.0
clip_000,kien,42.454,9.618,0.0
clip_000,dejjem,42.454,9.618,0.0
clip_000,l-ewwel,42.454,9.618,0.0
clip_000,wieħed,42.454,9.618,0.0
clip_000,meta,42.454,9.618,0.0
clip_000,hem,42.454,9.618,0.0
clip_000,bżonnu,42.454,9.618,0.0
clip_000,biex,42.454,9.618,0.0
clip_000,ifiraq,42.454,9.618,0.0
clip_000,xi,42.454,9.618,0.0
clip_000,ġlieda,42.454,9.618,0.0
clip_000,jew,42.454,9.618,0.0
clip_000,biex,42.454,9.618,0.0
clip_000,jaqbeż,42.454,9.618,0.0
clip_000,f',42.454,9.618,0.0
clip_000,xi,42.454,9.618,0.0
clip_000,għeld,42.454,9.618,0.0
clip_000,ieħor,42.454,9.618,0.0
clip_001,dħajjes,16.0,1.081,0.0
clip_001,oħra,16.0,1.081,0.0
clip_001,m',16.0,1.081,0.0
clip_001,għandniex,16.0,1.081,0.0
clip_001,ta',16.0,1.081,0.0
clip_001,meta,16.0,1.081,0.0
clip_001,kienu,16.0,1.081,0.0
clip_001,jmorru,16.0,1.081,0.0
clip_001,jżuru,16.0,1.081,0.0
clip_001,lin,30.0,3.589,0.0
clip_001,ngħanniet,30.0,3.589,0.0
clip_001,fil-milied,30.0,3.589,0.0
clip_001,le,30.0,3.589,0.0
clip_001,le,30.0,3.589,0.0
clip_001,żguraw,30.0,3.589,0.0
clip_001,xi,30.0,3.589,0.0
clip_001,wieħed,30.0,3.589,0.0
clip_001,talklikka,40.0,7.547,0.0
clip_001,tagħha,40.0,7.547,0.0
clip_001,xon,40.0,7.547,0.0
clip_001,li,40.0,7.547,0.0
clip_001,kieku,40.0,7.547,0.0
clip_001,konna,40.0,7.547,0.0
clip_001,miftemin,42.0,8.644,0.0
clip_001,ma',42.0,8.644,0.0
clip_001,sister,42.0,8.644,0.0
clip_001,caterino,42.0,8.644,0.0
clip_001,u,42.0,8.644,0.0
clip_001,sister,42.0,8.644,0.0
clip_001,l-wiġina,42.818,9.758,0.0
clip_001,l-ġurnata,42.818,9.758,0.0
clip_001,ta',42.818,9.758,0.0
clip_001,qabel,42.818,9.758,0.0
clip_001,kienu,42.818,9.758,0.0
clip_001,jikkanċellaw,42.818,9.758,0.0
clip_001,l-appuntament,42.818,9.758,0.0
clip_001,wara,42.818,9.758,0.0
clip_001,marretu,42.818,9.758,0.0
clip_001,ġabret,42.818,9.758,0.0
clip_001,il-ġewlaq,42.818,9.758,0.0
clip_001,li,42.818,9.758,0.0
clip_001,kienet,42.818,9.758,0.0
clip_001,ġobed,42.818,9.758,0.0
clip_001,magħha,42.818,9.758,0.0
clip_001,u,42.818,9.758,0.0
clip_001,minn,42.818,9.758,0.0
clip_001,ġewwa,42.818,9.758,0.0
clip_001,fejn,42.818,9.758,0.0
clip_001,ħarġet,42.818,9.758,0.0
clip_001,flixkun,42.818,9.758,0.0
clip_001,ċkejken,42.818,9.758,0.0
clip_001,dan,42.818,9.758,0.0
clip_001,żejt,42.818,9.758,0.0
clip_001,taż-żaruna,42.818,9.758,0.0
clip_001,jfejjaq,42.818,9.758,0.0
clip_001,il-ġrieħi,42.818,9.758,0.0
clip_001,li,42.818,9.758,0.0
clip_001,għandkom,42.818,9.758,0.0
clip_001,ejja,42.818,9.758,0.0
clip_001,amela,42.818,9.758,0.0
clip_001,kompli,42.818,9.758,0.0
clip_001,wrina,42.818,9.758,0.0
clip_001,xi,42.818,9.758,0.0
clip_001,swew,42.818,9.758,0.0
clip_001,tal-partit,42.818,9.758,0.0
clip_001,tiegħek,42.818,9.758,0.0
clip_001,iżda,42.818,9.758,0.0
clip_001,ġralu,42.818,9.758,0.0
clip_001,l-istess,42.818,9.758,0.0
clip_001,daħa,42.818,9.758,0.0
clip_001,allura,42.818,9.758,0.0
clip_001,ddaid-dar,42.818,9.758,0.0
clip_001,attent,42.818,9.758,0.0
clip_001,li,42.818,9.758,0.0
clip_001,ma,42.818,9.758,0.0
clip_001,jagħmilx,42.818,9.758,0.0
clip_001,ħoss,42.818,9.758,0.0
clip_001,b',42.818,9.758,0.0
clip_001,seba',42.818,9.758,0.0
clip_001,għajnejn,42.818,9.758,0.0
clip_001,mhux,42.818,9.758,0.0
clip_001,qamed,42.818,9.758,0.0
clip_001,ines,42.818,9.758,0.0
clip_001,fil-frattemp,42.818,9.758,0.0
clip_001,u,42.818,9.758,0.0
clip_001,niżlet,42.818,9.758,0.0
clip_001,isfel,42.818,9.758,0.0
clip_002,imma,2.0,0.066,0.0
clip_002,kellu,2.0,0.066,0.0
clip_002,joqgħodu,20.0,1.673,0.0
clip_002,dawk,20.0,1.673,0.0
clip_002,it-tiri,20.0,1.673,0.0
clip_002,tal-kanuni,20.0,1.673,0.0
clip_002,li,20.0,1.673,0.0
clip_002,b',20.0,1.673,0.0
clip_002,sinjal,20.0,1.673,0.0
clip_002,ta',20.0,1.673,0.0
clip_002,ferħs,20.0,1.673,0.0
clip_002,parawn,20.925,2.004,0.0
clip_002,f',20.925,2.004,0.0
clip_002,nofsinhar,20.925,2.004,0.0
clip_002,il-franċiżi,20.925,2.004,0.0
clip_002,ħasshom,20.925,2.004,0.0
clip_002,bħall-imrietel,20.925,2.004,0.0
clip_002,li,20.925,2.004,0.0
clip_002,sabbtu,20.925,2.004,0.0
clip_002,fuq,20.925,2.004,0.0
clip_002,qalbu,20.925,2.004,0.0
clip_002,maria,20.925,2.004,0.0
clip_002,ġiet,20.925,2.004,0.0
clip_002,għalija,20.925,2.004,0.0
clip_002,bil-karozza,20.925,2.004,0.0
clip_002,u,20.925,2.004,0.0
clip_002,ħaditni,20.925,2.004,0.0
clip_002,narahinjosef,20.925,2.004,0.0
clip_002,ma,20.925,2.004,0.0
clip_002,naqas,20.925,2.004,0.0
clip_002,li,20.925,2.004,0.0
clip_002,semmilu,20.925,2.004,0.0
clip_002,wkoll,20.925,2.004,0.0
clip_002,mis,20.925,2.004,0.0
clip_002,katanja,20.925,2.004,0.0
clip_002,u,20.925,2.004,0.0
clip_002,jiddiskrivilu,20.925,2.004,0.0
clip_002,l-mod,20.925,2.004,0.0
clip_002,kif,20.925,2.004,0.0
clip_002,tilbes,20.925,2.004,0.0
clip_002,kif,20.925,2.004,0.0
clip_002,titkellem,20.925,2.004,0.0
clip_002,u,20.925,2.004,0.0
clip_002,kif,20.925,2.004,0.0
clip_002,inhuffissat,20.925,2.004,0.0
clip_002,fuqha,20.925,2.004,0.0
clip_003,l-iżjed,2.0,0.087,0.0
clip_003,mata,14.0,0.894,0.0
clip_003,kien,14.0,0.894,0.0
clip_003,jaf,48.0,12.625,0.0
clip_003,sewwa,48.0,12.625,0.0
clip_003,min,48.0,12.625,0.0
clip_003,huwa,48.0,12.625,0.0
clip_003,u,48.0,12.625,0.0
clip_003,xi,48.0,12.625,0.0
clip_003,ġralu,48.0,12.625,0.0
clip_003,u,48.0,12.625,0.0
clip_003,dan,48.0,12.625,0.0
clip_003,ħabbu,48.0,12.625,0.0
clip_003,u,48.0,12.625,0.0
clip_003,kieniżommu,51.711,15.96,0.0
clip_003,bħal,51.711,15.96,0.0
clip_003,kiekuħuh,51.711,15.96,0.0
clip_003,appuntu,51.711,15.96,0.0
clip_003,sur,51.711,15.96,0.0
clip_003,mas,51.711,15.96,0.0
clip_003,kompla,51.711,15.96,0.0
clip_003,jpespe,51.711,15.96,0.0
clip_003,kassar,51.711,15.96,0.0
clip_003,ara,51.711,15.96,0.0
clip_003,li,51.711,15.96,0.0
clip_003,aħnakudehem,51.711,15.96,0.0
clip_003,rġiel,51.711,15.96,0.0
clip_003,wiġb,51.711,15.96,0.0
clip_003,bnar,51.711,15.96,0.0
clip_003,filwaqt,51.711,15.96,0.0
clip_003,li,51.711,15.96,0.0
clip_003,raġa',51.711,15.96,0.0
clip_003,ta',51.711,15.96,0.0
clip_003,falpipa,51.711,15.96,0.0
clip_003,fil-but,51.711,15.96,0.0
clip_003,u,51.711,15.96,0.0
clip_003,qabad,51.711,15.96,0.0
clip_003,il-ħabel,51.711,15.96,0.0
clip_003,tal-aptrufidu,51.711,15.96,0.0
clip_003,intfgħu,51.711,15.96,0.0
clip_003,jistrieħu,51.711,15.96,0.0
clip_003,hemmhekk,51.711,15.96,0.0
clip_003,issa,51.711,15.96,0.0
clip_003,sew,51.711,15.96,0.0
clip_003,qal,51.711,15.96,0.0
clip_003,benu,51.711,15.96,0.0
clip_003,bejruħu,51.711,15.96,0.0
clip_003,fra,51.711,15.96,0.0
clip_003,mudest,51.711,15.96,0.0
clip_003,irrid,51.711,15.96,0.0
clip_003,immur,51.711,15.96,0.0
clip_003,miss,51.711,15.96,0.0
clip_003,qalilha,51.711,15.96,0.0
clip_003,robertob',51.711,15.96,0.0
clip_003,ċerta,51.711,15.96,0.0
clip_003,urġenza,51.711,15.96,0.0
clip_003,minħabba,51.711,15.96,0.0
clip_003,li,51.711,15.96,0.0
clip_003,kien,51.711,15.96,0.0
clip_003,jaf,51.711,15.96,0.0
clip_003,li,51.711,15.96,0.0
clip_003,jrid,51.711,15.96,0.0
clip_003,jiftaħ,51.711,15.96,0.0
clip_003,il-buttuni,51.711,15.96,0.0
clip_003,tal-qmis,51.711,15.96,0.0
clip_003,malajr,51.711,15.96,0.0
clip_003,għax,51.711,15.96,0.0
clip_003,inkella,51.711,15.96,0.0
clip_003,kienet,51.711,15.96,0.0
clip_003,se,51.711,15.96,0.0
clip_003,tix,51.711,15.96,0.0
clip_003,tixpakka,51.711,15.96,0.0
clip_003,meta,51.711,15.96,0.0
clip_003,jsir,51.711,15.96,0.0
clip_003,majjal,51.711,15.96,0.0
clip_003,jien,51.711,15.96,0.0
clip_003,kont,51.711,15.96,0.0
clip_003,ili,51.711,15.96,0.0
clip_003,xi,51.711,15.96,0.0
clip_003,tliet,51.711,15.96,0.0
clip_003,snin,51.711,15.96,0.0
clip_003,ma,51.711,15.96,0.0
clip_003,nidħol,51.711,15.96,0.0
clip_003,għall-festivals,51.711,15.96,0.0
clip_003,għax,51.711,15.96,0.0
clip_003,kont,51.711,15.96,0.0
clip_003,inħoss,51.711,15.96,0.0
clip_003,li,51.711,15.96,0.0
clip_003,l-impenji,51.711,15.96,0.0
clip_003,tiegħi,51.711,15.96,0.0
clip_003,fil-lukandi,51.711,15.96,0.0
clip_003,kienu,51.711,15.96,0.0
clip_003,biżżejjed,51.711,15.96,0.0
clip_003,kien,51.711,15.96,0.0
clip_003,jittratta,51.711,15.96,0.0
clip_003,dwar,51.711,15.96,0.0
clip_003,i-żrieraħ,51.711,15.96,0.0
clip_003,hemm,51.711,15.96,0.0
clip_003,bżonn,51.711,15.96,0.0
clip_003,ta',51.711,15.96,0.0
clip_003,aktar,51.711,15.96,0.0
clip_003,sigurtà,51.711,15.96,0.0
clip_003,f',51.711,15.96,0.0
clip_003,paċevil,51.711,15.96,0.0
clip_003,u,51.711,15.96,0.0
clip_003,la,51.711,15.96,0.0
clip_003,intaressani,51.711,15.96,0.0
clip_003,l-a,51.711,15.96,0.0
clip_003,natih,51.711,15.96,0.0
clip_003,importanza,51.711,15.96,0.0
clip_003,u,51.711,15.96,0.0
clip_003,nixtieq,51.711,15.96,0.0
clip_003,kont,51.711,15.96,0.0
clip_003,nista',51.711,15.96,0.0
clip_003,ngħaddi,51.711,15.96,0.0
clip_003,mingħajru,51.711,15.96,0.0
clip_004,u,2.0,0.069,0.0
clip_004,dak,2.0,0.069,0.0
clip_004,li,2.0,0.069,0.0
clip_004,għandhom,2.0,0.069,0.0
clip_004,jagħmlu,2.0,0.069,0.0
clip_004,l-għada,2.0,0.069,0.0
clip_004,ma,2.0,0.069,0.0
clip_004,jibqax,4.0,0.143,0.0
clip_004,tant,4.0,0.143,0.0
clip_004,importanti,6.0,0.235,0.0
clip_004,min,6.0,0.235,0.0
clip_004,jara,6.0,0.235,0.0
clip_004,l-ġlieden,6.0,0.235,0.0
clip_004,min,6.0,0.235,0.0
clip_004,jara,6.0,0.235,0.0
clip_004,l-wirdien,8.0,0.359,0.0
clip_004,min,8.0,0.359,0.0
clip_004,jiftaħ,8.0,0.359,0.0
clip_004,il-pitazzi,8.0,0.359,0.0
clip_004,u,8.0,0.359,0.0
clip_004,jsibhom,8.0,0.359,0.0
clip_004,mimlija,10.0,0.494,0.0
clip_004,żunżan,10.0,0.494,0.0
clip_004,mejjet,12.0,0.677,0.0
clip_004,nixtieq,12.0,0.677,0.0
clip_004,ngħidlek,12.0,0.677,0.0
clip_004,li,12.0,0.677,0.0
clip_004,issa,12.0,0.677,0.0
clip_004,nista',12.0,0.677,0.0
clip_004,anki,12.0,0.677,0.0
clip_004,nara,16.0,1.13,0.0
clip_004,kawn,37.826,6.751,0.0
clip_004,ħasbu,37.826,6.751,0.0
clip_004,li,37.826,6.751,0.0
clip_004,kienaktar,37.826,6.751,0.0
clip_004,intressat,37.826,6.751,0.0
clip_004,fir-riċerka,37.826,6.751,0.0
clip_004,li,37.826,6.751,0.0
clip_004,kien,37.826,6.751,0.0
clip_004,għamillu,37.826,6.751,0.0
clip_004,dwar,37.826,6.751,0.0
clip_004,il-proġerija,37.826,6.751,0.0
clip_004,segwieni,37.826,6.751,0.0
clip_004,lura,37.826,6.751,0.0
clip_004,'l,37.826,6.751,0.0
clip_004,isfel,37.826,6.751,0.0
clip_004,u,37.826,6.751,0.0
clip_004,baqa',37.826,6.751,0.0
clip_004,jsegwini,37.826,6.751,0.0
clip_004,jien,37.826,6.751,0.0
clip_004,u,37.826,6.751,0.0
clip_004,nħaffef,37.826,6.751,0.0
clip_004,imsarni,37.826,6.751,0.0
clip_004,f',37.826,6.751,0.0
clip_004,sa,37.826,6.751,0.0
clip_004,qajja,37.826,6.751,0.0
clip_004,lejn,37.826,6.751,0.0
clip_004,il-grawnd,37.826,6.751,0.0
clip_004,tal-futbol,37.826,6.751,0.0
clip_004,imbagħad,37.826,6.751,0.0
clip_004,ġamri,37.826,6.751,0.0
clip_004,wiegħda,37.826,6.751,0.0
clip_004,li,37.826,6.751,0.0
clip_004,kellu,37.826,6.751,0.0
clip_004,jibdlilha,37.826,6.751,0.0
clip_004,l-ħġiġ,37.826,6.751,0.0
clip_004,miksur,37.826,6.751,0.0
clip_004,kollu,37.826,6.751,0.0
clip_004,l-illa,37.826,6.751,0.0
clip_004,tagħha,37.826,6.751,0.0
clip_004,bdiet,37.826,6.751,0.0
clip_004,tibred,37.826,6.751,0.0
clip_004,bil-mod,37.826,6.751,0.0
clip_004,jin,37.826,6.751,0.0
clip_004,niġil,37.826,6.751,0.0
clip_004,aktar,37.826,6.751,0.0
clip_004,imma,37.826,6.751,0.0
clip_004,aktartard,37.826,6.751,0.0
clip_004,bdew,37.826,6.751,0.0
clip_004,jagħtuna,37.826,6.751,0.0
clip_004,l-porga,37.826,6.751,0.0
clip_004,fgħamla,37.826,6.751,0.0
clip_004,ta',37.826,6.751,0.0
clip_004,ċikkulata,37.826,6.751,0.0
clip_004,li,37.826,6.751,0.0
clip_004,konna,37.826,6.751,0.0
clip_004,nixru,37.826,6.751,0.0
clip_004,mingħand,37.826,6.751,0.0
clip_004,l-ispiżjar,37.826,6.751,0.0
clip_005,nħajdha,18.0,1.396,0.0
clip_005,u,18.0,1.396,0.0
clip_005,marinagħalaq,34.0,4.826,0.0
clip_005,f',34.0,4.826,0.0
clip_005,kamartu,34.0,4.826,0.0
clip_005,ma,34.0,4.826,0.0
clip_005,jrid,34.0,4.826,0.0
clip_005,jaf,34.0,4.826,0.0
clip_005,b',34.0,4.826,0.0
clip_005,xejn,34.0,4.826,0.0
clip_005,iżjed,34.0,4.826,0.0
clip_005,donnha,34.0,4.826,0.0
clip_005,riesqal-mewt,36.0,5.762,0.0
clip_005,fuqu,36.0,5.762,0.0
clip_005,u,50.0,14.129,0.0
clip_005,wara,50.0,14.129,0.0
clip_005,kollox,50.0,14.129,0.0
clip_005,l-istorja,50.0,14.129,0.0
clip_005,dwar,50.0,14.129,0.0
clip_005,oħtu,50.0,14.129,0.0
clip_005,gunter,50.0,14.129,0.0
clip_005,kienet,50.0,14.129,0.0
clip_005,ixxukkjatu,50.26,15.657,0.0
clip_005,nazju,50.26,15.657,0.0
clip_005,'l,50.26,15.657,0.0
clip_005,barklor,50.26,15.657,0.0
clip_005,u,50.26,15.657,0.0
clip_005,kienet,50.26,15.657,0.0
clip_005,qallili,50.26,15.657,0.0
clip_005,rreliġjon,50.26,15.657,0.0
clip_005,kultant,50.26,15.657,0.0
clip_005,għandha,50.26,15.657,0.0
clip_005,ħabta,50.26,15.657,0.0
clip_005,tifret,50.26,15.657,0.0
clip_005,flok,50.26,15.657,0.0
clip_005,tgħaqad,50.26,15.657,0.0
clip_005,imbagħad,50.26,15.657,0.0
clip_005,dil-kamar,50.26,15.657,0.0
clip_005,ġerina,50.26,15.657,0.0
clip_005,stork,50.26,15.657,0.0
clip_005,jew,50.26,15.657,0.0
clip_005,butir,50.26,15.657,0.0
clip_005,butir,50.26,15.657,0.0
clip_005,tal-papra,50.26,15.657,0.0
clip_005,kif,50.26,15.657,0.0
clip_005,kienet,50.26,15.657,0.0
clip_005,issejjaħ,50.26,15.657,0.0
clip_005,lu,50.26,15.657,0.0
clip_005,hi,50.26,15.657,0.0
clip_005,u,50.26,15.657,0.0
clip_005,neħduha,50.26,15.657,0.0
clip_005,mal-kafè,50.26,15.657,0.0
clip_005,u,50.26,15.657,0.0
clip_005,darba,50.26,15.657,0.0
clip_005,ġiljan,50.26,15.657,0.0
clip_005,qalli,50.26,15.657,0.0
clip_005,kien,50.26,15.657,0.0
clip_005,hemm,50.26,15.657,0.0
clip_005,mara,50.26,15.657,0.0
clip_005,mhux,50.26,15.657,0.0
clip_005,malta,50.26,15.657,0.0
clip_005,ta'għax,50.26,15.657,0.0
clip_005,madonna,50.26,15.657,0.0
clip_005,malta,50.26,15.657,0.0
clip_005,għadna,50.26,15.657,0.0
clip_005,lura,50.26,15.657,0.0
clip_005,għadna,50.26,15.657,0.0
clip_005,qisna,50.26,15.657,0.0
clip_005,qed,50.26,15.657,0.0
clip_005,ngħixu,50.26,15.657,0.0
clip_005,taħt,50.26,15.657,0.0
clip_005,xi,50.26,15.657,0.0
clip_005,ma,50.26,15.657,0.0
clip_005,nafx,50.26,15.657,0.0
clip_005,min,50.26,15.657,0.0
clip_005,hi,50.26,15.657,0.0
clip_005,ma,50.26,15.657,0.0
clip_005,ninqabdux,50.26,15.657,0.0
clip_005,bħal,50.26,15.657,0.0
clip_005,żewġ,50.26,15.657,0.0
clip_005,ġriedhem,50.26,15.657,0.0
clip_005,fin-nassa,50.26,15.657,0.0
clip_005,ħarsu,50.26,15.657,0.0
clip_005,ħarsa,50.26,15.657,0.0
clip_005,madwarhom,50.26,15.657,0.0
clip_005,u,50.26,15.657,0.0
clip_005,spalla,50.26,15.657,0.0
clip_005,ma,50.26,15.657,0.0
clip_005,spalla,50.26,15.657,0.0
clip_005,baqgħu,50.26,15.657,0.0
clip_005,sejrin,50.26,15.657,0.0
clip_005,lejn,50.26,15.657,0.0
clip_005,it-triq,50.26,15.657,0.0
clip_005,tal-imħażen,50.26,15.657,0.0
clip_005,u,50.26,15.657,0.0
clip_005,kien,50.26,15.657,0.0
clip_005,biss,50.26,15.657,0.0
clip_005,meta,50.26,15.657,0.0
clip_005,ċegħda,50.26,15.657,0.0
clip_005,li,50.26,15.657,0.0
clip_005,bdiet,50.26,15.657,0.0
clip_005,tassew,50.26,15.657,0.0
clip_005,taħdem,50.26,15.657,0.0
clip_005,l-azzjoni,50.26,15.657,0.0
clip_005,ta',50.26,15.657,0.0
clip_005,vitanova,50.26,15.657,0.0
clip_006,moħni,4.0,0.17,0.0
clip_006,biex,4.0,0.17,0.0
clip_006,ninħebha,14.0,0.917,0.0
clip_006,wiċċu,14.0,0.917,0.0
clip_006,aħmar,18.0,1.457,0.0
clip_006,ilejl,18.0,1.457,0.0
clip_006,it-tajjeb,18.0,1.457,0.0
clip_006,ħanini,18.0,1.457,0.0
clip_006,qalt,34.0,4.865,0.0
clip_006,li,34.0,4.865,0.0
clip_006,bit,34.0,4.865,0.0
clip_006,pespisa,34.0,4.865,0.0
clip_006,għal,34.0,4.865,0.0
clip_006,mill-inqas,34.0,4.865,0.0
clip_006,ħames,34.0,4.865,0.0
clip_006,minuti,34.0,4.865,0.0
clip_006,bqajtu,34.0,4.865,0.0
clip_006,siekta,34.0,4.865,0.0
clip_006,fil-karozza,34.0,4.865,0.0
clip_006,going,34.0,4.865,0.0
clip_006,nowar,34.0,4.865,0.0
clip_006,arnest,42.0,8.955,0.0
clip_006,qatgħetlukliemu,46.0,11.388,0.0
clip_006,ommu,46.0,11.388,0.0
clip_006,hekk,46.0,11.388,0.0
clip_006,kif,46.0,11.388,0.0
clip_006,reġa',46.0,11.388,0.0
clip_006,tgħolli,46.0,11.388,0.0
clip_006,t,46.0,11.388,0.0
clip_006,rasa,46.0,11.388,0.0
clip_006,minn,46.0,11.388,0.0
clip_006,fuq,46.0,11.388,0.0
clip_006,il-biċċa,46.0,11.388,0.0
clip_006,xogħol,46.0,11.388,0.0
clip_006,li,46.0,11.388,0.0
clip_006,kienet,46.0,11.388,0.0
clip_006,qed,46.0,11.388,0.0
clip_006,tikteb,46.0,11.388,0.0
clip_006,in-nanna,46.0,11.388,0.0
clip_006,miraklu,46.0,11.388,0.0
clip_006,jkollha,46.0,11.388,0.0
clip_006,tagħmel,46.0,11.388,0.0
clip_006,din,46.0,11.388,0.0
clip_006,id-darba,46.0,11.388,0.0
clip_006,biex,46.0,11.388,0.0
clip_006,tfejqu,46.0,11.388,0.0
clip_006,kompla,46.0,11.388,0.0
clip_006,miegħu,46.0,11.388,0.0
clip_006,xon,46.0,11.388,0.0
clip_006,l-istejjer,46.0,11.388,0.0
clip_006,kollha,46.0,11.388,0.0
clip_006,xi,46.0,11.388,0.0
clip_006,ftit,46.0,11.388,0.0
clip_006,jew,46.0,11.388,0.0
clip_006,wisq,46.0,11.388,0.0
clip_006,kellhom,46.0,11.388,0.0
clip_006,toma,46.0,11.388,0.0
clip_006,seswali,46.0,11.388,0.0
clip_006,u,46.0,11.388,0.0
clip_006,l-lejl,46.0,11.388,0.0
clip_006,kollu,46.0,11.388,0.0
clip_006,f',46.0,11.388,0.0
clip_006,kumpanija,46.0,11.388,0.0
clip_006,tiegħu,46.0,11.388,0.0
clip_006,ħetlili,46.0,11.388,0.0
clip_006,issa,46.0,11.388,0.0
clip_006,stajt,46.289,12.69,0.0
clip_006,tħossu,46.289,12.69,0.0
clip_006,madwarek,46.289,12.69,0.0
clip_006,qalilha,46.289,12.69,0.0
clip_006,xon,46.289,12.69,0.0
clip_006,w,46.289,12.69,0.0
clip_006,ħanantu,46.289,12.69,0.0
clip_006,femgħet,46.289,12.69,0.0
clip_006,mill-ewwel,46.289,12.69,0.0
clip_006,int,46.289,12.69,0.0
clip_006,ma,46.289,12.69,0.0
clip_006,rajtux,46.289,12.69,0.0
clip_006,staqsewħitlieta,46.289,12.69,0.0
clip_006,flimkien,46.289,12.69,0.0
clip_006,lis-segwit,46.289,12.69,0.0
clip_006,pjan,46.289,12.69,0.0
clip_006,li,46.289,12.69,0.0
clip_006,dib,46.289,12.69,0.0
clip_006,dawn,46.289,12.69,0.0
clip_006,taf,46.289,12.69,0.0
clip_006,li,46.289,12.69,0.0
clip_006,mhux,46.289,12.69,0.0
clip_006,se,46.289,12.69,0.0
clip_006,jirnexxi,46.289,12.69,0.0
clip_006,imma,46.289,12.69,0.0
clip_006,tkompli,46.289,12.69,0.0
clip_006,xorta,46.289,12.69,0.0
clip_006,waħda,46.289,12.69,0.0
clip_007,staħba,2.0,0.065,0.0
clip_007,wara,2.0,0.065,0.0
clip_007,kolonna,2.0,0.065,0.0
clip_007,u,2.0,0.065,0.0
clip_007,malli,4.0,0.143,0.0
clip_007,ż-żewġt,4.0,0.143,0.0
clip_007,irġiel,4.0,0.143,0.0
clip_007,kienu,4.0,0.143,0.0
clip_007,għaddew,4.0,0.143,0.0
clip_007,ħareġ,4.0,0.143,0.0
clip_007,qisu,6.0,0.236,0.0
clip_007,ljum,6.0,0.236,0.0
clip_007,feroċi,6.0,0.236,0.0
clip_007,jgħajjat,6.0,0.236,0.0
clip_007,u,6.0,0.236,0.0
clip_007,jfajjar,8.0,0.36,0.0
clip_007,bl-imħadda,8.0,0.36,0.0
clip_007,fuq,8.0,0.36,0.0
clip_007,rashom,8.0,0.36,0.0
clip_007,b'kemm,10.0,0.499,0.0
clip_007,kellu,10.0,0.499,0.0
clip_007,saħħa,10.0,0.499,0.0
clip_007,żigarella,14.0,0.891,0.0
clip_007,safra,14.0,0.891,0.0
clip_007,marbuta,14.0,0.891,0.0
clip_007,mazzokta,14.0,0.891,0.0
clip_007,xkupa,14.0,0.891,0.0
clip_007,u,14.0,0.891,0.0
clip_007,int,14.116,1.113,0.0
clip_008,jien,2.0,0.072,0.0
clip_008,sejjer,2.0,0.072,0.0
clip_008,f',2.0,0.072,0.0
clip_008,kamarti,4.0,0.143,0.0
clip_008,qed,4.0,0.143,0.0
clip_008,jistennewh,4.0,0.143,0.0
clip_008,emm,14.0,0.906,0.0
clip_008,barra,14.0,0.906,0.0
clip_008,allura,14.0,0.906,0.0
clip_008,meta,14.0,0.906,0.0
clip_008,se,14.0,0.906,0.0
clip_008,nibdew,14.0,0.906,0.0
clip_008,niktbuh,14.0,0.906,0.0
clip_008,l-artiklu,14.0,0.906,0.0
clip_008,kien,14.0,0.906,0.0
clip_008,qiegħed,14.0,0.906,0.0
clip_008,isaqsi,14.0,0.906,0.0
clip_008,dennis,14.0,0.906,0.0
clip_008,wara,14.0,0.906,0.0
clip_008,li,14.0,0.906,0.0
clip_008,ħasslithom,14.0,0.906,0.0
clip_008,ħasla,20.0,1.74,0.0
clip_008,bl-ilma,20.0,1.74,0.0
clip_008,f',26.0,2.888,0.0
clip_008,ietel,26.0,2.888,0.0
clip_008,kienet,26.0,2.888,0.0
clip_008,tiltidlikhom,38.0,6.837,0.0
clip_008,kull,38.0,6.837,0.0
clip_008,ġerħa,38.0,6.837,0.0
clip_008,u,38.0,6.837,0.0
clip_008,kull,38.0,6.837,0.0
clip_008,gidma,38.0,6.837,0.0
clip_008,biż-żejt,42.0,8.988,0.0
clip_008,taż-żaruna,42.0,8.988,0.0
clip_008,u,42.0,8.988,0.0
clip_008,l-ispirazzjoni,42.0,8.988,0.0
clip_008,tant,42.0,8.988,0.0
clip_008,tkun,42.0,8.988,0.0
clip_008,qawwija,42.0,8.988,0.0
clip_008,li,42.0,8.988,0.0
clip_008,ma,42.0,8.988,0.0
clip_008,nkunx,42.0,8.988,0.0
clip_008,nista',42.0,8.988,0.0
clip_008,nirreżistiha,42.0,8.988,0.0
clip_008,aktar,42.0,8.988,0.0
clip_008,kienet,42.0,8.988,0.0
clip_008,et,42.0,8.988,0.0
clip_008,ittir,42.0,8.988,0.0
clip_008,imdawra,42.0,8.988,0.0
clip_008,bil-f'riefet,42.0,8.988,0.0
clip_008,ikkulluriti,42.0,8.988,0.0
clip_008,sadanittant,42.0,8.988,0.0
clip_008,salvu,42.0,8.988,0.0
clip_008,tar-razzett,42.0,8.988,0.0
clip_008,kien,42.0,8.988,0.0
clip_008,ġa,42.0,8.988,0.0
clip_008,ħejja,42.0,8.988,0.0
clip_008,l-gidja,42.0,8.988,0.0
clip_008,u,42.0,8.988,0.0
clip_008,kien,42.0,8.988,0.0
clip_008,sejjer,42.0,8.988,0.0
clip_008,biha,42.0,8.988,0.0
clip_008,l-kunvent,42.0,8.988,0.0
clip_008,bil-mod,42.0,8.988,0.0
clip_008,il-mod,42.0,8.988,0.0
clip_008,diddieħlad-drawwa,42.0,8.988,0.0
clip_008,tas-siġra,42.0,8.988,0.0
clip_008,tal-milied,42.0,8.988,0.0
clip_008,fuq,42.0,8.988,0.0
clip_008,il-komodina,42.0,8.988,0.0
clip_008,kellu,42.0,8.988,0.0
clip_008,statwa,42.0,8.988,0.0
clip_008,ċkejkna,42.0,8.988,0.0
clip_008,ġokaxxa,43.975,10.187,0.0
clip_008,tal-ħġieġ,43.975,10.187,0.0
clip_008,hekk,43.975,10.187,0.0
clip_009,ma,2.0,0.063,0.0
clip_009,xtaqx,2.0,0.063,0.0
clip_009,jagħtiha,2.0,0.063,0.0
clip_009,ċans,18.0,1.455,0.0
clip_009,li,18.0,1.455,0.0
clip_009,jkollha,18.0,1.455,0.0
clip_009,glfejn,38.0,6.808,0.0
clip_009,titfa',38.0,6.808,0.0
clip_009,xi,38.0,6.808,0.0
clip_009,ħtija,38.0,6.808,0.0
clip_009,oħra,38.0,6.808,0.0
clip_009,fuqu,38.0,6.808,0.0
clip_009,ta,47.229,12.747,0.0
clip_009,xtaqt,47.229,12.747,0.0
clip_009,nara,47.229,12.747,0.0
clip_009,d-dixxiplina,47.229,12.747,0.0
clip_009,u,47.229,12.747,0.0
clip_009,l-ordni,47.229,12.747,0.0
clip_009,fit-traffiku,47.229,12.747,0.0
clip_009,kollox,47.229,12.747,0.0
clip_009,infassal,47.229,12.747,0.0
clip_009,bil-ħsieb,47.229,12.747,0.0
clip_009,u,47.229,12.747,0.0
clip_009,kulħadd,47.229,12.747,0.0
clip_009,jogħod,47.229,12.747,0.0
clip_009,għar-regolamenti,47.229,12.747,0.0
clip_009,blat,47.229,12.747,0.0
clip_009,la,47.229,12.747,0.0
clip_009,qlieq,47.229,12.747,0.0
clip_009,nispera,47.229,12.747,0.0
clip_009,li,47.229,12.747,0.0
clip_009,tħobbha,47.229,12.747,0.0
clip_009,u,47.229,12.747,0.0
clip_009,intix,47.229,12.747,0.0
clip_009,tużaħha,47.229,12.747,0.0
clip_009,għax,47.229,12.747,0.0
clip_009,ma,47.229,12.747,0.0
clip_009,tbaqgħalek,47.229,12.747,0.0
clip_009,il-ħadd,47.229,12.747,0.0
clip_009,iżda,47.229,12.747,0.0
clip_009,kien,47.229,12.747,0.0
clip_009,tard,47.229,12.747,0.0
clip_009,wisq,47.229,12.747,0.0
clip_009,tant,47.229,12.747,0.0
clip_009,qiegħed,47.229,12.747,0.0
clip_009,fil-qrib,47.229,12.747,0.0
clip_009,li,47.229,12.747,0.0
clip_009,qed,47.229,12.747,0.0
clip_009,jgħatti,47.229,12.747,0.0
clip_009,lil,47.229,12.747,0.0
clip_009,robert,47.229,12.747,0.0
clip_009,u,47.229,12.747,0.0
clip_009,kevin,47.229,12.747,0.0
clip_009,ukollu,47.229,12.747,0.0
clip_009,jċaqlaq,47.229,12.747,0.0
clip_009,rasu,47.229,12.747,0.0
clip_009,u,47.229,12.747,0.0
clip_009,jgħolli,47.229,12.747,0.0
clip_009,għonqu,47.229,12.747,0.0
clip_009,għax,47.229,12.747,0.0
clip_009,kulm,47.229,12.747,0.0
clip_009,ed,47.229,12.747,0.0
clip_009,jara,47.229,12.747,0.0
clip_009,ħnnokkli,47.229,12.747,0.0
clip_009,sofor,47.229,12.747,0.0
clip_009,ta',47.229,12.747,0.0
clip_009,robert,47.229,12.747,0.0
clip_009,i,47.229,12.747,0.0
clip_009,xaru,47.229,12.747,0.0
clip_009,każa,47.229,12.747,0.0
clip_009,li,47.229,12.747,0.0
clip_009,nemmnu,47.229,12.747,0.0
clip_009,f',47.229,12.747,0.0
clip_009,dak,47.229,12.747,0.0
clip_009,li,47.229,12.747,0.0
clip_009,rridu,47.229,12.747,0.0
clip_009,fejn,47.229,12.747,0.0
clip_009,hi,47.229,12.747,0.0
clip_009,mark,47.229,12.747,0.0
clip_009,delijas,47.229,12.747,0.0
clip_009,ġorning,47.229,12.747,0.0
clip_009,the,47.229,12.747,0.0
clip_009,protestors,47.229,12.747,0.0
clip_009,sitta,47.229,12.747,0.0
clip_009,u,47.229,12.747,0.0
clip_009,ħamsin,47.229,12.747,0.0
clip_009,kif,47.229,12.747,0.0
clip_009,jien,47.229,12.747,0.0
clip_009,għax,47.229,12.747,0.0
clip_009,qalli,47.229,12.747,0.0
clip_009,li,47.229,12.747,0.0
clip_009,jekk,47.229,12.747,0.0
clip_009,nieħu,47.229,12.747,0.0
clip_009,shem,47.229,12.747,0.0
clip_009,f',47.229,12.747,0.0
clip_009,xi,47.229,12.747,0.0
clip_009,tellieqa,47.229,12.747,0.0
clip_009,u,47.229,12.747,0.0
clip_009,nispiċċaw,47.229,12.747,0.0
clip_009,fowtowfinix,47.229,12.747,0.0
clip_010,inqabad,2.0,0.077,0.0
clip_010,fuq,2.0,0.077,0.0
clip_010,l-arjudrom,2.0,0.077,0.0
clip_010,ta',4.0,0.141,0.0
clip_010,ħalluqa,4.0,0.141,0.0
clip_010,x'imdew,32.0,4.349,0.0
clip_010,niżlin,32.0,4.349,0.0
clip_010,il-bombi,32.0,4.349,0.0
clip_010,eħe,32.0,4.349,0.0
clip_010,iva,32.0,4.349,0.0
clip_010,l-eżamijiet,32.0,4.349,0.0
clip_010,kompla,32.0,4.349,0.0
clip_010,missieru,32.0,4.349,0.0
clip_010,ħallih,32.0,4.349,0.0
clip_010,imur,32.0,4.349,0.0
clip_010,għal,32.0,4.349,0.0
clip_010,boxla,32.0,4.349,0.0
clip_010,xjaten,32.0,4.349,0.0
clip_010,imma,32.0,4.349,0.0
clip_010,ommu,32.0,4.349,0.0
clip_010,ma,32.0,4.349,0.0
clip_010,kienit,32.0,4.349,0.0
clip_010,x'hemm,38.792,7.884,0.0
clip_010,kienet,38.792,7.884,0.0
clip_010,semgħet,38.792,7.884,0.0
clip_010,kemm,38.792,7.884,0.0
clip_010,il-xnieha,38.792,7.884,0.0
clip_010,min-nies,38.792,7.884,0.0
clip_010,tat-triq,38.792,7.884,0.0
clip_010,dwar,38.792,7.884,0.0
clip_010,it-taqtija,38.792,7.884,0.0
clip_010,fuq,38.792,7.884,0.0
clip_010,il-baħar,38.792,7.884,0.0
clip_010,qrib,38.792,7.884,0.0
clip_010,malta,38.792,7.884,0.0
clip_010,iktar,38.792,7.884,0.0
clip_010,għajnejn,38.792,7.884,0.0
clip_010,jitkażaw,38.792,7.884,0.0
clip_010,u,38.792,7.884,0.0
clip_010,joqtlu,38.792,7.884,0.0
clip_010,bil-ħars,38.792,7.884,0.0
clip_010,iżda,38.792,7.884,0.0
clip_010,pietru,38.792,7.884,0.0
clip_010,jserra,38.792,7.884,0.0
clip_010,ma,38.792,7.884,0.0
clip_010,serra,38.792,7.884,0.0
clip_010,linjama',38.792,7.884,0.0
clip_010,bil-wiċċ,38.792,7.884,0.0
clip_010,tal-banketta,38.792,7.884,0.0
clip_010,b',38.792,7.884,0.0
clip_010,kollox,38.792,7.884,0.0
clip_010,ma,38.792,7.884,0.0
clip_010,jirnexxilux,38.792,7.884,0.0
clip_010,jafashom,38.792,7.884,0.0
clip_010,eżadt,38.792,7.884,0.0
clip_010,f',38.792,7.884,0.0
clip_010,daqqa,38.792,7.884,0.0
clip_010,imma,38.792,7.884,0.0
clip_010,xorta,38.792,7.884,0.0
clip_010,waħda,38.792,7.884,0.0
clip_010,għax,38.792,7.884,0.0
clip_010,it-tejp,38.792,7.884,0.0
clip_010,jibda,38.792,7.884,0.0
clip_010,jdur,38.792,7.884,0.0
clip_010,kollox,38.792,7.884,0.0
clip_010,għarrimi,38.792,7.884,0.0
clip_010,issa,38.792,7.884,0.0
clip_011,fejn,2.0,0.072,0.0
clip_011,il-bieb,2.0,0.072,0.0
clip_011,tal-ħadid,2.0,0.072,0.0
clip_011,il-bieb,2.0,0.072,0.0
clip_011,l-isfar,4.0,0.16,0.0
clip_011,minn,4.0,0.16,0.0
clip_011,fejn,6.0,0.258,0.0
clip_011,toħroġ,6.0,0.258,0.0
clip_011,ġowi,47.786,12.791,0.0
clip_011,l-hendimen,47.786,12.791,0.0
clip_011,fil-barmil,47.786,12.791,0.0
clip_011,f',47.786,12.791,0.0
clip_011,idu,47.786,12.791,0.0
clip_011,alla,47.786,12.791,0.0
clip_011,l-imbierek,47.786,12.791,0.0
clip_011,ried,47.786,12.791,0.0
clip_011,jgħini,47.786,12.791,0.0
clip_011,it-tjubija,47.786,12.791,0.0
clip_011,tiegħu,47.786,12.791,0.0
clip_011,għerfu,47.786,12.791,0.0
clip_011,l-imħabba,47.786,12.791,0.0
clip_011,li,47.786,12.791,0.0
clip_011,kulħadd,47.786,12.791,0.0
clip_011,kellu,47.786,12.791,0.0
clip_011,għalih,47.786,12.791,0.0
clip_011,nislulu,47.786,12.791,0.0
clip_011,mibegħda,47.786,12.791,0.0
clip_011,kbira,47.786,12.791,0.0
clip_011,fil-qalb,47.786,12.791,0.0
clip_011,ta',47.786,12.791,0.0
clip_011,gaspru,47.786,12.791,0.0
clip_011,dalas,47.786,12.791,0.0
clip_011,madankollu,47.786,12.791,0.0
clip_011,gaspru,47.786,12.791,0.0
clip_011,kien,47.786,12.791,0.0
clip_011,juri,47.786,12.791,0.0
clip_011,ruħu,47.786,12.791,0.0
clip_011,il-bieb,47.786,12.791,0.0
clip_011,ta',47.786,12.791,0.0
clip_011,wara,47.786,12.791,0.0
clip_011,kien,47.786,12.791,0.0
clip_011,imsakkar,47.786,12.791,0.0
clip_011,irid,47.786,12.791,0.0
clip_011,noħroġ,47.786,12.791,0.0
clip_011,minn,47.786,12.791,0.0
clip_011,din,47.786,12.791,0.0
clip_011,il-gaġġa,47.786,12.791,0.0
clip_011,minkeja,47.786,12.791,0.0
clip_011,li,47.786,12.791,0.0
clip_011,kont,47.786,12.791,0.0
clip_011,nitwaħħax,47.786,12.791,0.0
clip_011,minnhom,47.786,12.791,0.0
clip_011,fissal-gottu,47.786,12.791,0.0
clip_011,l-kamr,47.786,12.791,0.0
clip_011,tal-pranzu,47.786,12.791,0.0
clip_011,kelli,47.786,12.791,0.0
clip_011,lpermess,47.786,12.791,0.0
clip_011,nidħol,47.786,12.791,0.0
clip_011,x',47.786,12.791,0.0
clip_011,kienirrid,47.786,12.791,0.0
clip_011,telaq,47.786,12.791,0.0
clip_011,ħa,47.786,12.791,0.0
clip_011,lura,47.786,12.791,0.0
clip_011,fuq,47.786,12.791,0.0
clip_011,l-imħadda,47.786,12.791,0.0
clip_011,u,47.786,12.791,0.0
clip_011,ftit,47.786,12.791,0.0
clip_011,wara,47.786,12.791,0.0
clip_011,rremettiet,47.786,12.791,0.0
clip_011,fortunatament,47.786,12.791,0.0
clip_011,malart,47.786,12.791,0.0
clip_011,dakinhar,47.786,12.791,0.0
clip_011,għall-ewwel,47.786,12.791,0.0
clip_011,darba,47.786,12.791,0.0
clip_011,tlewmu,47.786,12.791,0.0
clip_011,bil-kbir,47.786,12.791,0.0
clip_011,u,47.786,12.791,0.0
clip_011,inti,47.786,12.791,0.0
clip_011,sessaqsi,47.786,12.791,0.0
clip_011,lili,47.786,12.791,0.0
clip_011,wieġbu,47.786,12.791,0.0
clip_011,bl-istess,47.786,12.791,0.0
clip_011,aċċent,47.786,12.791,0.0
clip_011,imm,47.786,12.791,0.0
clip_011,alla,47.786,12.791,0.0
clip_011,l-imbirek,47.786,12.791,0.0
clip_011,ma,47.786,12.791,0.0
clip_011,jħallass,47.786,12.791,0.0
clip_011,nhar,47.786,12.791,0.0
clip_011,ta',47.786,12.791,0.0
clip_011,sibt,47.786,12.791,0.0
clip_011,gaspru,47.786,12.791,0.0
clip_011,dalas,47.786,12.791,0.0
clip_011,l-ispjun,47.786,12.791,0.0
clip_011,tal-ħakem,47.786,12.791,0.0
clip_011,u,47.786,12.791,0.0
clip_011,l-erba',47.786,12.791,0.0
clip_011,suldati,47.786,12.791,0.0
clip_011,li,47.786,12.791,0.0
clip_011,kellhom,47.786,12.791,0.0
clip_011,magħhom,47.786,12.791,0.0
clip_012,kif,2.0,0.063,0.0
clip_012,laġanni,10.0,0.504,0.0
clip_012,kien,10.0,0.504,0.0
clip_012,qed,10.0,0.504,0.0
clip_012,jgħin,10.0,0.504,0.0
clip_012,lil,10.0,0.504,0.0
clip_012,dawk,10.0,0.504,0.0
clip_012,in-nies,10.0,0.504,0.0
clip_012,tajjeb,10.0,0.504,0.0
clip_012,li,10.0,0.504,0.0
clip_012,tibqa',10.0,0.504,0.0
clip_012,tgħinhom,10.0,0.504,0.0
clip_012,hi,10.0,0.504,0.0
clip_012,jissa,32.0,4.36,0.0
clip_012,kwarta,32.0,4.36,0.0
clip_012,bil-qajla,36.23,6.854,0.0
clip_012,l-qajla,36.23,6.854,0.0
clip_012,waslu,36.23,6.854,0.0
clip_012,sal-gżira,36.23,6.854,0.0
clip_012,ċkejkna,36.23,6.854,0.0
clip_012,ta',36.23,6.854,0.0
clip_012,firfla,36.23,6.854,0.0
clip_012,u,36.23,6.854,0.0
clip_012,baqgħu,36.23,6.854,0.0
clip_012,deħlin,36.23,6.854,0.0
clip_012,fil-bajjel,36.23,6.854,0.0
clip_012,żgħira,36.23,6.854,0.0
clip_012,li,36.23,6.854,0.0
clip_012,kien,36.23,6.854,0.0
clip_012,hemm,36.23,6.854,0.0
clip_012,quddiemhom,36.23,6.854,0.0
clip_012,għaħda,36.23,6.854,0.0
clip_012,deffiżż-żewġt,36.23,6.854,0.0
clip_012,iswaba,36.23,6.854,0.0
clip_012,ġo,36.23,6.854,0.0
clip_012,l-fetħa,36.23,6.854,0.0
clip_012,ta',36.23,6.854,0.0
clip_012,ħalqu,36.23,6.854,0.0
clip_012,bdejt,36.23,6.854,0.0
clip_012,narraxlu,36.23,6.854,0.0
clip_012,lsienu,36.23,6.854,0.0
clip_012,ħallejtu,36.23,6.854,0.0
clip_012,jgħid,36.23,6.854,0.0
clip_012,fuq,36.23,6.854,0.0
clip_012,kemm,36.23,6.854,0.0
clip_012,bagħta,36.23,6.854,0.0
clip_012,inġustizzji,36.23,6.854,0.0
clip_012,politiċi,36.23,6.854,0.0
clip_012,vjolenza,36.23,6.854,0.0
clip_012,fiżika,36.23,6.854,0.0
clip_012,fuq,36.23,6.854,0.0
clip_012,kemm,36.23,6.854,0.0
clip_012,missieru,36.23,6.854,0.0
clip_012,qala,36.23,6.854,0.0
clip_012,transferts,36.23,6.854,0.0
clip_012,politiċi,36.23,6.854,0.0
clip_012,wkoll,36.23,6.854,0.0
clip_012,u,36.23,6.854,0.0
clip_012,issa,36.23,6.854,0.0
clip_012,qegħdin,36.23,6.854,0.0
clip_012,tajjeb,36.23,6.854,0.0
clip_012,m',36.23,6.854,0.0
clip_012,hemmx,36.23,6.854,0.0
clip_012,triq,36.23,6.854,0.0
clip_012,oħra,36.23,6.854,0.0
clip_012,mir-rokna,36.23,6.854,0.0
clip_012,tajnu,36.23,6.854,0.0
clip_012,ra,36.23,6.854,0.0
clip_012,li,36.23,6.854,0.0
clip_012,t-tielet,36.23,6.854,0.0
clip_012,wieħed,36.23,6.854,0.0
clip_012,jerġa',36.23,6.854,0.0
clip_012,jqum,36.23,6.854,0.0
clip_012,ma,36.23,6.854,0.0
clip_012,nibżax,36.23,6.854,0.0
clip_012,minnhek,36.23,6.854,0.0
clip_013,erika,2.0,0.064,0.0
clip_013,ma,2.0,0.064,0.0
clip_013,kelliex,42.0,9.078,0.0
clip_013,il-wiċċ,42.0,9.078,0.0
clip_013,titlob,42.0,9.078,0.0
clip_013,lura,42.0,9.078,0.0
clip_013,b',42.0,9.078,0.0
clip_013,jedd,42.0,9.078,0.0
clip_013,il-kwadru,42.0,9.078,0.0
clip_013,li,42.0,9.078,0.0
clip_013,ma,42.0,9.078,0.0
clip_013,kienx,42.0,9.078,0.0
clip_013,aktar,42.0,9.078,0.0
clip_013,tagħhom,42.0,9.078,0.0
clip_013,riku,42.0,9.078,0.0
clip_013,u,42.0,9.078,0.0
clip_013,minnufih,42.0,9.078,0.0
clip_013,inguterra,42.0,9.078,0.0
clip_013,tommew,42.0,9.078,0.0
clip_013,pellegrino,42.0,9.078,0.0
clip_013,w,42.0,9.078,0.0
clip_013,imperja,42.0,9.078,0.0
clip_013,li,42.0,9.078,0.0
clip_013,kienu,42.0,9.078,0.0
clip_013,kollha,42.0,9.078,0.0
clip_013,mde,44.0,10.28,0.0
clip_013,aħjar,44.0,10.28,0.0
clip_013,ajmej,44.0,10.28,0.0
clip_013,kemuv,55.153,29.073,0.0
clip_013,ix-xitwa,55.153,29.073,0.0
clip_013,t-tajba,55.153,29.073,0.0
clip_013,sur,55.153,29.073,0.0
clip_013,pitir,55.153,29.073,0.0
clip_013,ross,55.153,29.073,0.0
clip_013,u,55.153,29.073,0.0
clip_013,hekk,55.153,29.073,0.0
clip_013,kif,55.153,29.073,0.0
clip_013,lħasfur,55.153,29.073,0.0
clip_013,dawwar,55.153,29.073,0.0
clip_013,ħarstu,55.153,29.073,0.0
clip_013,l,55.153,29.073,0.0
clip_013,isfel,55.153,29.073,0.0
clip_013,jilmaħ,55.153,29.073,0.0
clip_013,lil-mejxi,55.153,29.073,0.0
clip_013,il,55.153,29.073,0.0
clip_013,bebuxu,55.153,29.073,0.0
clip_013,roberto,55.153,29.073,0.0
clip_013,beda,55.153,29.073,0.0
clip_013,jħoss,55.153,29.073,0.0
clip_013,it-tisfir,55.153,29.073,0.0
clip_013,f',55.153,29.073,0.0
clip_013,widnejh,55.153,29.073,0.0
clip_013,li,55.153,29.073,0.0
clip_013,kieku,55.153,29.073,0.0
clip_013,di,55.153,29.073,0.0
clip_013,l-kreatura,55.153,29.073,0.0
clip_013,tah,55.153,29.073,0.0
clip_013,lewwa,55.153,29.073,0.0
clip_013,indeskrivibbli,55.153,29.073,0.0
clip_013,tnewwah,55.153,29.073,0.0
clip_013,f',55.153,29.073,0.0
clip_013,idejh,55.153,29.073,0.0
clip_013,setgħet,55.153,29.073,0.0
clip_013,tkun,55.153,29.073,0.0
clip_013,taf,55.153,29.073,0.0
clip_013,x',55.153,29.073,0.0
clip_013,kien,55.153,29.073,0.0
clip_013,hemm,55.153,29.073,0.0
clip_013,les,55.153,29.073,0.0
clip_013,għalija,55.153,29.073,0.0
clip_013,ix-xemx,55.153,29.073,0.0
clip_013,kienet,55.153,29.073,0.0
clip_013,diġà,55.153,29.073,0.0
clip_013,waslet,55.153,29.073,0.0
clip_013,lejn,55.153,29.073,0.0
clip_013,nofsinhar,55.153,29.073,0.0
clip_013,dik,55.153,29.073,0.0
clip_013,il-ħabta,55.153,29.073,0.0
clip_013,kont,55.153,29.073,0.0
clip_013,għadni,55.153,29.073,0.0
clip_013,żagħżugħ,55.153,29.073,0.0
clip_013,tat,55.153,29.073,0.0
clip_013,tmintax,55.153,29.073,0.0
clip_013,sebgħin,55.153,29.073,0.0
clip_013,wieħed,55.153,29.073,0.0
clip_013,u,55.153,29.073,0.0
clip_013,sebgħin,55.153,29.073,0.0
clip_013,tiġi,55.153,29.073,0.0
clip_013,for,55.153,29.073,0.0
clip_013,tu,55.153,29.073,0.0
clip_013,siks,55.153,29.073,0.0
clip_014,inħoss,2.0,0.081,0.0
clip_014,hawn,2.0,0.081,0.0
clip_014,il-ħin,2.0,0.081,0.0
clip_014,kollu,4.0,0.155,0.0
clip_014,tħares,4.0,0.155,0.0
clip_014,lejja,4.0,0.155,0.0
clip_014,tara,6.0,0.245,0.0
clip_014,li,6.0,0.245,0.0
clip_014,nobdi,6.0,0.245,0.0
clip_014,kull,6.0,0.245,0.0
clip_014,ordni,8.0,0.366,0.0
clip_014,li,8.0,0.366,0.0
clip_014,tagħtni,8.0,0.366,0.0
clip_014,li,8.0,0.366,0.0
clip_014,nimxi,8.0,0.366,0.0
clip_014,fit-triq,44.0,10.138,0.0
clip_014,it-tajba,44.0,10.138,0.0
clip_014,jew,44.0,10.138,0.0
clip_014,tiġri,44.0,10.138,0.0
clip_014,min,60.0,32.267,0.0
clip_014,gar,64.748,44.748,0.0
clip_014,għall-oħra,64.748,44.748,0.0
clip_014,u,64.748,44.748,0.0
clip_014,terġa',64.748,44.748,0.0
clip_014,lura,64.748,44.748,0.0
clip_014,wara,64.748,44.748,0.0
clip_014,l-gwerra,64.748,44.748,0.0
clip_014,lejn,64.748,44.748,0.0
clip_014,artek,64.748,44.748,0.0
clip_014,mimli,64.748,44.748,0.0
clip_014,midalji,64.748,44.748,0.0
clip_014,u,64.748,44.748,0.0
clip_014,mimli,64.748,44.748,0.0
clip_014,ġih,64.748,44.748,0.0
clip_014,meta,64.748,44.748,0.0
clip_014,mbagħad,64.748,44.748,0.0
clip_014,wara,64.748,44.748,0.0
clip_014,l-form,64.748,44.748,0.0
clip_014,fajv,64.748,44.748,0.0
clip_014,bdejt,64.748,44.748,0.0
clip_014,nattendi,64.748,44.748,0.0
clip_014,għall-arti,64.748,44.748,0.0
clip_014,biss,64.748,44.748,0.0
clip_014,flimkien,64.748,44.748,0.0
clip_014,ma',64.748,44.748,0.0
clip_014,erba',64.748,44.748,0.0
clip_014,studenti,64.748,44.748,0.0
clip_014,oħra,64.748,44.748,0.0
clip_014,is-sur,64.748,44.748,0.0
clip_014,fenek,64.748,44.748,0.0
clip_014,tliem,64.748,44.748,0.0
clip_014,silenzjuż,64.748,44.748,0.0
clip_014,li,64.748,44.748,0.0
clip_014,trid,64.748,44.748,0.0
clip_014,tifhem,64.748,44.748,0.0
clip_014,biex,64.748,44.748,0.0
clip_014,tisimgħu,64.748,44.748,0.0
clip_014,u,64.748,44.748,0.0
clip_014,qabel,64.748,44.748,0.0
clip_014,qbaħat,64.748,44.748,0.0
clip_014,l-aħħar,64.748,44.748,0.0
clip_014,bagalja,64.748,44.748,0.0
clip_014,il,64.748,44.748,0.0
clip_014,fajt,64.748,44.748,0.0
clip_014,liż-żgħir,64.748,44.748,0.0
clip_014,u,64.748,44.748,0.0
clip_014,għidtlu,64.748,44.748,0.0
clip_014,biex,64.748,44.748,0.0
clip_014,xi,64.748,44.748,0.0
clip_014,darba,64.748,44.748,0.0
clip_014,meta,64.748,44.748,0.0
clip_014,jikber,64.748,44.748,0.0
clip_014,imma,64.748,44.748,0.0
clip_014,kull,64.748,44.748,0.0
clip_014,meta,64.748,44.748,0.0
clip_014,ndoqq,64.748,44.748,0.0
clip_014,it-tejb,64.748,44.748,0.0
clip_014,ximkien,64.748,44.748,0.0
clip_014,nismaħħa,64.748,44.748,0.0
clip_014,ħadd,64.748,44.748,0.0
clip_014,ma,64.748,44.748,0.0
clip_014,jagħti,64.748,44.748,0.0
clip_014,kasi,64.748,44.748,0.0
clip_014,is-sib,64.748,44.748,0.0
clip_014,lil,64.748,44.748,0.0
clip_014,salamander,64.748,44.748,0.0
clip_014,u,64.748,44.748,0.0
clip_014,dan,64.748,44.748,0.0
clip_014,għaliex,64.748,44.748,0.0
clip_014,is-saltna,64.748,44.748,0.0
clip_014,tal-fiddien,64.748,44.748,0.0
clip_014,tkun,64.748,44.748,0.0
clip_014,waslet,64.748,44.748,0.0
clip_014,fit-tarb,64.748,44.748,0.0
clip_014,kien,64.748,44.748,0.0
clip_014,imgħaddab,64.748,44.748,0.0
clip_014,għalih,64.748,44.748,0.0
clip_014,innifsu,64.748,44.748,0.0
clip_014,għax,64.748,44.748,0.0
clip_014,minflok,64.748,44.748,0.0
clip_014,iċ-ċamfir,64.748,44.748,0.0
clip_014,tas-sur,64.748,44.748,0.0
clip_014,borġ,64.748,44.748,0.0
clip_014,li,64.748,44.748,0.0
clip_014,l-pietru,64.748,44.748,0.0
clip_014,kien,64.748,44.748,0.0
clip_014,qalgw,64.748,44.748,0.0
clip_014,rigal,64.748,44.748,0.0
clip_014,ta',64.748,44.748,0.0
clip_014,ħamesliri,64.748,44.748,0.0
clip_015,kien,2.0,0.071,0.0
clip_015,et,16.0,1.131,0.0
clip_015,jitħeddel,16.0,1.131,0.0
clip_015,u,16.0,1.131,0.0
clip_015,ma,16.0,1.131,0.0
clip_015,kellux,16.0,1.131,0.0
clip_015,il-ħsieb,16.0,1.131,0.0
clip_015,li,16.0,1.131,0.0
clip_015,offri,22.0,2.038,0.0
clip_015,reżistenza,22.0,2.038,0.0
clip_015,wisq,22.0,2.038,0.0
clip_015,probabbli,22.0,2.038,0.0
clip_015,kellhom,22.0,2.038,0.0
clip_015,dil-ko-dil-kopja,22.0,2.038,0.0
clip_015,fl-istokk,22.0,2.038,0.0
clip_015,l-antik,22.0,2.038,0.0
clip_015,u,22.0,2.038,0.0
clip_015,ħarġuha,22.0,2.038,0.0
clip_015,fuq,22.0,2.038,0.0
clip_015,l-ixkaffa,22.0,2.038,0.0
clip_015,forsi,22.0,2.038,0.0
clip_015,tinbigħ,34.0,4.854,0.0
clip_015,is-segretarja,34.0,4.854,0.0
clip_015,kienet,34.0,4.854,0.0
clip_015,ma',34.0,4.854,0.0
clip_015,għadt,34.0,4.854,0.0
clip_015,ta',34.0,4.854,0.0
clip_015,studenti,34.0,4.854,0.0
clip_015,li,34.0,4.854,0.0
clip_015,kienu,34.0,4.854,0.0
clip_015,ilhom,34.0,4.854,0.0
clip_015,li,34.0,4.854,0.0
clip_015,bdew,34.0,4.854,0.0
clip_015,il-kors,34.0,4.854,0.0
clip_015,u,34.0,4.854,0.0
clip_015,li,34.0,4.854,0.0
clip_015,lilha,34.0,4.854,0.0
clip_015,tefaħħha,39.912,7.802,0.0
clip_015,ma',39.912,7.802,0.0
clip_015,dawk,39.912,7.802,0.0
clip_015,tal-bidu,39.912,7.802,0.0
clip_015,u,39.912,7.802,0.0
clip_015,ftit,39.912,7.802,0.0
clip_015,wara,39.912,7.802,0.0
clip_015,kienu,39.912,7.802,0.0
clip_015,ġew,39.912,7.802,0.0
clip_015,dawk,39.912,7.802,0.0
clip_015,it-tnejn,39.912,7.802,0.0
clip_015,u,39.912,7.802,0.0
clip_015,qaluli,39.912,7.802,0.0
clip_015,ħaw,39.912,7.802,0.0
clip_015,guf,39.912,7.802,0.0
clip_015,owkej,39.912,7.802,0.0
clip_015,imma,39.912,7.802,0.0
clip_015,setgħu,39.912,7.802,0.0
clip_015,kienu,39.912,7.802,0.0
clip_015,tal-er,39.912,7.802,0.0
clip_015,malta,39.912,7.802,0.0
clip_015,jien,39.912,7.802,0.0
clip_015,naf,39.912,7.802,0.0
clip_015,jew,39.912,7.802,0.0
clip_015,rojaler,39.912,7.802,0.0
clip_015,marok,39.912,7.802,0.0
clip_015,imbagħad,39.912,7.802,0.0
clip_015,xin,39.912,7.802,0.0
clip_015,l-istess,39.912,7.802,0.0
clip_015,riħ,39.912,7.802,0.0
clip_015,iwarrab,39.912,7.802,0.0
clip_015,ftit,39.912,7.802,0.0
clip_015,l-istess,39.912,7.802,0.0
clip_015,paġna,39.912,7.802,0.0
clip_015,terġa',39.912,7.802,0.0
clip_015,lura,39.912,7.802,0.0
clip_015,f',39.912,7.802,0.0
clip_015,posta,39.912,7.802,0.0
clip_016,ma,2.0,0.065,0.0
clip_016,kienx,2.0,0.065,0.0
clip_016,jaf,2.0,0.065,0.0
clip_016,kemm,2.0,0.065,0.0
clip_016,kien,2.0,0.065,0.0
clip_016,ilu,4.0,0.143,0.0
clip_016,ġolmażġar,42.0,9.041,0.0
clip_016,iżda,42.0,9.041,0.0
clip_016,kien,42.0,9.041,0.0
clip_016,qed,42.0,9.041,0.0
clip_016,iħoss,42.0,9.041,0.0
clip_016,li,42.0,9.041,0.0
clip_016,kien,42.0,9.041,0.0
clip_016,ilu,42.0,9.041,0.0
clip_016,ħafna,42.0,9.041,0.0
clip_016,knisja,42.0,9.041,0.0
clip_016,u,42.0,9.041,0.0
clip_016,maħfra,42.0,9.041,0.0
clip_016,lil,42.0,9.041,0.0
clip_016,kulħadd,42.0,9.041,0.0
clip_016,kont,42.0,9.041,0.0
clip_016,titħakkbija,50.879,15.845,0.0
clip_016,ridt,50.879,15.845,0.0
clip_016,indaħħal,50.879,15.845,0.0
clip_016,idejja,50.879,15.845,0.0
clip_016,fil-but,50.879,15.845,0.0
clip_016,tal-ġlekk,50.879,15.845,0.0
clip_016,tiegħu,50.879,15.845,0.0
clip_016,u,50.879,15.845,0.0
clip_016,ma,50.879,15.845,0.0
clip_016,tarax,50.879,15.845,0.0
clip_016,ajma,50.879,15.845,0.0
clip_016,hekk,50.879,15.845,0.0
clip_016,kien,50.879,15.845,0.0
clip_016,iservi,50.879,15.845,0.0
clip_016,ġranet,50.879,15.845,0.0
clip_016,bla,50.879,15.845,0.0
clip_016,ma,50.879,15.845,0.0
clip_016,jiqras,50.879,15.845,0.0
clip_016,u,50.879,15.845,0.0
clip_016,jwaħħal,50.879,15.845,0.0
clip_016,jwaħħal,50.879,15.845,0.0
clip_016,iżjed,50.879,15.845,0.0
clip_016,mitqieq,50.879,15.845,0.0
clip_016,ma',50.879,15.845,0.0
clip_016,ġun,50.879,15.845,0.0
clip_016,b'l-ilma,50.879,15.845,0.0
clip_016,biss,50.879,15.845,0.0
clip_016,wieħed,50.879,15.845,0.0
clip_016,u,50.879,15.845,0.0
clip_016,sebgħin,50.879,15.845,0.0
clip_016,dik,50.879,15.845,0.0
clip_016,kienet,50.879,15.845,0.0
clip_016,xi,50.879,15.845,0.0
clip_016,ħaġa,50.879,15.845,0.0
clip_016,naturali,50.879,15.845,0.0
clip_016,li,50.879,15.845,0.0
clip_016,seta',50.879,15.845,0.0
clip_016,jagħmelha,50.879,15.845,0.0
clip_016,kulħadd,50.879,15.845,0.0
clip_016,u,50.879,15.845,0.0
clip_016,tant,50.879,15.845,0.0
clip_016,kont,50.879,15.845,0.0
clip_016,mitluf,50.879,15.845,0.0
clip_016,naħseb,50.879,15.845,0.0
clip_016,u,50.879,15.845,0.0
clip_016,nipprova,50.879,15.845,0.0
clip_016,nifhem,50.879,15.845,0.0
clip_016,li,50.879,15.845,0.0
clip_016,ċ-ċaqlieqa,50.879,15.845,0.0
clip_016,tas-sur,50.879,15.845,0.0
clip_016,testa,50.879,15.845,0.0
clip_016,ħasbitni,50.879,15.845,0.0
clip_016,ivju,50.879,15.845,0.0
clip_016,dawntqid,50.879,15.845,0.0
clip_016,ju,50.879,15.845,0.0
clip_016,lbisik,50.879,15.845,0.0
clip_016,kienu,50.879,15.845,0.0
clip_016,ġew,50.879,15.845,0.0
clip_016,il-jum,50.879,15.845,0.0
clip_016,ta',50.879,15.845,0.0
clip_016,qabel,50.879,15.845,0.0
clip_016,bl-aħbar,50.879,15.845,0.0
clip_016,ta',50.879,15.845,0.0
clip_016,x',50.879,15.845,0.0
clip_016,kien,50.879,15.845,0.0
clip_016,għamel,50.879,15.845,0.0
clip_016,mkiel,50.879,15.845,0.0
clip_016,f',50.879,15.845,0.0
clip_016,ħal,50.879,15.845,0.0
clip_016,tartani,50.879,15.845,0.0
clip_016,u,50.879,15.845,0.0
clip_016,f'ħal,50.879,15.845,0.0
clip_016,tgħarxien,50.879,15.845,0.0
clip_016,ħa,50.879,15.845,0.0
clip_016,nibda,50.879,15.845,0.0
clip_016,minnek,50.879,15.845,0.0
clip_017,mela,2.0,0.067,0.0
clip_017,ġibu,6.0,0.238,0.0
clip_017,miegħak,28.0,3.347,0.0
clip_017,lil,28.0,3.347,0.0
clip_017,ġejmi,28.0,3.347,0.0
clip_017,jista',28.0,3.347,0.0
clip_017,jirlgħab,32.0,4.378,0.0
clip_017,maż-żgħira,32.0,4.378,0.0
clip_017,ma,32.0,4.378,0.0
clip_017,jgijmi,32.0,4.378,0.0
clip_017,meta,32.0,4.378,0.0
clip_017,sema',32.0,4.378,0.0
clip_017,dak,32.0,4.378,0.0
clip_017,l-gajat,34.0,4.957,0.0
clip_017,kollu,34.0,4.957,0.0
clip_017,in-nannu,34.0,4.957,0.0
clip_017,qam,34.0,4.957,0.0
clip_017,jiġri,34.0,4.957,0.0
clip_017,b',34.0,4.957,0.0
clip_017,ħażda,34.0,4.957,0.0
clip_017,kbira,34.0,4.957,0.0
clip_017,u,34.0,4.957,0.0
clip_017,staqsa,34.0,4.957,0.0
clip_017,lil,34.0,4.957,0.0
clip_017,weli,40.0,7.947,0.0
clip_017,x',40.0,7.947,0.0
clip_017,kien,40.0,7.947,0.0
clip_017,ġara,40.0,7.947,0.0
clip_017,forsi,40.0,7.947,0.0
clip_017,dil-konverżazzjoni,40.0,7.947,0.0
clip_017,kollha,40.0,7.947,0.0
clip_017,kienet,40.0,7.947,0.0
clip_017,reġ-reċta,40.0,7.947,0.0
clip_017,għalik,40.0,7.947,0.0
clip_017,għax,40.0,7.947,0.0
clip_017,għal,40.0,7.947,0.0
clip_017,xi,40.0,7.947,0.0
clip_017,raġuni,40.0,7.947,0.0
clip_017,li,40.0,7.947,0.0
clip_017,kon,40.0,7.947,0.0
clip_017,għadek,40.0,7.947,0.0
clip_017,ma,40.0,7.947,0.0
clip_017,stajtx,40.0,7.947,0.0
clip_017,tifhem,40.0,7.947,0.0
clip_017,setanka,40.0,7.947,0.0
clip_017,kien,40.0,7.947,0.0
clip_017,hemm,40.0,7.947,0.0
clip_017,xi,40.0,7.947,0.0
clip_017,ħadd,40.0,7.947,0.0
clip_017,ieħor,40.0,7.947,0.0
clip_017,ħasset,40.0,7.947,0.0
clip_017,il-preżenza,40.0,7.947,0.0
clip_017,ta',40.0,7.947,0.0
clip_017,tel,40.0,7.947,0.0
clip_017,barrani,40.0,7.947,0.0
clip_017,fil-karozza,40.0,7.947,0.0
clip_017,iżda,40.0,7.947,0.0
clip_017,ma,40.0,7.947,0.0
clip_017,kellha,40.0,7.947,0.0
clip_017,l-ebda,40.0,7.947,0.0
clip_017,ħajra,40.0,7.947,0.0
clip_017,tkun,40.0,7.947,0.0
clip_017,taf,40.0,7.947,0.0
clip_017,rikku,40.0,7.947,0.0
clip_017,kien,40.0,7.947,0.0
clip_017,ħasseb,44.303,11.481,0.0
clip_017,għal,44.303,11.481,0.0
clip_017,n,44.303,11.481,0.0
clip_017,al,44.303,11.481,0.0
clip_017,danukoll,44.303,11.481,0.0
clip_017,duluri,44.303,11.481,0.0
clip_017,ferħu,44.303,11.481,0.0
clip_017,b',44.303,11.481,0.0
clip_017,xulxin,44.303,11.481,0.0
clip_017,u,44.303,11.481,0.0
clip_017,daħlu,44.303,11.481,0.0
clip_017,kollha,44.303,11.481,0.0
clip_017,ġewwa,44.303,11.481,0.0
clip_017,fejn,44.303,11.481,0.0
clip_017,sabu,44.303,11.481,0.0
clip_017,d-dar,44.303,11.481,0.0
clip_017,bla,44.303,11.481,0.0
clip_017,mimsusa,44.303,11.481,0.0
clip_017,għax,44.303,11.481,0.0
clip_017,il-franċiżi,44.303,11.481,0.0
clip_017,ma,44.303,11.481,0.0
clip_017,kinux,44.303,11.481,0.0
clip_017,marru,44.303,11.481,0.0
clip_017,jżuruha,44.303,11.481,0.0
clip_017,du,44.303,11.481,0.0
clip_017,ju,44.303,11.481,0.0
clip_017,prej,44.303,11.481,0.0
clip_018,sidi,4.0,0.158,0.0
clip_018,kbir,4.0,0.158,0.0
clip_018,wisq,4.0,0.158,0.0
clip_018,ma,4.0,0.158,0.0
clip_018,inħossni,10.0,0.519,0.0
clip_018,nifga,10.0,0.519,0.0
clip_018,meta,10.0,0.519,0.0
clip_018,jaħfasma',54.0,21.217,0.0
clip_018,wiċċi,54.0,21.217,0.0
clip_018,mija,54.0,21.217,0.0
clip_018,tnejn,54.0,21.217,0.0
clip_018,u,54.0,21.217,0.0
clip_018,sittin,54.0,21.217,0.0
clip_018,imma,54.0,21.217,0.0
clip_018,is-sultan,54.0,21.217,0.0
clip_018,la,54.0,21.217,0.0
clip_018,valett,54.0,21.217,0.0
clip_018,ma,54.0,21.217,0.0
clip_018,kienx,54.0,21.217,0.0
clip_018,raġel,54.0,21.217,0.0
clip_018,li,54.0,21.217,0.0
clip_018,mla,54.0,21.217,0.0
clip_018,rasu,54.0,21.217,0.0
clip_018,bid-duħħan,54.0,21.217,0.0
clip_018,tal-vittorja,54.0,21.217,0.0
clip_018,u,54.0,21.217,0.0
clip_018,jinsa,54.0,21.217,0.0
clip_018,dmiru,54.0,21.217,0.0
clip_018,għalli,54.0,21.217,0.0
clip_018,ġej,54.0,21.217,0.0
clip_018,imma,54.0,21.217,0.0
clip_018,wkoll,54.0,21.217,0.0
clip_018,ghax,59.398,37.248,0.0
clip_018,kienu,59.398,37.248,0.0
clip_018,ħarbtulna,59.398,37.248,0.0
clip_018,ġidna,59.398,37.248,0.0
clip_018,għax,59.398,37.248,0.0
clip_018,kienu,59.398,37.248,0.0
clip_018,ħadulna,59.398,37.248,0.0
clip_018,d-drittijiet,59.398,37.248,0.0
clip_018,li,59.398,37.248,0.0
clip_018,kellna,59.398,37.248,0.0
clip_018,għax,59.398,37.248,0.0
clip_018,kienu,59.398,37.248,0.0
clip_018,ħasrulna,59.398,37.248,0.0
clip_018,-drawwiet,59.398,37.248,0.0
clip_018,tajba,59.398,37.248,0.0
clip_018,kollha,59.398,37.248,0.0
clip_018,mattew,59.398,37.248,0.0
clip_018,xi,59.398,37.248,0.0
clip_018,klimhu,59.398,37.248,0.0
clip_018,dan,59.398,37.248,0.0
clip_018,tiegħek,59.398,37.248,0.0
clip_018,xon,59.398,37.248,0.0
clip_018,kien,59.398,37.248,0.0
clip_018,jaf,59.398,37.248,0.0
clip_018,li,59.398,37.248,0.0
clip_018,sħabu,59.398,37.248,0.0
clip_018,kien,59.398,37.248,0.0
clip_018,qed,59.398,37.248,0.0
clip_018,jaħsbu,59.398,37.248,0.0
clip_018,dak,59.398,37.248,0.0
clip_018,li,59.398,37.248,0.0
clip_018,kien,59.398,37.248,0.0
clip_018,qed,59.398,37.248,0.0
clip_018,jaħseb,59.398,37.248,0.0
clip_018,hu,59.398,37.248,0.0
clip_018,li,59.398,37.248,0.0
clip_018,dawk,59.398,37.248,0.0
clip_018,kienu,59.398,37.248,0.0
clip_018,l-istess,59.398,37.248,0.0
clip_018,nies,59.398,37.248,0.0
clip_018,li,59.398,37.248,0.0
clip_018,qalbu,59.398,37.248,0.0
clip_018,r-razzetta,59.398,37.248,0.0
clip_018,taħt,59.398,37.248,0.0
clip_018,fuq,59.398,37.248,0.0
clip_018,u,59.398,37.248,0.0
clip_018,meta,59.398,37.248,0.0
clip_018,naraom,59.398,37.248,0.0
clip_018,jinkeddu,59.398,37.248,0.0
clip_018,kont,59.398,37.248,0.0
clip_018,nitla,59.398,37.248,0.0
clip_018,fis-seba',59.398,37.248,0.0
clip_018,semħa,59.398,37.248,0.0
clip_018,tomi,59.398,37.248,0.0
clip_018,niżel,59.398,37.248,0.0
clip_018,minn,59.398,37.248,0.0
clip_018,fuq,59.398,37.248,0.0
clip_018,ir-rota,59.398,37.248,0.0
clip_018,tiegħu,59.398,37.248,0.0
clip_018,u,59.398,37.248,0.0
clip_018,baqa',59.398,37.248,0.0
clip_018,ftit,59.398,37.248,0.0
clip_018,il,59.398,37.248,0.0
clip_018,bogħod,59.398,37.248,0.0
clip_018,mis-siġra,59.398,37.248,0.0
clip_018,għax,59.398,37.248,0.0
clip_018,xorta,59.398,37.248,0.0
clip_018,ma,59.398,37.248,0.0
clip_018,tantx,59.398,37.248,0.0
clip_018,kien,59.398,37.248,0.0
clip_018,qed,59.398,37.248,0.0
clip_018,jafdawarha,59.398,37.248,0.0
clip_018,-battikata,59.398,37.248,0.0
clip_018,li,59.398,37.248,0.0
clip_018,kien,59.398,37.248,0.0
clip_018,qed,59.398,37.248,0.0
clip_018,tgħtu,59.398,37.248,0.0
clip_018,l-ewwel,59.398,37.248,0.0
clip_018,darba,59.398,37.248,0.0
clip_018,li,59.398,37.248,0.0
clip_018,nqabad,59.398,37.248,0.0
clip_018,taħta,59.398,37.248,0.0
clip_018,xi,59.398,37.248,0.0
clip_018,drabi,59.398,37.248,0.0
clip_018,kienet,59.398,37.248,0.0
clip_018,ħoss,59.398,37.248,0.0
clip_018,qalba,59.398,37.248,0.0
clip_018,tingħafas,59.398,37.248,0.0
clip_018,lil,59.398,37.248,0.0
clip_018,maltempati,59.398,37.248,0.0
clip_018,ta',59.398,37.248,0.0
clip_018,żgħożithom,59.398,37.248,0.0
clip_018,kienu,59.398,37.248,0.0
clip_018,ġew,59.398,37.248,0.0
clip_018,ridotti,59.398,37.248,0.0
clip_018,għal,59.398,37.248,0.0
clip_018,dawk,59.398,37.248,0.0
clip_018,iż-żewġ,59.398,37.248,0.0
clip_018,bewsiet,59.398,37.248,0.0
clip_018,fuq,59.398,37.248,0.0
clip_018,truf,59.398,37.248,0.0
clip_018,subgħaja,59.398,37.248,0.0
clip_018,u,59.398,37.248,0.0
clip_018,mill-ewwel,59.398,37.248,0.0
clip_018,ġibet,59.398,37.248,0.0
clip_018,l-attenzjoni,59.398,37.248,0.0
clip_018,ta',59.398,37.248,0.0
clip_018,kulħadd,59.398,37.248,0.0
clip_018,għax,59.398,37.248,0.0
clip_018,din,59.398,37.248,0.0
clip_018,il-kelma,59.398,37.248,0.0
clip_018,kienet,59.398,37.248,0.0
clip_018,stramba,59.398,37.248,0.0
clip_018,għalihom,59.398,37.248,0.0
clip_019,xlubb,52.0,17.517,0.0
clip_019,qatt,52.0,17.517,0.0
clip_019,isma',52.0,17.517,0.0
clip_019,l-ilma,52.0,17.517,0.0
clip_019,nieżel,52.0,17.517,0.0
clip_019,mill-kamra,52.0,17.517,0.0
clip_019,l-oħra,52.0,17.517,0.0
clip_019,żobok,52.0,17.517,0.0
clip_019,jitbiel,52.0,17.517,0.0
clip_019,bis-sekondi,52.0,17.517,0.0
clip_019,ġismek,52.0,17.517,0.0
clip_019,għarqan,52.0,17.517,0.0
clip_019,xraba,52.0,17.517,0.0
clip_019,u,52.0,17.517,0.0
clip_019,riħa,52.0,17.517,0.0
clip_019,tintentiela,52.0,17.517,0.0
clip_019,minn,52.0,17.517,0.0
clip_019,taħ,52.0,17.517,0.0
clip_019,tgħabtek,52.0,17.517,0.0
clip_019,jew,52.0,17.517,0.0
clip_019,fdada,52.0,17.517,0.0
clip_019,bħal,52.0,17.517,0.0
clip_019,dik,52.0,17.517,0.0
clip_019,li,52.0,17.517,0.0
clip_019,tatni,52.0,17.517,0.0
clip_019,carolin,52.592,20.871,0.0
clip_019,inġib,52.592,20.871,0.0
clip_019,it-tpinġijiet,52.592,20.871,0.0
clip_019,tiegħi,52.592,20.871,0.0
clip_019,imma,52.592,20.871,0.0
clip_019,dawn,52.592,20.871,0.0
clip_019,ma,52.592,20.871,0.0
clip_019,jgħejjew,52.592,20.871,0.0
clip_019,qatt,52.592,20.871,0.0
clip_019,marija,52.592,20.871,0.0
clip_019,mill-banda,52.592,20.871,0.0
clip_019,l-oħra,52.592,20.871,0.0
clip_019,bogħod,52.592,20.871,0.0
clip_019,mill-maħbub,52.592,20.871,0.0
clip_019,tagħha,52.592,20.871,0.0
clip_019,bogħod,52.592,20.871,0.0
clip_019,minn,52.592,20.871,0.0
clip_019,pajjiża,52.592,20.871,0.0
clip_019,waqħet,52.592,20.871,0.0
clip_019,fis-swied,52.592,20.871,0.0
clip_019,ta',52.592,20.871,0.0
clip_019,qalb,52.592,20.871,0.0
clip_019,li,52.592,20.871,0.0
clip_019,jbeżża,52.592,20.871,0.0
clip_019,baqa'f,52.592,20.871,0.0
clip_019,moħħok,52.592,20.871,0.0
clip_019,dal-proxmu,52.592,20.871,0.0
clip_019,patri,52.592,20.871,0.0
clip_019,ġann,52.592,20.871,0.0
clip_019,litta,52.592,20.871,0.0
clip_019,u,52.592,20.871,0.0
clip_019,margat,52.592,20.871,0.0
clip_019,kap,52.592,20.871,0.0
clip_019,ta',52.592,20.871,0.0
clip_019,sant,52.592,20.871,0.0
clip_019,anġlu,52.592,20.871,0.0
clip_019,li,52.592,20.871,0.0
clip_019,kienu,52.592,20.871,0.0
clip_019,fuq,52.592,20.871,0.0
clip_019,il-bieb,52.592,20.871,0.0
clip_019,i,52.592,20.871,0.0
clip_019,ħarsu,52.592,20.871,0.0
clip_019,lejhom,52.592,20.871,0.0
clip_019,bkew,52.592,20.871,0.0
clip_019,it-tlieta,52.592,20.871,0.0
clip_019,bħal,52.592,20.871,0.0
clip_019,trabi,52.592,20.871,0.0
clip_019,b'kew,52.592,20.871,0.0
clip_019,il-ħitan,52.592,20.871,0.0
clip_019,kien,52.592,20.871,0.0
clip_019,jibki,52.592,20.871,0.0
clip_019,dallas,52.592,20.871,0.0
clip_019,kieku,52.592,20.871,0.0
clip_019,kien,52.592,20.871,0.0
clip_019,hemm,52.592,20.871,0.0
clip_019,mal-biek,52.592,20.871,0.0
clip_019,i,52.592,20.871,0.0
clip_019,u,52.592,20.871,0.0
clip_019,l-għajjat,52.592,20.871,0.0
clip_019,tat-tifla,52.592,20.871,0.0
clip_019,n-nies,52.592,20.871,0.0
clip_019,tad-dar,52.592,20.871,0.0
clip_019,kollha,52.592,20.871,0.0
clip_019,ġrew,52.592,20.871,0.0
clip_019,għalfejn,52.592,20.871,0.0
clip_019,il-marid,52.592,20.871,0.0
clip_019,le,52.592,20.871,0.0
clip_019,ibni,52.592,20.871,0.0
clip_019,u,52.592,20.871,0.0
clip_019,jekk,52.592,20.871,0.0
clip_019,dun,52.592,20.871,0.0
clip_019,belin,52.592,20.871,0.0
clip_019,jisma',52.592,20.871,0.0
clip_019,b',52.592,20.871,0.0
clip_019,xi,52.592,20.871,0.0
clip_019,ħaġa,52.592,20.871,0.0
clip_019,ftakar,52.592,20.871,0.0
clip_019,li,52.592,20.871,0.0
clip_019,meta,52.592,20.871,0.0
clip_019,mor,52.592,20.871,0.0
clip_019,na,52.592,20.871,0.0
clip_019,qand,52.592,20.871,0.0
clip_019,is-sur,52.592,20.871,0.0
clip_019,slaw,52.592,20.871,0.0
clip_019,jin,52.592,20.871,0.0
clip_019,kont,52.592,20.871,0.0
clip_019,għadni,52.592,20.871,0.0
clip_019,ma,52.592,20.871,0.0
clip_019,naf,52.592,20.871,0.0
clip_019,b',52.592,20.871,0.0
clip_019,xejn,52.592,20.871,0.0
clip_019,għax,52.592,20.871,0.0
clip_019,gamiltili,52.592,20.871,0.0
clip_019,kerhħa,52.592,20.871,0.0
clip_019,llejla,52.592,20.871,0.0
clip_020,u,2.0,0.071,0.0
clip_020,iva,2.0,0.071,0.0
clip_020,insomma,16.0,1.125,0.0
clip_020,qal,16.0,1.125,0.0
clip_020,malajr,16.0,1.125,0.0
clip_020,roberto,16.0,1.125,0.0
clip_020,hu,16.0,1.125,0.0
clip_020,kien,16.0,1.125,0.0
clip_020,winger,16.0,1.125,0.0
clip_020,tajjeb,16.0,1.125,0.0
clip_020,u,16.0,1.125,0.0
clip_020,allura,16.0,1.125,0.0
clip_020,l-bovis,16.0,1.125,0.0
clip_020,kien,16.0,1.125,0.0
clip_020,ħalih,16.0,1.125,0.0
clip_020,bi,16.0,1.125,0.0
clip_020,kwietu,16.0,1.125,0.0
clip_020,imma,16.0,1.125,0.0
clip_020,idit,16.0,1.125,0.0
clip_020,intom,16.0,1.125,0.0
clip_020,x',16.0,1.125,0.0
clip_020,se,16.0,1.125,0.0
clip_020,tagħmlu,16.0,1.125,0.0
clip_020,sakemm,16.0,1.125,0.0
clip_020,hemm,16.0,1.125,0.0
clip_020,il-ħajja,16.0,1.125,0.0
clip_020,hekk,16.0,1.125,0.0
clip_020,ittama,16.0,1.125,0.0
clip_020,u,16.0,1.125,0.0
clip_020,minkeja,22.0,2.034,0.0
clip_020,f',22.0,2.034,0.0
clip_020,kul,26.0,2.831,0.0
clip_020,ma,26.0,2.831,0.0
clip_020,jgħidu,26.0,2.831,0.0
clip_020,ftit,26.0,2.831,0.0
clip_020,huma,26.0,2.831,0.0
clip_020,dawk,26.0,2.831,0.0
clip_020,li,26.0,2.831,0.0
clip_020,ma,26.0,2.831,0.0
clip_020,jfittxu,26.0,2.831,0.0
clip_020,x',26.0,2.831,0.0
clip_020,kenn,26.0,2.831,0.0
clip_020,waqt,26.0,2.831,0.0
clip_020,bid,26.0,2.831,0.0
clip_020,qawwi,26.0,2.831,0.0
clip_020,mill-ajru,26.0,2.831,0.0
clip_020,u,26.0,2.831,0.0
clip_020,kulħadd,26.0,2.831,0.0
clip_020,kien,26.0,2.831,0.0
clip_020,jistenna,26.0,2.831,0.0
clip_020,l-xandru,26.0,2.831,0.0
clip_020,dieħel,26.0,2.831,0.0
clip_020,fuq,26.0,2.831,0.0
clip_020,l-idejn,26.0,2.831,0.0
clip_020,in-nannu,26.0,2.831,0.0
clip_020,tbissmilhom,26.0,2.831,0.0
clip_020,kellimhom,26.0,2.831,0.0
clip_020,bħas-soltu,26.0,2.831,0.0
clip_020,u,30.0,3.731,0.0
clip_020,ma,30.0,3.731,0.0
clip_020,ssemmilhom,30.0,3.731,0.0
clip_020,xejn,30.0,3.731,0.0
clip_020,dwar,30.0,3.731,0.0
clip_020,il-pipa,30.0,3.731,0.0
clip_020,tomi,30.0,3.731,0.0
clip_020,jaqbadha,30.0,3.731,0.0
clip_020,mill-polz,30.0,3.731,0.0
clip_020,u,30.0,3.731,0.0
clip_020,jgħolliha,30.03,4.225,0.0
clip_021,billi,2.0,0.063,0.0
clip_021,l-familja,2.0,0.063,0.0
clip_021,ta',2.0,0.063,0.0
clip_021,tomi,2.0,0.063,0.0
clip_021,kienu,2.0,0.063,0.0
clip_021,jemmnu,4.0,0.134,0.0
clip_021,li,4.0,0.134,0.0
clip_021,kienet,4.0,0.134,0.0
clip_021,il-verità,4.0,0.134,0.0
clip_021,ma,4.0,0.134,0.0
clip_021,jifissirx,6.0,0.228,0.0
clip_021,li,6.0,0.228,0.0
clip_021,kellu,6.0,0.228,0.0
clip_021,jemmen,6.0,0.228,0.0
clip_021,huwa,6.0,0.228,0.0
clip_021,wkoll,10.0,0.49,0.0
clip_021,kristjan,10.0,0.49,0.0
clip_021,tgħidli,10.0,0.49,0.0
clip_021,xejn,10.0,0.49,0.0
clip_021,kemm,10.0,0.49,0.0
clip_021,qed,10.0,0.49,0.0
clip_021,issolvi,44.0,10.26,0.0
clip_021,l-problema,44.0,10.26,0.0
clip_021,tad-din,44.0,10.26,0.0
clip_021,ja,44.0,10.26,0.0
clip_021,s-ser,44.0,10.26,0.0
clip_021,qalet,44.0,10.26,0.0
clip_021,wendili,44.0,10.26,0.0
clip_021,lmendi,44.0,10.26,0.0
clip_021,minn,44.0,10.26,0.0
clip_021,ġo,51.904,17.661,0.0
clip_021,ħdin,51.904,17.661,0.0
clip_021,id-daħna,51.904,17.661,0.0
clip_021,fid-diena,51.904,17.661,0.0
clip_021,instama',51.904,17.661,0.0
clip_021,leħen,51.904,17.661,0.0
clip_021,jgħid,51.904,17.661,0.0
clip_021,kelma,51.904,17.661,0.0
clip_021,waħda,51.904,17.661,0.0
clip_021,jason,51.904,17.661,0.0
clip_021,imma,51.904,17.661,0.0
clip_021,ġo,51.904,17.661,0.0
clip_021,fih,51.904,17.661,0.0
clip_021,kellu,51.904,17.661,0.0
clip_021,s-selvaġiżmu,51.904,17.661,0.0
clip_021,ta',51.904,17.661,0.0
clip_021,merħla,51.904,17.661,0.0
clip_021,mġewħa,51.904,17.661,0.0
clip_021,ta',51.904,17.661,0.0
clip_021,buffalos,51.904,17.661,0.0
clip_021,qed,51.904,17.661,0.0
clip_021,jaqsmu,51.904,17.661,0.0
clip_021,sevena,51.904,17.661,0.0
clip_021,u,51.904,17.661,0.0
clip_021,jekla,51.904,17.661,0.0
clip_021,waħda,51.904,17.661,0.0
clip_021,u,51.904,17.661,0.0
clip_021,lanqas,51.904,17.661,0.0
clip_021,l-oħra,51.904,17.661,0.0
clip_021,minħabba,51.904,17.661,0.0
clip_021,n-nuqqas,51.904,17.661,0.0
clip_021,ta',51.904,17.661,0.0
clip_021,diċenza,51.904,17.661,0.0
clip_021,fil-bajjiet,51.904,17.661,0.0
clip_021,tagħkom,51.904,17.661,0.0
clip_021,żewġ,51.904,17.661,0.0
clip_021,iqat,51.904,17.661,0.0
clip_021,ta',51.904,17.661,0.0
clip_021,ħitu,51.904,17.661,0.0
clip_021,jħares,51.904,17.661,0.0
clip_021,lejn,51.904,17.661,0.0
clip_021,nisa,51.904,17.661,0.0
clip_021,oħrajn,51.904,17.661,0.0
clip_021,toni,51.904,17.661,0.0
clip_021,bajjada,51.904,17.661,0.0
clip_021,kien,51.904,17.661,0.0
clip_021,ħireġ,51.904,17.661,0.0
clip_021,mid-dar,51.904,17.661,0.0
clip_021,missieri,51.904,17.661,0.0
clip_021,ma,51.904,17.661,0.0
clip_021,naf,51.904,17.661,0.0
clip_021,xgħamel,51.904,17.661,0.0
clip_021,għax,51.904,17.661,0.0
clip_021,dak,51.904,17.661,0.0
clip_021,l-affari,51.904,17.661,0.0
clip_021,ħobb,51.904,17.661,0.0
clip_021,iżommha,51.904,17.661,0.0
clip_021,mistura,51.904,17.661,0.0
clip_021,u,51.904,17.661,0.0
clip_021,kif,51.904,17.661,0.0
clip_021,għabet,51.904,17.661,0.0
clip_021,oħtu,51.904,17.661,0.0
clip_021,bħalma,51.904,17.661,0.0
clip_021,kelom,51.904,17.661,0.0
clip_021,bosta,51.904,17.661,0.0
clip_021,mil-qraba,51.904,17.661,0.0
clip_021,u,51.904,17.661,0.0
clip_021,l-ħbieb,51.904,17.661,0.0
clip_021,ta',51.904,17.661,0.0
clip_021,farruġ,51.904,17.661,0.0
clip_021,wisq,51.904,17.661,0.0
clip_021,drabi,51.904,17.661,0.0
clip_021,saqsa,51.904,17.661,0.0
clip_021,u,51.904,17.661,0.0
clip_021,kulħadd,51.904,17.661,0.0
clip_021,kelma,51.904,17.661,0.0
clip_021,waħda,51.904,17.661,0.0
clip_021,jgħidlu,51.904,17.661,0.0
clip_021,li,51.904,17.661,0.0
clip_021,joħtu,51.904,17.661,0.0
clip_021,ħadd,51.904,17.661,0.0
clip_021,ma',51.904,17.661,0.0
clip_021,ħada,51.904,17.661,0.0
clip_021,għajr,51.904,17.661,0.0
clip_021,it-torok,51.904,17.661,0.0
clip_022,raqda,2.0,0.073,0.0
clip_022,twila,2.0,0.073,0.0
clip_022,re,2.0,0.073,0.0
clip_022,pan,30.0,3.772,0.0
clip_022,krazju,30.0,3.772,0.0
clip_022,kienu,30.0,3.772,0.0
clip_022,l-elf,30.0,3.772,0.0
clip_022,disa,30.0,3.772,0.0
clip_022,mija,30.0,3.772,0.0
clip_022,tlieta,30.0,3.772,0.0
clip_022,u,30.0,3.772,0.0
clip_022,sittin,30.0,3.772,0.0
clip_022,inbdielt,44.0,10.18,0.0
clip_022,ħafna,44.0,10.18,0.0
clip_022,sakemm,44.0,10.18,0.0
clip_022,ma,44.0,10.18,0.0
clip_022,tridx,44.0,10.18,0.0
clip_022,noqdu,44.0,10.18,0.0
clip_022,għandi,44.0,10.18,0.0
clip_022,it-tifel,44.0,10.18,0.0
clip_022,kien,44.0,10.18,0.0
clip_022,qawwi,44.0,10.18,0.0
clip_022,u,44.0,10.18,0.0
clip_022,sħiħ,44.0,10.18,0.0
clip_022,ferriħ,44.0,10.18,0.0
clip_022,u,44.0,10.18,0.0
clip_022,fuq,44.0,10.18,0.0
clip_022,ruħu,44.0,10.18,0.0
clip_022,kif,44.0,10.18,0.0
clip_022,dejjem,44.0,10.18,0.0
clip_022,kien,44.0,10.18,0.0
clip_022,u,44.0,10.18,0.0
clip_022,ġilju,44.0,10.18,0.0
clip_022,li,44.0,10.18,0.0
clip_022,kienu,44.0,10.18,0.0
clip_022,jwaslu,44.0,10.18,0.0
clip_022,l-friegħi,44.0,10.18,0.0
clip_022,tagħhom,44.0,10.18,0.0
clip_022,saf',46.0,11.416,0.0
clip_022,ħoġorha,46.0,11.416,0.0
clip_022,ħosbiena,46.0,11.416,0.0
clip_022,għajnejha,46.0,11.416,0.0
clip_022,miksura,46.0,11.416,0.0
clip_022,pietru,46.0,11.416,0.0
clip_022,kien,46.0,11.416,0.0
clip_022,joqgħod,46.0,11.416,0.0
clip_022,jisma',46.0,11.416,0.0
clip_022,b',46.0,11.416,0.0
clip_022,attenzjoni,46.0,11.416,0.0
clip_022,kbira,46.0,11.416,0.0
clip_022,wi,46.0,11.416,0.0
clip_022,li,46.0,11.416,0.0
clip_022,kien,46.0,11.416,0.0
clip_022,ta',46.0,11.416,0.0
clip_022,sikwieti,46.0,11.416,0.0
clip_022,waqaf,46.0,11.416,0.0
clip_022,flin-nannu,46.0,11.416,0.0
clip_022,biex,46.0,11.416,0.0
clip_022,imerih,46.0,11.416,0.0
clip_022,fuq,46.0,11.416,0.0
clip_022,xi,46.0,11.416,0.0
clip_022,dettalji,46.0,11.416,0.0
clip_022,u,46.0,11.416,0.0
clip_022,jagħmilha,46.0,11.416,0.0
clip_022,tal-għaref,46.0,11.416,0.0
clip_022,qisu,46.0,11.416,0.0
clip_022,salamun,46.531,12.747,0.0
clip_022,it-tieni,46.531,12.747,0.0
clip_022,l-iskrivani,46.531,12.747,0.0
clip_022,fl-uffiċċju,46.531,12.747,0.0
clip_022,ta',46.531,12.747,0.0
clip_022,missieri,46.531,12.747,0.0
clip_022,kienu,46.531,12.747,0.0
clip_022,kollharġiel,46.531,12.747,0.0
clip_022,imma,46.531,12.747,0.0
clip_022,niftakar,46.531,12.747,0.0
clip_022,waħda,46.531,12.747,0.0
clip_022,ta',46.531,12.747,0.0
clip_022,tajpista,46.531,12.747,0.0
clip_022,il-qamar,46.531,12.747,0.0
clip_022,kien,46.531,12.747,0.0
clip_022,fadallu,46.531,12.747,0.0
clip_022,aktar,46.531,12.747,0.0
clip_022,minn,46.531,12.747,0.0
clip_022,siegħa,46.531,12.747,0.0
clip_022,biex,46.531,12.747,0.0
clip_022,jitla',46.531,12.747,0.0
clip_022,imma,46.531,12.747,0.0
clip_022,l-ajru,46.531,12.747,0.0
clip_022,kien,46.531,12.747,0.0
clip_022,ikħal,46.531,12.747,0.0
clip_022,daqs,46.531,12.747,0.0
clip_022,in-nir,46.531,12.747,0.0
clip_022,immorru,46.531,12.747,0.0
clip_023,konna,2.0,0.088,0.0
clip_023,nsejħulu,2.0,0.088,0.0
clip_023,ġurdien,4.0,0.164,0.0
clip_023,u,4.0,0.164,0.0
clip_023,nieħdu,4.0,0.164,0.0
clip_023,gost,4.0,0.164,0.0
clip_023,nimbuttawh,4.0,0.164,0.0
clip_023,b',4.0,0.164,0.0
clip_023,subgħajna,6.0,0.26,0.0
clip_023,u,6.0,0.26,0.0
clip_023,narawh,6.0,0.26,0.0
clip_023,jiġri,6.0,0.26,0.0
clip_023,fuq,6.0,0.26,0.0
clip_023,wiċċ,6.0,0.26,0.0
clip_023,il-mejda,8.0,0.392,0.0
clip_023,u,8.0,0.392,0.0
clip_023,x',8.0,0.392,0.0
clip_023,nista',8.0,0.392,0.0
clip_023,nagħmel,10.0,0.534,0.0
clip_023,jiena,10.0,0.534,0.0
clip_023,jinnotah,12.0,0.715,0.0
clip_023,illum,12.0,0.715,0.0
clip_023,u,12.0,0.715,0.0
clip_023,jinnotah,12.0,0.715,0.0
clip_023,għada,14.0,0.925,0.0
clip_023,ġonitin,14.0,0.925,0.0
clip_023,skopra,14.0,0.925,0.0
clip_023,li,14.0,0.925,0.0
clip_023,ġanni,14.0,0.925,0.0
clip_023,ma,14.0,0.925,0.0
clip_023,kienx,14.0,0.925,0.0
clip_023,qed,14.0,0.925,0.0
clip_023,juża,15.254,1.148,0.0
clip_023,t-tojlit,15.254,1.148,0.0
clip_023,ta',15.254,1.148,0.0
clip_023,barra,15.254,1.148,0.0
clip_024,interrogajta,4.0,0.133,0.0
clip_024,l-ewwel,4.0,0.133,0.0
clip_024,nett,4.0,0.133,0.0
clip_024,għax,4.0,0.133,0.0
clip_024,wħud,6.0,0.23,0.0
clip_024,minnhom,6.0,0.23,0.0
clip_024,aħjar,6.0,0.23,0.0
clip_024,jibqgħu,6.0,0.23,0.0
clip_024,ma,6.0,0.23,0.0
clip_024,jinkitbux,12.0,0.685,0.0
clip_024,għajnejh,12.0,0.685,0.0
clip_024,magħluqin,12.0,0.685,0.0
clip_024,bi,12.0,0.685,0.0
clip_024,tbissima,12.0,0.685,0.0
clip_024,dgħajfa,12.0,0.685,0.0
clip_024,u,12.0,0.685,0.0
clip_024,d-daqqa,12.0,0.685,0.0
clip_024,lità,16.0,1.15,0.0
clip_024,kienet,16.0,1.15,0.0
clip_024,qawwija,16.0,1.15,0.0
clip_024,mid-dehra,16.0,1.15,0.0
clip_024,għax,16.0,1.15,0.0
clip_024,ħadet,16.0,1.15,0.0
clip_024,skoss,16.0,1.15,0.0
clip_024,'il,16.0,1.15,0.0
clip_024,quddiem,16.0,1.15,0.0
clip_024,u,16.0,1.15,0.0
clip_024,baqa',41.131,9.038,0.0
clip_024,tnieżla,41.131,9.038,0.0
clip_024,mal-art,41.131,9.038,0.0
clip_024,tomi,41.131,9.038,0.0
clip_024,pietru,41.131,9.038,0.0
clip_024,ba,41.131,9.038,0.0
clip_024,ba-pietru,41.131,9.038,0.0
clip_024,baxxa,41.131,9.038,0.0
clip_024,rasu,41.131,9.038,0.0
clip_024,mħasseb,41.131,9.038,0.0
clip_024,u,41.131,9.038,0.0
clip_024,baqa',41.131,9.038,0.0
clip_024,sieket,41.131,9.038,0.0
clip_024,għal,41.131,9.038,0.0
clip_024,ftit,41.131,9.038,0.0
clip_024,kola,41.131,9.038,0.0
clip_024,ħassu,41.131,9.038,0.0
clip_024,jistħi,41.131,9.038,0.0
clip_024,jitkellem,41.131,9.038,0.0
clip_024,quddiemu,41.131,9.038,0.0
clip_024,tkelmu,41.131,9.038,0.0
clip_024,ftit,41.131,9.038,0.0
clip_024,iħarsilha,41.131,9.038,0.0
clip_024,f',41.131,9.038,0.0
clip_024,għajnejha,41.131,9.038,0.0
clip_024,u,41.131,9.038,0.0
clip_024,jarrafa,41.131,9.038,0.0
clip_024,dik,41.131,9.038,0.0
clip_024,ittbissima,41.131,9.038,0.0
clip_024,li,41.131,9.038,0.0
clip_024,dejjem,41.131,9.038,0.0
clip_024,iġ-ġegħlu,41.131,9.038,0.0
clip_024,jistħi,41.131,9.038,0.0
clip_024,għax,41.131,9.038,0.0
clip_024,qisha,41.131,9.038,0.0
clip_024,qet,41.131,9.038,0.0
clip_024,tkellmu,41.131,9.038,0.0
clip_024,u,41.131,9.038,0.0
clip_024,tgħidlu,41.131,9.038,0.0
clip_024,affarijiet,41.131,9.038,0.0
clip_024,li,41.131,9.038,0.0
clip_024,huma,41.131,9.038,0.0
clip_024,għalih,41.131,9.038,0.0
clip_024,u,41.131,9.038,0.0
clip_024,naqqas,41.131,9.038,0.0
clip_024,illogħob,41.131,9.038,0.0
clip_024,magħuh,41.131,9.038,0.0
clip_025,jattendi,2.0,0.091,0.0
clip_025,regolarment,2.0,0.091,0.0
clip_025,għal-laqħat,16.0,1.169,0.0
clip_025,eċċetra,16.0,1.169,0.0
clip_025,kien,16.0,1.169,0.0
clip_025,jingħata,16.0,1.169,0.0
clip_025,numri,16.0,1.169,0.0
clip_025,numru,16.0,1.169,0.0
clip_025,ta',16.0,1.169,0.0
clip_025,punti,16.0,1.169,0.0
clip_025,bħala,16.0,1.169,0.0
clip_025,rigall,42.0,9.062,0.0
clip_025,il-ħsieb,42.0,9.062,0.0
clip_025,tagħhom,42.0,9.062,0.0
clip_025,kien,42.0,9.062,0.0
clip_025,li,42.0,9.062,0.0
clip_025,din,42.0,9.062,0.0
clip_025,l-għaqda,42.0,9.062,0.0
clip_025,tiġbor,42.0,9.062,0.0
clip_025,flimkien,42.0,9.062,0.0
clip_025,il-maltin,42.0,9.062,0.0
clip_025,kollha,42.0,9.062,0.0
clip_025,mferxin,42.0,9.062,0.0
clip_025,mad-dinja,42.0,9.062,0.0
clip_025,biex,42.0,9.062,0.0
clip_025,tħeġġaġ,48.0,12.825,0.0
clip_025,fihom,48.0,12.825,0.0
clip_025,l-imħabba,48.0,12.825,0.0
clip_025,lejn,48.0,12.825,0.0
clip_025,il-sinna,48.0,12.825,0.0
clip_025,ta',48.0,12.825,0.0
clip_025,kull,48.0,12.825,0.0
clip_025,filgħodu,48.0,12.825,0.0
clip_025,kont,48.0,12.825,0.0
clip_025,tarah,48.0,12.825,0.0
clip_025,ibakkar,48.0,12.825,0.0
clip_025,u,48.0,12.825,0.0
clip_025,jerħila,48.0,12.825,0.0
clip_025,lejn,48.0,12.825,0.0
clip_025,ħeliqil,48.0,12.825,0.0
clip_025,barra,48.0,12.825,0.0
clip_025,mir-raħal,48.0,12.825,0.0
clip_025,bis-senter,48.0,12.825,0.0
clip_025,fuq,48.0,12.825,0.0
clip_025,spaltu,48.0,12.825,0.0
clip_025,u,48.0,12.825,0.0
clip_025,l-barżakka,48.0,12.825,0.0
clip_025,mdendla,48.0,12.825,0.0
clip_025,ma,48.0,12.825,0.0
clip_025,qaddu,48.0,12.825,0.0
clip_025,il-bieb,48.0,12.825,0.0
clip_025,imsakkar,48.0,12.825,0.0
clip_025,u,48.0,12.825,0.0
clip_025,ma,48.0,12.825,0.0
clip_025,nistax,48.0,12.825,0.0
clip_025,nidħol,48.0,12.825,0.0
clip_025,kont,48.0,12.825,0.0
clip_025,nintefa',50.84,15.912,0.0
clip_025,f',50.84,15.912,0.0
clip_025,dal-ġnien,50.84,15.912,0.0
clip_025,abbandunat,50.84,15.912,0.0
clip_025,fejn,50.84,15.912,0.0
clip_025,kien,50.84,15.912,0.0
clip_025,hemm,50.84,15.912,0.0
clip_025,ħafna,50.84,15.912,0.0
clip_025,qtates,50.84,15.912,0.0
clip_025,u,50.84,15.912,0.0
clip_025,kont,50.84,15.912,0.0
clip_025,noqgħod,50.84,15.912,0.0
clip_025,nippriti-nippridikalhom,50.84,15.912,0.0
clip_025,dwar,50.84,15.912,0.0
clip_025,dan,50.84,15.912,0.0
clip_025,kollu,50.84,15.912,0.0
clip_025,tomi,50.84,15.912,0.0
clip_025,ma,50.84,15.912,0.0
clip_025,kien,50.84,15.912,0.0
clip_025,jaf,50.84,15.912,0.0
clip_025,xejn,50.84,15.912,0.0
clip_025,ajn,50.84,15.912,0.0
clip_025,bak,50.84,15.912,0.0
clip_025,ħaj,50.84,15.912,0.0
clip_025,rumani,50.84,15.912,0.0
clip_025,għand,50.84,15.912,0.0
clip_025,ema,50.84,15.912,0.0
clip_025,kienu,50.84,15.912,0.0
clip_025,jmorru,50.84,15.912,0.0
clip_025,klijenti,50.84,15.912,0.0
clip_025,differenti,50.84,15.912,0.0
clip_025,taqsamhom,50.84,15.912,0.0
clip_025,fiġranet,50.84,15.912,0.0
clip_025,skont,50.84,15.912,0.0
clip_025,tiphom,50.84,15.912,0.0
clip_026,kontu,2.0,0.075,0.0
clip_026,hemm,2.0,0.075,0.0
clip_026,rajtu,2.0,0.075,0.0
clip_026,l-mejjet,6.0,0.245,0.0
clip_026,ġo,24.0,2.52,0.0
clip_026,sepin,26.0,2.947,0.0
clip_026,intasbt,36.0,5.961,0.0
clip_026,f',36.0,5.961,0.0
clip_026,kantunira,44.0,10.351,0.0
clip_026,tissindika,44.0,10.351,0.0
clip_026,s-sitwazzjoni,44.0,10.351,0.0
clip_026,waqt,44.0,10.351,0.0
clip_026,li,44.0,10.351,0.0
clip_026,manġon,44.0,10.351,0.0
clip_026,fetaħil-fajl,44.0,10.351,0.0
clip_026,li,44.0,10.351,0.0
clip_026,kellu,44.0,10.351,0.0
clip_026,-f',44.0,10.351,0.0
clip_026,idu,44.0,10.351,0.0
clip_026,u,44.0,10.351,0.0
clip_026,friska,44.0,10.351,0.0
clip_026,li,44.0,10.351,0.0
clip_026,jixxemx,44.0,10.351,0.0
clip_026,ma,44.0,10.351,0.0
clip_026,laħqit,44.0,10.351,0.0
clip_026,saħnet,44.0,10.351,0.0
clip_026,anki,44.0,10.351,0.0
clip_026,meta,44.0,10.351,0.0
clip_026,ħarġet,44.0,10.351,0.0
clip_026,minn,44.0,10.351,0.0
clip_026,wara,44.0,10.351,0.0
clip_026,sħab,44.0,10.351,0.0
clip_026,u,44.0,10.351,0.0
clip_026,l-ilma,44.0,10.351,0.0
clip_026,beda,44.0,10.351,0.0
clip_026,jiddi,44.0,10.351,0.0
clip_026,lewn,44.0,10.351,0.0
clip_026,il-għasel,44.0,10.351,0.0
clip_026,kull,44.0,10.351,0.0
clip_026,minn,44.0,10.351,0.0
clip_026,kien,44.0,10.351,0.0
clip_026,fuq,44.0,10.351,0.0
clip_026,il-vapur,44.0,10.351,0.0
clip_026,resaq,44.0,10.351,0.0
clip_026,jiffolla,44.0,10.351,0.0
clip_026,lejn,44.0,10.351,0.0
clip_026,il-bibien,44.0,10.351,0.0
clip_026,daħlulna',62.0,36.692,0.0
clip_026,fis-sala,62.0,36.692,0.0
clip_026,fejn,62.0,36.692,0.0
clip_026,jilqgħu,62.0,36.692,0.0
clip_026,n-nies,62.0,36.692,0.0
clip_026,u,62.0,36.692,0.0
clip_026,l-ewwel,62.0,36.692,0.0
clip_026,ħaġa,62.0,36.692,0.0
clip_026,li,62.0,36.692,0.0
clip_026,wrewna,62.0,36.692,0.0
clip_026,kienu,62.0,36.692,0.0
clip_026,l-vtrini,62.0,36.692,0.0
clip_026,mimlija,62.0,36.692,0.0
clip_026,b',62.0,36.692,0.0
clip_026,ċejjaġ,62.0,36.692,0.0
clip_026,tal-gwerra,62.0,36.692,0.0
clip_026,kif,62.0,36.692,0.0
clip_026,dejjem,62.0,36.692,0.0
clip_026,tagħmel,62.0,36.692,0.0
clip_026,meta,62.0,36.692,0.0
clip_026,jkunu,62.0,36.692,0.0
clip_026,bilqiegħd,62.0,36.692,0.0
clip_026,haun,62.0,36.692,0.0
clip_026,flimkien,62.0,36.692,0.0
clip_026,jew,62.0,36.692,0.0
clip_026,kull,62.0,36.692,0.0
clip_026,meta,62.0,36.692,0.0
clip_026,jkunu,62.0,36.692,0.0
clip_026,fis-sodda,62.0,36.692,0.0
clip_026,uu,62.0,36.692,0.0
clip_026,rieqed,62.0,36.692,0.0
clip_026,hima,62.0,36.692,0.0
clip_026,tistax,62.0,36.692,0.0
clip_026,isibkwiet,62.0,36.692,0.0
clip_026,minħabba,62.0,36.692,0.0
clip_026,lin-nħir,66.0,45.125,0.0
clip_026,tiegħu,66.0,45.125,0.0
clip_026,raw,66.0,45.125,0.0
clip_026,follha,66.0,45.125,0.0
clip_026,mmarkati,66.0,45.125,0.0
clip_026,iggranfati,66.0,45.125,0.0
clip_026,f',66.0,45.125,0.0
clip_026,xulxin,66.0,45.125,0.0
clip_026,b',66.0,45.125,0.0
clip_026,xi,66.0,45.125,0.0
clip_026,riġ,66.0,45.125,0.0
clip_026,tal-barbaġan,66.0,45.125,0.0
clip_026,itir,66.0,45.125,0.0
clip_026,madwarhom,66.0,45.125,0.0
clip_026,ma,66.0,45.125,0.0
clip_026,kellux,66.0,45.125,0.0
clip_026,wisq,66.0,45.125,0.0
clip_026,ma,66.0,45.125,0.0
clip_026,kellux,66.0,45.125,0.0
clip_026,wisq,66.0,45.125,0.0
clip_026,x',66.0,45.125,0.0
clip_026,jagħmel,66.0,45.125,0.0
clip_026,ħlief,66.0,45.125,0.0
clip_026,meta,66.0,45.125,0.0
clip_026,nkienu,66.0,45.125,0.0
clip_026,jiġu,66.0,45.125,0.0
clip_026,xi,66.0,45.125,0.0
clip_026,nies,66.0,45.125,0.0
clip_026,intressati,66.0,45.125,0.0
clip_026,biex,66.0,45.125,0.0
clip_026,jixtru,66.0,45.125,0.0
clip_026,il-post,66.0,45.125,0.0
clip_026,kamra,66.0,45.125,0.0
clip_026,hija,66.0,45.125,0.0
clip_026,din,66.0,45.125,0.0
clip_026,li,66.0,45.125,0.0
clip_026,tieħdok,66.0,45.125,0.0
clip_026,minn,66.0,45.125,0.0
clip_026,isfel,66.0,45.125,0.0
clip_026,għal,66.0,45.125,0.0
clip_026,fuq,66.0,45.125,0.0
clip_026,u,66.0,45.125,0.0
clip_026,bilkontra,66.0,45.125,0.0
clip_026,xi,66.0,45.125,0.0
clip_026,ftit,66.0,45.125,0.0
clip_026,ħin,66.0,45.125,0.0
clip_026,ma,66.0,45.125,0.0
clip_026,nagħmlux,66.0,45.125,0.0
clip_026,mgħod,66.257,54.782,0.0
clip_027,tiċer,2.0,0.069,0.0
clip_027,u,2.0,0.069,0.0
clip_027,aktar,4.0,0.154,0.0
clip_027,tard,4.0,0.154,0.0
clip_027,tħalt,6.0,0.242,0.0
clip_027,il-kulleġġ,6.0,0.242,0.0
clip_027,tal-għalliema,6.0,0.242,0.0
clip_027,qisu,6.0,0.242,0.0
clip_027,qed,8.0,0.368,0.0
clip_027,jistaħba,8.0,0.368,0.0
clip_027,qatt,8.0,0.368,0.0
clip_027,taħt,8.0,0.368,0.0
clip_027,il-wiċċ,12.0,0.683,0.0
clip_027,sa,12.0,0.683,0.0
clip_027,geddumu,12.0,0.683,0.0
clip_027,o,12.0,0.683,0.0
clip_027,binti,12.0,0.683,0.0
clip_027,qiegħdha,28.0,3.258,0.0
clip_027,tgewden,33.603,4.935,0.0
clip_027,xi,33.603,4.935,0.0
clip_027,darba,33.603,4.935,0.0
clip_027,niltaqgħu,33.603,4.935,0.0
clip_027,niħdu,33.603,4.935,0.0
clip_027,trink,33.603,4.935,0.0
clip_027,flimkien,33.603,4.935,0.0
clip_027,xi,33.603,4.935,0.0
clip_027,tgħid,33.603,4.935,0.0
clip_027,għal,33.603,4.935,0.0
clip_027,lippu,33.603,4.935,0.0
clip_027,is-sinjura,33.603,4.935,0.0
clip_027,manini,33.603,4.935,0.0
clip_027,sejħet,33.603,4.935,0.0
clip_027,malajr,33.603,4.935,0.0
clip_027,lit-tabib,33.603,4.935,0.0
clip_027,tagħha,33.603,4.935,0.0
clip_027,griek,33.603,4.935,0.0
clip_027,li,33.603,4.935,0.0
clip_027,kien,33.603,4.935,0.0
clip_027,ilu,33.603,4.935,0.0
clip_027,bosta,33.603,4.935,0.0
clip_027,snin,33.603,4.935,0.0
clip_027,malta,33.603,4.935,0.0
clip_027,u,33.603,4.935,0.0
clip_027,kien,33.603,4.935,0.0
clip_027,imsemmi,33.603,4.935,0.0
clip_027,wisq,33.603,4.935,0.0
clip_027,għal,33.603,4.935,0.0
clip_027,ħerfu,33.603,4.935,0.0
clip_027,fejn,33.603,4.935,0.0
clip_027,nora,33.603,4.935,0.0
clip_027,qatt,33.603,4.935,0.0
clip_027,mint,33.603,4.935,0.0
clip_027,ser,33.603,4.935,0.0
clip_027,terġa',33.603,4.935,0.0
clip_027,taħseb,33.603,4.935,0.0
clip_027,fija,33.603,4.935,0.0
clip_027,x',33.603,4.935,0.0
clip_027,makakker,33.603,4.935,0.0
clip_027,hija,33.603,4.935,0.0
clip_027,dik,33.603,4.935,0.0
clip_028,li,2.0,0.063,0.0
clip_028,tipproduċi,2.0,0.063,0.0
clip_028,din,2.0,0.063,0.0
clip_028,l-għodda,2.0,0.063,0.0
clip_028,xi,2.0,0.063,0.0
clip_028,ħud,4.0,0.131,0.0
clip_028,mill-istampi,4.0,0.131,0.0
clip_028,ħarġu,4.0,0.131,0.0
clip_028,skuri,4.0,0.131,0.0
clip_028,żżejjed,6.0,0.224,0.0
clip_028,u,6.0,0.224,0.0
clip_028,lu,6.0,0.224,0.0
clip_028,beda,8.0,0.35,0.0
clip_028,jieħu,8.0,0.35,0.0
clip_028,nifsijied,8.0,0.35,0.0
clip_028,twal,8.0,0.35,0.0
clip_028,biex,8.0,0.35,0.0
clip_028,jikkalma,14.0,0.868,0.0
clip_028,jew,14.0,0.868,0.0
clip_028,jarahom,14.0,0.868,0.0
clip_028,dejjem,14.0,0.868,0.0
clip_028,jew,14.0,0.868,0.0
clip_028,ma,14.0,0.868,0.0
clip_028,jarahom,14.0,0.868,0.0
clip_028,qgatt,52.741,26.022,0.0
clip_028,lezzħef,52.741,26.022,0.0
clip_028,sam,52.741,26.022,0.0
clip_028,fan,52.741,26.022,0.0
clip_028,f',52.741,26.022,0.0
clip_028,dik,52.741,26.022,0.0
clip_028,il-ħemda,52.741,26.022,0.0
clip_028,taqa',52.741,26.022,0.0
clip_028,fuq,52.741,26.022,0.0
clip_028,kollox,52.741,26.022,0.0
clip_028,fl-aħħar,52.741,26.022,0.0
clip_028,sigħat,52.741,26.022,0.0
clip_028,qabel,52.741,26.022,0.0
clip_028,jisbaħ,52.741,26.022,0.0
clip_028,moħ,52.741,26.022,0.0
clip_028,peter,52.741,26.022,0.0
clip_028,instama',52.741,26.022,0.0
clip_028,ċar,52.741,26.022,0.0
clip_028,u,52.741,26.022,0.0
clip_028,luċidu,52.741,26.022,0.0
clip_028,baqgħet,52.741,26.022,0.0
clip_028,tilgħab,52.741,26.022,0.0
clip_028,bil-ħsieb,52.741,26.022,0.0
clip_028,għal-ħin,52.741,26.022,0.0
clip_028,twil,52.741,26.022,0.0
clip_028,jiġru,52.741,26.022,0.0
clip_028,bla,52.741,26.022,0.0
clip_028,waqfien,52.741,26.022,0.0
clip_028,kienu,52.741,26.022,0.0
clip_028,telgħu,52.741,26.022,0.0
clip_028,l-għolja,52.741,26.022,0.0
clip_028,kollha,52.741,26.022,0.0
clip_028,u,52.741,26.022,0.0
clip_028,issa,52.741,26.022,0.0
clip_028,sabu,52.741,26.022,0.0
clip_028,għurwiehhom,52.741,26.022,0.0
clip_028,sejrin,52.741,26.022,0.0
clip_028,lejn,52.741,26.022,0.0
clip_028,il-wardija,52.741,26.022,0.0
clip_028,jew,52.741,26.022,0.0
clip_028,forsi,52.741,26.022,0.0
clip_028,b',52.741,26.022,0.0
clip_028,xi,52.741,26.022,0.0
clip_028,mod,52.741,26.022,0.0
clip_028,irnexxielek,52.741,26.022,0.0
clip_028,tikkonvinċi,52.741,26.022,0.0
clip_028,liż-żħir,52.741,26.022,0.0
clip_028,ta'rapa,52.741,26.022,0.0
clip_028,kompla,52.741,26.022,0.0
clip_028,l-fiddien,52.741,26.022,0.0
clip_028,kellu,52.741,26.022,0.0
clip_028,x,52.741,26.022,0.0
clip_028,i,52.741,26.022,0.0
clip_028,jgħid,52.741,26.022,0.0
clip_028,ma',52.741,26.022,0.0
clip_028,xi,52.741,26.022,0.0
clip_028,ħadd,52.741,26.022,0.0
clip_028,u,52.741,26.022,0.0
clip_028,f',52.741,26.022,0.0
clip_028,nofs,52.741,26.022,0.0
clip_028,l-argument,52.741,26.022,0.0
clip_028,qabad,52.741,26.022,0.0
clip_028,it-trjangle,52.741,26.022,0.0
clip_028,tal-biljard,52.741,26.022,0.0
clip_028,u,52.741,26.022,0.0
clip_028,sabbatha,52.741,26.022,0.0
clip_028,mal-art,52.741,26.022,0.0
clip_028,u,52.741,26.022,0.0
clip_028,ġaba,52.741,26.022,0.0
clip_028,tnejn,52.741,26.022,0.0
clip_028,aleksandra,52.741,26.022,0.0
clip_028,nsied,52.741,26.022,0.0
clip_028,iż-żibeġ,52.741,26.022,0.0
clip_028,u,52.741,26.022,0.0
clip_028,l-fjuri,52.741,26.022,0.0
clip_028,ta',52.741,26.022,0.0
clip_028,ġo,52.741,26.022,0.0
clip_028,xara,52.741,26.022,0.0
clip_028,u,52.741,26.022,0.0
clip_028,kienet,52.741,26.022,0.0
clip_028,tqatta',52.741,26.022,0.0
clip_028,l-ġranet,52.741,26.022,0.0
clip_028,maġenbu,52.741,26.022,0.0
clip_029,hemm,2.0,0.071,0.0
clip_029,xi,2.0,0.071,0.0
clip_029,ħaġa,2.0,0.071,0.0
clip_029,interessanti,4.0,0.136,0.0
clip_029,staqsitha,18.0,1.396,0.0
clip_029,ani,22.0,2.02,0.0
clip_029,waqt,22.0,2.02,0.0
clip_029,li,22.0,2.02,0.0
clip_029,bdiet,22.0,2.02,0.0
clip_029,titfal,22.0,2.02,0.0
clip_029,lożor,22.0,2.02,0.0
clip_029,linvesti,24.0,2.411,0.0
clip_029,li,24.0,2.411,0.0
clip_029,kienet,24.0,2.411,0.0
clip_029,għadha,24.0,2.411,0.0
clip_029,kif,24.0,2.411,0.0
clip_029,qelgħet,24.0,2.411,0.0
clip_029,minn,24.0,2.411,0.0
clip_029,fuq,24.0,2.411,0.0
clip_029,is-sodda,24.0,2.411,0.0
clip_029,għal,24.0,2.411,0.0
clip_029,ġotrolli,24.0,2.411,0.0
clip_029,tal-bjankerija,24.0,2.411,0.0
clip_029,al-ħasil,40.0,7.945,0.0
clip_029,spataxit-tfal,42.0,9.084,0.0
clip_029,ta',42.0,9.084,0.0
clip_029,ġannina,42.0,9.084,0.0
clip_029,ssajf,42.0,9.084,0.0
clip_029,il-kaptan,42.0,9.084,0.0
clip_029,tar-rikażli,46.0,11.588,0.0
clip_029,wiġi,46.0,11.588,0.0
clip_029,silatto,46.0,11.588,0.0
clip_029,spara,46.0,11.588,0.0
clip_029,kanun,46.0,11.588,0.0
clip_029,għal,46.0,11.588,0.0
clip_029,fuq,46.0,11.588,0.0
clip_029,ġifen,46.0,11.588,0.0
clip_029,franċiż,46.0,11.588,0.0
clip_029,li,46.0,11.588,0.0
clip_029,resaq,46.0,11.588,0.0
clip_029,lejn,46.0,11.588,0.0
clip_029,il-port,46.0,11.588,0.0
clip_029,iżżejjed,46.0,11.588,0.0
clip_029,estella,46.0,11.588,0.0
clip_029,ħarset,46.0,11.588,0.0
clip_029,lejn,46.0,11.588,0.0
clip_029,ix-xitla,46.0,11.588,0.0
clip_029,li,46.0,11.588,0.0
clip_029,kellha,46.0,11.588,0.0
clip_029,fil-ġnien,46.0,11.588,0.0
clip_029,imxebilka,46.0,11.588,0.0
clip_029,mal-ħajt,46.0,11.588,0.0
clip_029,li,46.0,11.588,0.0
clip_029,jagħti,46.0,11.588,0.0
clip_029,għal,46.0,11.588,0.0
clip_029,sqaq,46.0,11.588,0.0
clip_029,l-infern,46.0,11.588,0.0
clip_029,lanqas,46.0,11.588,0.0
clip_029,idea,46.0,11.588,0.0
clip_029,ta',46.0,11.588,0.0
clip_029,x',46.0,11.588,0.0
clip_029,ħin,46.0,11.588,0.0
clip_029,jista',46.0,11.588,0.0
clip_029,sar,46.0,11.588,0.0
clip_029,issa,46.0,11.588,0.0
clip_029,intom,46.0,11.588,0.0
clip_029,kollha,46.0,11.588,0.0
clip_029,xhiedha,46.0,11.588,0.0
clip_029,li,46.0,11.588,0.0
clip_029,jien,46.0,11.588,0.0
clip_029,ma,46.0,11.588,0.0
clip_029,kelli,46.0,11.588,0.0
clip_029,ebda,46.0,11.588,0.0
clip_029,tort,46.0,11.588,0.0
clip_029,f',46.0,11.588,0.0
clip_029,dan,46.0,11.588,0.0
clip_029,li,46.0,11.588,0.0
clip_029,ġara,46.0,11.588,0.0
clip_029,qħal,46.0,11.588,0.0
clip_029,lin-nies,46.0,11.588,0.0
clip_029,b',46.0,11.588,0.0
clip_029,wiċċu,46.0,11.588,0.0
clip_029,jiexel,46.0,11.588,0.0
clip_029,bi,46.0,11.588,0.0
clip_029,tbissima,46.0,11.588,0.0
clip_029,ta',46.0,11.588,0.0
clip_029,sodisfazzjon,46.0,11.588,0.0
clip_029,nafu,46.0,11.588,0.0
clip_029,kemm,46.0,11.588,0.0
clip_029,ġoger,47.742,15.236,0.0
clip_029,jaħraq,47.742,15.236,0.0
clip_029,kaloriji,47.742,15.236,0.0
clip_029,waqt,47.742,15.236,0.0
clip_029,il-ġirja,47.742,15.236,0.0
clip_029,tiegħu,47.742,15.236,0.0
clip_030,biex,2.0,0.068,0.0
clip_030,imorru,2.0,0.068,0.0
clip_030,warajhom,2.0,0.068,0.0
clip_030,ridu,38.0,6.964,0.0
clip_030,nitilgħu,38.0,6.964,0.0
clip_030,il,52.0,18.665,0.0
clip_030,inn,52.0,18.665,0.0
clip_030,'il,52.0,18.665,0.0
clip_030,fuq,52.0,18.665,0.0
clip_030,u,52.0,18.665,0.0
clip_030,rietu,52.0,18.665,0.0
clip_030,b',52.0,18.665,0.0
clip_030,subħajhalimnaħa,54.0,22.023,0.0
clip_030,l-idea,54.0,22.023,0.0
clip_030,tagħna,54.0,22.023,0.0
clip_030,kienat,54.0,22.023,0.0
clip_030,ġiet,54.0,22.023,0.0
clip_030,milqugħa,54.0,22.023,0.0
clip_030,minn,54.0,22.023,0.0
clip_030,tarfs,54.0,22.023,0.0
clip_030,ieħor,54.0,22.023,0.0
clip_030,ħarġtilha,54.0,22.023,0.0
clip_030,dik,54.0,22.023,0.0
clip_030,il-karba,54.0,22.023,0.0
clip_030,tagħha,54.0,22.023,0.0
clip_030,ħarġet,54.0,22.023,0.0
clip_030,len,54.0,22.023,0.0
clip_030,sorraħżgħira,54.0,22.023,0.0
clip_030,li,54.0,22.023,0.0
clip_030,kient,54.0,22.023,0.0
clip_030,iegħdet,54.0,22.023,0.0
clip_030,ftit,54.0,22.023,0.0
clip_030,qabel,54.0,22.023,0.0
clip_030,fuq,54.0,22.023,0.0
clip_030,ixriek,56.0,25.67,0.0
clip_030,tal-bitħa,56.0,25.67,0.0
clip_030,u,56.0,25.67,0.0
clip_030,ħabżilha,56.0,25.67,0.0
clip_030,dmugħ,56.0,25.67,0.0
clip_030,minn,56.0,25.67,0.0
clip_030,għajnejha,56.0,25.67,0.0
clip_030,sibt,56.0,25.67,0.0
clip_030,ruħ,56.0,25.67,0.0
clip_030,imiċja,56.0,25.67,0.0
clip_030,lejn,56.0,25.67,0.0
clip_030,ta',56.0,25.67,0.0
clip_030,ġorni,56.0,25.67,0.0
clip_030,u,56.0,25.67,0.0
clip_030,minn,56.0,25.67,0.0
clip_030,hemm,56.0,25.67,0.0
clip_030,ħadd,56.0,25.67,0.0
clip_030,inniżla,58.0,29.453,0.0
clip_030,gl-wied,58.0,29.453,0.0
clip_030,bejn,58.0,29.453,0.0
clip_030,san,58.0,29.453,0.0
clip_030,ġwħann,58.295,33.297,0.0
clip_030,u,58.295,33.297,0.0
clip_030,swieqi,58.295,33.297,0.0
clip_030,amerikani,58.295,33.297,0.0
clip_030,bdew,58.295,33.297,0.0
clip_030,jintilfu,58.295,33.297,0.0
clip_030,sikwit,58.295,33.297,0.0
clip_030,f',58.295,33.297,0.0
clip_030,diskussjonijiet,58.295,33.297,0.0
clip_030,imqanqla,58.295,33.297,0.0
clip_030,dwar,58.295,33.297,0.0
clip_030,il-politka,58.295,33.297,0.0
clip_030,u,58.295,33.297,0.0
clip_030,filosofija,58.295,33.297,0.0
clip_030,li,58.295,33.297,0.0
clip_030,piter,58.295,33.297,0.0
clip_030,ma,58.295,33.297,0.0
clip_030,tantx,58.295,33.297,0.0
clip_030,seta',58.295,33.297,0.0
clip_030,jieħu,58.295,33.297,0.0
clip_030,ħsem,58.295,33.297,0.0
clip_030,fihom,58.295,33.297,0.0
clip_030,jum,58.295,33.297,0.0
clip_030,ju,58.295,33.297,0.0
clip_030,mejn,58.295,33.297,0.0
clip_030,tlieta,58.295,33.297,0.0
clip_030,ilak,58.295,33.297,0.0
clip_030,ma,58.295,33.297,0.0
clip_030,tisma',58.295,33.297,0.0
clip_030,min,58.295,33.297,0.0
clip_030,għandu,58.295,33.297,0.0
clip_030,olka-politikament,58.295,33.297,0.0
clip_030,ma,58.295,33.297,0.0
clip_030,kona,58.295,33.297,0.0
clip_030,naqblu,58.295,33.297,0.0
clip_030,xejn,58.295,33.297,0.0
clip_030,imma,58.295,33.297,0.0
clip_030,kon,58.295,33.297,0.0
clip_030,naf,58.295,33.297,0.0
clip_030,li,58.295,33.297,0.0
clip_030,kienħabib,58.295,33.297,0.0
clip_030,sinċier,58.295,33.297,0.0
clip_030,u,58.295,33.297,0.0
clip_030,stajt,58.295,33.297,0.0
clip_030,nafda,58.295,33.297,0.0
clip_030,fl-irġulija,58.295,33.297,0.0
clip_030,tiegħu,58.295,33.297,0.0
clip_030,f',58.295,33.297,0.0
clip_030,xi,58.295,33.297,0.0
clip_030,ħin,58.295,33.297,0.0
clip_030,ieħor,58.295,33.297,0.0
clip_030,raw,58.295,33.297,0.0
clip_030,l-istejjer,58.295,33.297,0.0
clip_030,ferriħin,58.295,33.297,0.0
clip_030,tar-rejjiet,58.295,33.297,0.0
clip_030,ta',58.295,33.297,0.0
clip_030,qalbhom,58.295,33.297,0.0
clip_030,tajba,58.295,33.297,0.0
clip_030,u,58.295,33.297,0.0
clip_030,n-nies,58.295,33.297,0.0
clip_030,tagħhom,58.295,33.297,0.0
clip_030,b',58.295,33.297,0.0
clip_030,ietla,58.295,33.297,0.0
clip_030,u,58.295,33.297,0.0
clip_030,smin,58.295,33.297,0.0
clip_030,u,58.295,33.297,0.0
clip_030,hawn,58.295,33.297,0.0
clip_030,ukoll,58.295,33.297,0.0
clip_030,nixtieq,58.295,33.297,0.0
clip_030,isemmi,58.295,33.297,0.0
clip_030,annedottu,58.295,33.297,0.0
clip_030,ċkejken,58.295,33.297,0.0
clip_031,il-jum,2.0,0.065,0.0
clip_031,tal-erba,14.0,0.885,0.0
clip_031,li,14.0,0.885,0.0
clip_031,għadda,14.0,0.885,0.0
clip_031,sitta,14.0,0.885,0.0
clip_031,u,14.0,0.885,0.0
clip_031,għoxrin,14.0,0.885,0.0
clip_031,ta',14.0,0.885,0.0
clip_031,ġunju,14.0,0.885,0.0
clip_031,ġib,20.0,1.705,0.0
clip_031,miegħu,20.0,1.705,0.0
clip_031,nikt-nikked,26.0,2.852,0.0
clip_031,kbir,26.0,2.852,0.0
clip_031,għaliex,26.0,2.852,0.0
clip_031,fih,26.0,2.852,0.0
clip_031,inqerdu,30.0,3.76,0.0
clip_031,ħafna,30.0,3.76,0.0
clip_031,nies,30.0,3.76,0.0
clip_031,tax-xogħol,30.0,3.76,0.0
clip_031,kien,30.0,3.76,0.0
clip_031,għadni,30.0,3.76,0.0
clip_031,niflaħ,30.0,3.76,0.0
clip_031,nimxi,30.0,3.76,0.0
clip_031,dak,30.0,3.76,0.0
clip_031,iż-żmien,30.0,3.76,0.0
clip_031,l-arloġġ,30.0,3.76,0.0
clip_031,qatt,30.0,3.76,0.0
clip_031,ma,30.0,3.76,0.0
clip_031,jitreġġa',40.0,7.916,0.0
clip_031,lura,40.0,7.916,0.0
clip_031,u,40.0,7.916,0.0
clip_031,nehmmet,49.185,15.128,0.0
clip_031,lin-neputija,49.185,15.128,0.0
clip_031,li,49.185,15.128,0.0
clip_031,tifhimni,49.185,15.128,0.0
clip_031,mill-ewwel,49.185,15.128,0.0
clip_031,u,49.185,15.128,0.0
clip_031,kemm,49.185,15.128,0.0
clip_031,jinsa,49.185,15.128,0.0
clip_031,malajr,49.185,15.128,0.0
clip_031,fejn,49.185,15.128,0.0
clip_031,jaqbillu,49.185,15.128,0.0
clip_031,l-ġit,49.185,15.128,0.0
clip_031,li,49.185,15.128,0.0
clip_031,tkun,49.185,15.128,0.0
clip_031,għamillu,49.185,15.128,0.0
clip_031,kontra,49.185,15.128,0.0
clip_031,kif,49.185,15.128,0.0
clip_031,taħsibha,49.185,15.128,0.0
clip_031,s-soltu,49.185,15.128,0.0
clip_031,nada,49.185,15.128,0.0
clip_031,ddeċidiet,49.185,15.128,0.0
clip_031,li,49.185,15.128,0.0
clip_031,ma,49.185,15.128,0.0
clip_031,toqgħodx,49.185,15.128,0.0
clip_031,iċċempillu,49.185,15.128,0.0
clip_031,minn,49.185,15.128,0.0
clip_031,qabel,49.185,15.128,0.0
clip_031,mustaċċi,49.185,15.128,0.0
clip_031,folti,49.185,15.128,0.0
clip_031,mibru,49.185,15.128,0.0
clip_031,minil,49.185,15.128,0.0
clip_031,fuq,49.185,15.128,0.0
clip_031,nuċċal,49.185,15.128,0.0
clip_031,ta,49.185,15.128,0.0
clip_031,ħtiġa,49.185,15.128,0.0
clip_031,waħda,49.185,15.128,0.0
clip_031,għaraftu,49.185,15.128,0.0
clip_031,f'tebqa',49.185,15.128,0.0
clip_031,ta',49.185,15.128,0.0
clip_031,għajn,49.185,15.128,0.0
clip_031,in-nannu,49.185,15.128,0.0
clip_031,salvu,49.185,15.128,0.0
clip_031,għall-biċċa,49.185,15.128,0.0
clip_031,l-kbira,49.185,15.128,0.0
clip_031,tal-maltin,49.185,15.128,0.0
clip_031,passiġġata,49.185,15.128,0.0
clip_031,fi,49.185,15.128,0.0
clip_031,triq,49.185,15.128,0.0
clip_031,ir-repubblikas-sibt,49.185,15.128,0.0
clip_031,filgħodu,49.185,15.128,0.0
clip_031,aktarx,49.185,15.128,0.0
clip_031,tfisser,49.185,15.128,0.0
clip_031,tislim,49.185,15.128,0.0
clip_031,lil,49.185,15.128,0.0
clip_031,diversi,49.185,15.128,0.0
clip_031,nies,49.185,15.128,0.0
clip_031,x',49.185,15.128,0.0
clip_031,ħin,49.185,15.128,0.0
clip_031,ra,49.185,15.128,0.0
clip_031,dak,49.185,15.128,0.0
clip_031,lilma,49.185,15.128,0.0
clip_031,kollu,49.185,15.128,0.0
clip_031,ma,49.185,15.128,0.0
clip_031,kienx,49.185,15.128,0.0
clip_031,jaf,49.185,15.128,0.0
clip_031,x',49.185,15.128,0.0
clip_031,se,49.185,15.128,0.0
clip_031,jaqbad,49.185,15.128,0.0
clip_031,jagħmel,49.185,15.128,0.0
clip_031,ma,49.185,15.128,0.0
clip_031,niftakarx,49.185,15.128,0.0
clip_032,kien,2.0,0.064,0.0
clip_032,għadu,6.0,0.226,0.0
clip_032,ma,6.0,0.226,0.0
clip_032,ġiex,6.0,0.226,0.0
clip_032,f,18.441,1.712,0.0
clip_032,tiegħu,18.441,1.712,0.0
clip_032,mija,18.441,1.712,0.0
clip_032,fil-mija,18.441,1.712,0.0
clip_032,sakemm,18.441,1.712,0.0
clip_032,ħin,18.441,1.712,0.0
clip_032,minnhom,18.441,1.712,0.0
clip_032,tefa',18.441,1.712,0.0
clip_032,siequ,18.441,1.712,0.0
clip_032,f',18.441,1.712,0.0
clip_032,dik,18.441,1.712,0.0
clip_032,li,18.441,1.712,0.0
clip_032,ħaseb,18.441,1.712,0.0
clip_032,li,18.441,1.712,0.0
clip_032,kienet,18.441,1.712,0.0
clip_032,għadira,18.441,1.712,0.0
clip_032,oħra,18.441,1.712,0.0
clip_032,marija,18.441,1.712,0.0
clip_032,ħass,18.441,1.712,0.0
clip_032,li,18.441,1.712,0.0
clip_032,seta',18.441,1.712,0.0
clip_032,jgħid,18.441,1.712,0.0
clip_032,kollox,18.441,1.712,0.0
clip_032,jien,18.441,1.712,0.0
clip_032,niflaħ,18.441,1.712,0.0
clip_032,nimxi,18.441,1.712,0.0
clip_032,jien,18.441,1.712,0.0
clip_032,hawn,18.441,1.712,0.0
clip_032,lest,18.441,1.712,0.0
clip_032,biex,18.441,1.712,0.0
clip_032,niġi,18.441,1.712,0.0
clip_032,magħkom,18.441,1.712,0.0
clip_032,u,18.441,1.712,0.0
clip_032,iżjed,18.441,1.712,0.0
clip_032,ma,18.441,1.712,0.0
clip_032,twalet,18.441,1.712,0.0
clip_032,it-triq,18.441,1.712,0.0
clip_032,tagħhom,18.441,1.712,0.0
clip_032,iżjed,18.441,1.712,0.0
clip_032,ħarsu,18.441,1.712,0.0
clip_032,lura,18.441,1.712,0.0
clip_032,u,18.441,1.712,0.0
clip_032,daħqu,18.441,1.712,0.0
clip_032,b',18.441,1.712,0.0
clip_032,xulxin,18.441,1.712,0.0
clip_033,iżda,2.0,0.079,0.0
clip_033,at-tul,24.0,2.484,0.0
clip_033,professjonali,24.0,2.484,0.0
clip_033,jagħmel,24.0,2.484,0.0
clip_033,kull,24.0,2.484,0.0
clip_033,sagrifiċju,24.0,2.484,0.0
clip_033,għall-arti,24.0,2.484,0.0
clip_033,tiegħu,24.0,2.484,0.0
clip_033,u,24.0,2.484,0.0
clip_033,bla,24.0,2.484,0.0
clip_033,data,24.0,2.484,0.0
clip_033,tat-twelid,24.0,2.484,0.0
clip_033,taħt,24.0,2.484,0.0
clip_033,l-ittra,24.0,2.484,0.0
clip_033,kien,24.0,2.484,0.0
clip_033,hemm,24.0,2.484,0.0
clip_033,fil-ġenb,24.0,2.484,0.0
clip_033,miktub,24.0,2.484,0.0
clip_033,bħala,24.0,2.484,0.0
clip_033,tifkira,24.0,2.484,0.0
clip_033,il-feluga,24.0,2.484,0.0
clip_033,siefrt,36.0,5.973,0.0
clip_033,minn,36.0,5.973,0.0
clip_033,malta,36.0,5.973,0.0
clip_033,fl-erbgħa,46.474,15.398,0.0
clip_033,u,46.474,15.398,0.0
clip_033,għoxrin,46.474,15.398,0.0
clip_033,t',46.474,15.398,0.0
clip_033,ottubru,46.474,15.398,0.0
clip_033,bil-barnuża,46.474,15.398,0.0
clip_033,ħamra,46.474,15.398,0.0
clip_033,u,46.474,15.398,0.0
clip_033,l-qoffa,46.474,15.398,0.0
clip_033,tiġġerra,46.474,15.398,0.0
clip_033,ġol-bosk,46.474,15.398,0.0
clip_033,tlaqqat,46.474,15.398,0.0
clip_033,ismida,46.474,15.398,0.0
clip_033,mill-platti,46.474,15.398,0.0
clip_033,tal-għorsijiet,46.474,15.398,0.0
clip_033,ħamsa,46.474,15.398,0.0
clip_033,u,46.474,15.398,0.0
clip_033,sittin,46.474,15.398,0.0
clip_033,serjetà,46.474,15.398,0.0
clip_033,u,46.474,15.398,0.0
clip_033,qallu,46.474,15.398,0.0
clip_033,li,46.474,15.398,0.0
clip_033,se,46.474,15.398,0.0
clip_033,ibdew,46.474,15.398,0.0
clip_033,jagħmlu,46.474,15.398,0.0
clip_033,l-għassa,46.474,15.398,0.0
clip_033,mara,46.474,15.398,0.0
clip_033,oħra,46.474,15.398,0.0
clip_033,issa,46.474,15.398,0.0
clip_033,massur,46.474,15.398,0.0
clip_033,gervex,46.474,15.398,0.0
clip_033,kien,46.474,15.398,0.0
clip_033,qed,46.474,15.398,0.0
clip_033,jaqelgħu,46.474,15.398,0.0
clip_033,minl,46.474,15.398,0.0
clip_033,postu,46.474,15.398,0.0
clip_033,qabel,46.474,15.398,0.0
clip_033,jidħol,46.474,15.398,0.0
clip_033,jorqod,46.474,15.398,0.0
clip_033,biex,46.474,15.398,0.0
clip_033,min,46.474,15.398,0.0
clip_033,iċempilu,46.474,15.398,0.0
clip_033,billejl,46.474,15.398,0.0
clip_033,isibu,46.474,15.398,0.0
clip_033,ingejżd,46.474,15.398,0.0
clip_033,bla,46.474,15.398,0.0
clip_033,kliem,46.474,15.398,0.0
clip_033,bdew,46.474,15.398,0.0
clip_033,mixjin,46.474,15.398,0.0
clip_033,'il,46.474,15.398,0.0
clip_033,fuq,46.474,15.398,0.0
clip_033,fringiela,46.474,15.398,0.0
clip_033,wieħed,46.474,15.398,0.0
clip_033,wara,46.474,15.398,0.0
clip_033,l-ieħor,46.474,15.398,0.0
clip_033,u,46.474,15.398,0.0
clip_033,lilu,46.474,15.398,0.0
clip_033,mbuttawh,46.474,15.398,0.0
clip_033,f',46.474,15.398,0.0
clip_033,nofshom,46.474,15.398,0.0
clip_033,xinu,46.474,15.398,0.0
clip_033,skantat,46.474,15.398,0.0
clip_033,ħasbet,46.474,15.398,0.0
clip_033,bejn,46.474,15.398,0.0
clip_033,a,46.474,15.398,0.0
clip_033,u,46.474,15.398,0.0
clip_033,bejn,46.474,15.398,0.0
clip_033,ruħa,46.474,15.398,0.0
clip_033,u,46.474,15.398,0.0
clip_033,għodri,46.474,15.398,0.0
clip_033,mindell,46.474,15.398,0.0
clip_034,għax,2.0,0.083,0.0
clip_034,li,20.99,2.064,0.0
clip_034,irġiel,20.99,2.064,0.0
clip_034,ħallihom,20.99,2.064,0.0
clip_034,ftit,20.99,2.064,0.0
clip_034,wa,20.99,2.064,0.0
clip_034,ħedhom,20.99,2.064,0.0
clip_034,u,20.99,2.064,0.0
clip_034,d,20.99,2.064,0.0
clip_034,lonk,20.99,2.064,0.0
clip_034,ji,20.99,2.064,0.0
clip_034,bdew,20.99,2.064,0.0
clip_034,isemmu,20.99,2.064,0.0
clip_034,dak,20.99,2.064,0.0
clip_034,xa,20.99,2.064,0.0
clip_034,għaldu,20.99,2.064,0.0
clip_034,ma,20.99,2.064,0.0
clip_034,kienx,20.99,2.064,0.0
clip_034,ippreparatagħal,20.99,2.064,0.0
clip_034,missielha,20.99,2.064,0.0
clip_034,bħal,20.99,2.064,0.0
clip_034,dik,20.99,2.064,0.0
clip_034,ovvjament,20.99,2.064,0.0
clip_034,xogħol,20.99,2.064,0.0
clip_034,xi,20.99,2.064,0.0
clip_034,ġardinar,20.99,2.064,0.0
clip_034,tajjeb,20.99,2.064,0.0
clip_034,ħafna,20.99,2.064,0.0
clip_034,għax,20.99,2.064,0.0
clip_034,kien,20.99,2.064,0.0
clip_034,perfett,20.99,2.064,0.0
clip_034,it-tiġ,20.99,2.064,0.0
clip_034,kien,20.99,2.064,0.0
clip_034,wasal,20.99,2.064,0.0
clip_034,imma,20.99,2.064,0.0
clip_034,t-torok,20.99,2.064,0.0
clip_034,ġew,20.99,2.064,0.0
clip_034,malta,20.99,2.064,0.0
clip_034,u,20.99,2.064,0.0
clip_034,kien,20.99,2.064,0.0
clip_034,hemm,20.99,2.064,0.0
clip_034,bżonn,20.99,2.064,0.0
clip_034,li,20.99,2.064,0.0
clip_034,jiqaf',20.99,2.064,0.0
clip_034,kollox,20.99,2.064,0.0
clip_034,iżda,20.99,2.064,0.0
clip_034,b',20.99,2.064,0.0
clip_034,differenza,20.99,2.064,0.0
clip_034,kbira,20.99,2.064,0.0
clip_035,bażilju,2.0,0.067,0.0
clip_035,ma,2.0,0.067,0.0
clip_035,għallibx,18.0,1.446,0.0
clip_035,malta,18.0,1.446,0.0
clip_035,kollha,18.0,1.446,0.0
clip_035,għaliha,18.0,1.446,0.0
clip_035,kienet,18.0,1.446,0.0
clip_035,tħob,20.0,1.746,0.0
clip_035,tirrakkonta,20.0,1.746,0.0
clip_035,l-istejjer,20.0,1.746,0.0
clip_035,u,20.0,1.746,0.0
clip_035,l-ħrejjef,20.0,1.746,0.0
clip_035,li,20.0,1.746,0.0
clip_035,nibtu,20.0,1.746,0.0
clip_035,mid-danubju,20.0,1.746,0.0
clip_035,stejjer,20.0,1.746,0.0
clip_035,qodma,20.0,1.746,0.0
clip_035,u,20.0,1.746,0.0
clip_035,sbieħ,20.0,1.746,0.0
clip_035,xena,20.0,1.746,0.0
clip_035,wara,20.0,1.746,0.0
clip_035,l-oħra,20.0,1.746,0.0
clip_035,ġabet,20.0,1.746,0.0
clip_035,ċappċip,49.801,15.21,0.0
clip_035,li,49.801,15.21,0.0
clip_035,jtarrax,49.801,15.21,0.0
clip_035,il-kostumi,49.801,15.21,0.0
clip_035,laqqatniehom,49.801,15.21,0.0
clip_035,kif,49.801,15.21,0.0
clip_035,stajna,49.801,15.21,0.0
clip_035,tgħidx,49.801,15.21,0.0
clip_035,kemm,49.801,15.21,0.0
clip_035,qed,49.801,15.21,0.0
clip_035,nieħu,49.801,15.21,0.0
clip_035,gost,49.801,15.21,0.0
clip_035,għamlet,49.801,15.21,0.0
clip_035,sfost,49.801,15.21,0.0
clip_035,biex,49.801,15.21,0.0
clip_035,tqum,49.801,15.21,0.0
clip_035,titfi,49.801,15.21,0.0
clip_035,id-dawl,49.801,15.21,0.0
clip_035,neħħit,49.801,15.21,0.0
clip_035,iżżarrbu,49.801,15.21,0.0
clip_035,minn,49.801,15.21,0.0
clip_035,saqajha,49.801,15.21,0.0
clip_035,u,49.801,15.21,0.0
clip_035,nteddet,49.801,15.21,0.0
clip_035,bil-wejjeġ,49.801,15.21,0.0
clip_035,f',49.801,15.21,0.0
clip_035,kollox,49.801,15.21,0.0
clip_035,fis-sodda,49.801,15.21,0.0
clip_035,kemm,49.801,15.21,0.0
clip_035,ħasbitu,49.801,15.21,0.0
clip_035,iblaħ,49.801,15.21,0.0
clip_035,ommu,49.801,15.21,0.0
clip_035,għidli,49.801,15.21,0.0
clip_035,ma,49.801,15.21,0.0
clip_035,kif,49.801,15.21,0.0
clip_035,nista',49.801,15.21,0.0
clip_035,nibqa',49.801,15.21,0.0
clip_035,nix,49.801,15.21,0.0
clip_035,daż-żewġ,49.801,15.21,0.0
clip_035,ħajjiet,49.801,15.21,0.0
clip_035,jaħasra,49.801,15.21,0.0
clip_035,li,49.801,15.21,0.0
clip_035,ma,49.801,15.21,0.0
clip_035,kinux,49.801,15.21,0.0
clip_035,dawk,49.801,15.21,0.0
clip_035,il-ħġejjeġ,49.801,15.21,0.0
clip_035,li,49.801,15.21,0.0
clip_035,jkun,49.801,15.21,0.0
clip_035,jista',49.801,15.21,0.0
clip_035,jgħix,49.801,15.21,0.0
clip_035,fl-akbar,49.801,15.21,0.0
clip_035,paċi,49.801,15.21,0.0
clip_035,tlaqna,49.801,15.21,0.0
clip_035,għajtet,49.801,15.21,0.0
clip_035,estella,49.801,15.21,0.0
clip_035,u,49.801,15.21,0.0
clip_035,jinieżlha,49.801,15.21,0.0
clip_035,t-taraġ,49.801,15.21,0.0
clip_035,biex,49.801,15.21,0.0
clip_035,jismagħha,49.801,15.21,0.0
clip_035,tommi,49.801,15.21,0.0
clip_035,u,49.801,15.21,0.0
clip_035,jitilqu,49.801,15.21,0.0
clip_036,ħa,2.0,0.07,0.0
clip_036,nerġa',2.0,0.07,0.0
clip_036,nidħol,4.0,0.141,0.0
clip_036,iltqajt,4.0,0.141,0.0
clip_036,mal-ħabib,4.0,0.141,0.0
clip_036,tiegħi,4.0,0.141,0.0
clip_036,alfred,6.0,0.232,0.0
clip_036,xon,6.0,0.232,0.0
clip_036,u,6.0,0.232,0.0
clip_036,petra,6.0,0.232,0.0
clip_036,kienu,8.0,0.36,0.0
clip_036,ttantaw,8.0,0.36,0.0
clip_036,xortihom,8.0,0.36,0.0
clip_036,biex,8.0,0.36,0.0
clip_036,jilbsu,8.0,0.36,0.0
clip_036,l-għelmu,10.0,0.5,0.0
clip_036,u,10.0,0.5,0.0
clip_036,jipprovaw,10.0,0.5,0.0
clip_036,isuquh,12.0,0.686,0.0
clip_036,tħares,12.0,0.686,0.0
clip_036,lura,12.0,0.686,0.0
clip_036,lejn,12.0,0.686,0.0
clip_036,ħwejjiġa,14.0,0.901,0.0
clip_036,li,14.0,0.901,0.0
clip_036,x',26.0,2.928,0.0
clip_036,kienu,26.0,2.928,0.0
clip_036,u,26.0,2.928,0.0
clip_036,ħalliethom,26.0,2.928,0.0
clip_036,fl-art,26.0,2.928,0.0
clip_036,fil-librerija,26.0,2.928,0.0
clip_036,ta',26.0,2.928,0.0
clip_036,nuba,26.0,2.928,0.0
clip_036,hawn,26.0,2.928,0.0
clip_036,fuq,26.0,2.928,0.0
clip_036,nur,26.0,2.928,0.0
clip_036,poġġa,26.0,2.928,0.0
clip_036,ktejjeb,26.0,2.928,0.0
clip_036,imsaħħar,26.0,2.928,0.0
clip_036,bil-ħin,26.0,2.928,0.0
clip_036,iżda,26.0,2.928,0.0
clip_036,issa,26.0,2.928,0.0
clip_036,strieħ,26.0,2.928,0.0
clip_036,ħudu,26.0,2.928,0.0
clip_036,paċenzja,26.0,2.928,0.0
clip_036,bija,26.0,2.928,0.0
clip_036,imma,26.0,2.928,0.0
clip_036,m',26.0,2.928,0.0
clip_036,iniex,26.0,2.928,0.0
clip_036,se,26.0,2.928,0.0
clip_036,nilgħab,26.0,2.928,0.0
clip_036,iżjed,28.0,3.374,0.0
clip_036,dwar,28.0,3.374,0.0
clip_036,il-biċċa,28.0,3.374,0.0
clip_036,ma',28.0,3.374,0.0
clip_036,victor,30.0,3.868,0.0
clip_036,qal,30.0,3.868,0.0
clip_036,de,30.0,3.868,0.0
clip_036,karlo,30.0,3.868,0.0
clip_036,inti,34.0,5.107,0.0
clip_036,jgħin,34.0,5.107,0.0
clip_036,lil,34.0,5.107,0.0
clip_036,ċarli,34.0,5.107,0.0
clip_036,u,34.0,5.107,0.0
clip_036,inti,34.0,5.107,0.0
clip_036,pawl,34.0,5.107,0.0
clip_036,irranġali,34.0,5.107,0.0
clip_036,dawn,34.0,5.107,0.0
clip_036,l-ħarrin,46.0,11.843,0.0
clip_036,imsiemer,46.0,11.843,0.0
clip_036,kienet,46.0,11.843,0.0
clip_036,l-ewwel,46.0,11.843,0.0
clip_036,darba,46.0,11.843,0.0
clip_036,li,46.0,11.843,0.0
clip_036,stajt,46.0,11.843,0.0
clip_036,inħares,46.0,11.843,0.0
clip_036,bi,46.0,11.843,0.0
clip_036,sfida,46.0,11.843,0.0
clip_036,ġo,46.0,11.843,0.0
clip_036,dawk,46.0,11.843,0.0
clip_036,l-għajnejn,46.0,11.843,0.0
clip_036,ta',46.0,11.843,0.0
clip_036,seqer,46.0,11.843,0.0
clip_036,bla,46.0,11.843,0.0
clip_036,ma,46.0,11.843,0.0
clip_036,nibża',46.0,11.843,0.0
clip_036,minnhom,46.0,11.843,0.0
clip_036,u,46.0,11.843,0.0
clip_036,ħafna,46.0,11.843,0.0
clip_036,lgopu,48.829,15.406,0.0
clip_036,attenzjoni,48.829,15.406,0.0
clip_036,biex,48.829,15.406,0.0
clip_036,tara,48.829,15.406,0.0
clip_036,x,48.829,15.406,0.0
clip_036,tgħid,48.829,15.406,0.0
clip_036,u,48.829,15.406,0.0
clip_036,bix,48.829,15.406,0.0
clip_036,lil,48.829,15.406,0.0
clip_036,kulħadd,48.829,15.406,0.0
clip_036,taħtih,48.829,15.406,0.0
clip_036,li,48.829,15.406,0.0
clip_036,hu,48.829,15.406,0.0
clip_036,tiegħu,48.829,15.406,0.0
clip_037,aħna,2.0,0.085,0.0
clip_037,dorna,2.0,0.085,0.0
clip_037,s-sular,2.0,0.085,0.0
clip_037,t',2.0,0.085,0.0
clip_037,isfel,2.0,0.085,0.0
clip_037,kollu,12.0,0.712,0.0
clip_037,u,12.0,0.712,0.0
clip_037,ma,12.0,0.712,0.0
clip_037,rajniiex,12.0,0.712,0.0
clip_037,kompla,12.0,0.712,0.0
clip_037,tomi,12.0,0.712,0.0
clip_037,milli,12.0,0.712,0.0
clip_037,qalli,12.0,0.712,0.0
clip_037,fimt,12.0,0.712,0.0
clip_037,lill-bastimenti,18.0,1.49,0.0
clip_037,ingliżi,18.0,1.49,0.0
clip_037,ġew,18.0,1.49,0.0
clip_037,maħbutin,18.0,1.49,0.0
clip_037,minn,18.0,1.49,0.0
clip_037,xi,18.0,1.49,0.0
clip_037,laneġ,18.0,1.49,0.0
clip_037,żgħar,18.0,1.49,0.0
clip_037,taljani,18.0,1.49,0.0
clip_037,u,18.0,1.49,0.0
clip_037,minn,18.0,1.49,0.0
clip_037,qtajja,18.0,1.49,0.0
clip_037,kbar,18.0,1.49,0.0
clip_037,t',18.0,1.49,0.0
clip_037,ajruplani,18.0,1.49,0.0
clip_037,ġermaniżi,18.0,1.49,0.0
clip_037,u,18.0,1.49,0.0
clip_037,ġarrbu,18.0,1.49,0.0
clip_037,ħafna,18.0,1.49,0.0
clip_037,ħsara,18.0,1.49,0.0
clip_037,imma,18.0,1.49,0.0
clip_037,bil-ħoss,18.0,1.49,0.0
clip_037,tax-xita,20.0,1.795,0.0
clip_037,il-pitirross,20.0,1.795,0.0
clip_037,bilkemm,20.0,1.795,0.0
clip_037,sa,20.0,1.795,0.0
clip_037,tejjifhem,25.02,2.936,0.0
clip_037,xi,25.02,2.936,0.0
clip_037,jkun,25.02,2.936,0.0
clip_037,qed,25.02,2.936,0.0
clip_037,jgħidlu,25.02,2.936,0.0
clip_037,mmejxi,25.02,2.936,0.0
clip_037,meta,25.02,2.936,0.0
clip_037,dan,25.02,2.936,0.0
clip_037,ikellmu,25.02,2.936,0.0
clip_037,minn,25.02,2.936,0.0
clip_037,ġol,25.02,2.936,0.0
clip_037,għeluq,25.02,2.936,0.0
clip_037,ta',25.02,2.936,0.0
clip_037,qgħoxxortu,25.02,2.936,0.0
clip_038,il-laqgħa,4.0,0.153,0.0
clip_038,sa,4.0,0.153,0.0
clip_038,tkun,4.0,0.153,0.0
clip_038,oriġinali,4.0,0.153,0.0
clip_038,minħabba,4.0,0.153,0.0
clip_038,li,4.0,0.153,0.0
clip_038,ħatejna,4.0,0.153,0.0
clip_038,naraw,4.0,0.153,0.0
clip_038,l-istorja,6.0,0.247,0.0
clip_038,bil-maqlub,6.0,0.247,0.0
clip_038,kienet,8.0,0.375,0.0
clip_038,sirratura,44.0,10.631,0.0
clip_038,kbira,44.0,10.631,0.0
clip_038,bil-ħadida,44.0,10.631,0.0
clip_038,tagħha,44.0,10.631,0.0
clip_038,forma,44.0,10.631,0.0
clip_038,ta',44.0,10.631,0.0
clip_038,maqrud,44.0,10.631,0.0
clip_038,neħilsek,44.0,10.631,0.0
clip_038,minn,44.0,10.631,0.0
clip_038,dawk,44.0,10.631,0.0
clip_038,li,44.0,10.631,0.0
clip_038,meta,44.0,10.631,0.0
clip_038,tirrakkontalhom,44.0,10.631,0.0
clip_038,ċajta,44.0,10.631,0.0
clip_038,ikomplu,44.0,10.631,0.0
clip_038,ielek,44.0,10.631,0.0
clip_038,huma,44.0,10.631,0.0
clip_038,u,44.0,10.631,0.0
clip_038,tħossok,44.0,10.631,0.0
clip_038,tiħmar,44.0,10.631,0.0
clip_038,bil-mistħija,44.0,10.631,0.0
clip_038,xi,44.0,10.631,0.0
clip_038,ħaġa,44.0,10.631,0.0
clip_038,qed,44.0,10.631,0.0
clip_038,tiċċaqlaq,44.0,10.631,0.0
clip_038,hawn,44.0,10.631,0.0
clip_038,jin,46.0,11.918,0.0
clip_038,hawn,46.0,11.918,0.0
clip_038,jin,46.0,11.918,0.0
clip_038,f',46.0,11.918,0.0
clip_038,loku,46.0,11.918,0.0
clip_038,l-għar,46.0,11.918,0.0
clip_038,ġurnata,46.0,11.918,0.0
clip_038,ta',46.0,11.918,0.0
clip_038,ħajti,46.0,11.918,0.0
clip_038,qal,46.0,11.918,0.0
clip_038,spiteri,46.0,11.918,0.0
clip_038,uwa,46.0,11.918,0.0
clip_038,rżar,46.0,11.918,0.0
clip_038,mal-pistola,46.0,11.918,0.0
clip_038,b',46.0,11.918,0.0
clip_038,lid,46.0,11.918,0.0
clip_038,tal-espert,46.0,11.918,0.0
clip_038,u,46.0,11.918,0.0
clip_038,kieku,46.0,11.918,0.0
clip_038,jkolli,46.0,11.918,0.0
clip_038,ngħid,46.0,11.918,0.0
clip_038,anqas,46.0,11.918,0.0
clip_038,kien,46.0,11.918,0.0
clip_038,għadhom,46.0,11.918,0.0
clip_038,bejniethom,46.0,11.918,0.0
clip_038,b',46.0,11.918,0.0
clip_038,dik,46.0,11.918,0.0
clip_038,il-ġibda,46.0,11.918,0.0
clip_038,ta',46.0,11.918,0.0
clip_038,qabel,46.0,11.918,0.0
clip_038,forsi,46.0,11.918,0.0
clip_038,għax,46.0,11.918,0.0
clip_038,iżommu,46.0,11.918,0.0
clip_038,b',46.0,11.918,0.0
clip_038,wieħed,46.0,11.918,0.0
clip_038,tal-professjoni,46.0,11.918,0.0
clip_038,fejn,46.0,11.918,0.0
clip_038,jidħol,46.0,11.918,0.0
clip_038,it-tagħlim,46.0,11.918,0.0
clip_038,jew,46.0,11.918,0.0
clip_038,inkella,46.0,11.918,0.0
clip_038,għax,46.0,11.918,0.0
clip_038,ma,46.0,11.918,0.0
clip_038,għandhix,46.0,11.918,0.0
clip_038,triq,46.0,11.918,0.0
clip_038,oħra,46.0,11.918,0.0
clip_038,minn,46.0,11.918,0.0
clip_038,fejn,46.0,11.918,0.0
clip_038,tgħaddi,46.0,11.918,0.0
clip_038,x',46.0,11.918,0.0
clip_038,in,46.0,11.918,0.0
clip_038,jidhir,46.0,11.918,0.0
clip_038,l-kamra,46.0,11.918,0.0
clip_038,staqsijiet,46.0,11.918,0.0
clip_038,estella,46.0,11.918,0.0
clip_038,malta,46.0,11.918,0.0
clip_038,tal-ġurnata,46.0,11.918,0.0
clip_038,ta',46.0,11.918,0.0
clip_038,qabel,46.219,15.614,0.0
clip_039,irramel,2.0,0.071,0.0
clip_039,taħt,2.0,0.071,0.0
clip_039,saqajhom,4.0,0.14,0.0
clip_039,kien,4.0,0.14,0.0
clip_039,jinħass,4.0,0.14,0.0
clip_039,jikwi,4.0,0.14,0.0
clip_039,u,4.0,0.14,0.0
clip_039,meta,4.0,0.14,0.0
clip_039,nexxielhom,56.0,25.69,0.0
clip_039,jiftħuhom,56.0,25.69,0.0
clip_039,mill-ġdid,56.0,25.69,0.0
clip_039,mitejn,56.0,25.69,0.0
clip_039,sitta,56.0,25.69,0.0
clip_039,u,56.0,25.69,0.0
clip_039,erbgħin,56.0,25.69,0.0
clip_039,xogħol,56.0,25.69,0.0
clip_039,ta-injam,56.0,25.69,0.0
clip_039,għax-xogħol,56.0,25.69,0.0
clip_039,tal-ħadid,56.0,25.69,0.0
clip_039,werxop,56.0,25.69,0.0
clip_039,ieħor,56.0,25.69,0.0
clip_039,bit-tornijiet,56.0,25.69,0.0
clip_039,mitejn,56.0,25.69,0.0
clip_039,itta,56.0,25.69,0.0
clip_039,u,56.0,25.69,0.0
clip_039,erbgħin,56.0,25.69,0.0
clip_039,xogħol,56.0,25.69,0.0
clip_039,tal-injam,56.0,25.69,0.0
clip_039,għax-xogħol,56.0,25.69,0.0
clip_039,tal-ħadi,57.679,29.45,0.0
clip_039,werko,57.679,29.45,0.0
clip_039,ieħor,57.679,29.45,0.0
clip_039,bi-tornijiet,57.679,29.45,0.0
clip_039,mitejn,57.679,29.45,0.0
clip_039,sitta,57.679,29.45,0.0
clip_039,u,57.679,29.45,0.0
clip_039,ergħin,57.679,29.45,0.0
clip_039,xogħol,57.679,29.45,0.0
clip_039,tal-injam,57.679,29.45,0.0
clip_039,għax-xogħol,57.679,29.45,0.0
clip_039,tal-ħadd,57.679,29.45,0.0
clip_039,werkxop,57.679,29.45,0.0
clip_039,ieħor,57.679,29.45,0.0
clip_039,bi-tornijiet,57.679,29.45,0.0
clip_039,ma,57.679,29.45,0.0
clip_039,kienx,57.679,29.45,0.0
clip_039,hemm,57.679,29.45,0.0
clip_039,bankijiet,57.679,29.45,0.0
clip_039,jew,57.679,29.45,0.0
clip_039,siġġijiet,57.679,29.45,0.0
clip_039,taf,57.679,29.45,0.0
clip_039,int,57.679,29.45,0.0
clip_039,għaxruli,57.679,29.45,0.0
clip_039,xagħri,57.679,29.45,0.0
clip_039,xokkijiet,57.679,29.45,0.0
clip_039,solit,57.679,29.45,0.0
clip_039,ri,57.679,29.45,0.0
clip_039,konfkonfainment,57.679,29.45,0.0
clip_039,affarijiet,57.679,29.45,0.0
clip_039,hekk,57.679,29.45,0.0
clip_039,taf,57.679,29.45,0.0
clip_039,li,57.679,29.45,0.0
clip_039,mhux,57.679,29.45,0.0
clip_039,qiegħed,57.679,29.45,0.0
clip_039,f',57.679,29.45,0.0
clip_039,postu,57.679,29.45,0.0
clip_039,tinsiex,57.679,29.45,0.0
clip_039,li,57.679,29.45,0.0
clip_039,qalbek,57.679,29.45,0.0
clip_039,ħadet,57.679,29.45,0.0
clip_039,battikata,57.679,29.45,0.0
clip_039,kbira,57.679,29.45,0.0
clip_039,mitejn,57.679,29.45,0.0
clip_039,wieħed,57.679,29.45,0.0
clip_039,u,57.679,29.45,0.0
clip_039,għoxr,57.679,29.45,0.0
clip_039,inġenju,57.679,29.45,0.0
clip_039,ma,57.679,29.45,0.0
clip_039,jistax,57.679,29.45,0.0
clip_039,jissaporti,57.679,29.45,0.0
clip_039,l-pressa,57.679,29.45,0.0
clip_039,tafas,57.679,29.45,0.0
clip_039,dejjem,57.679,29.45,0.0
clip_039,iktar,57.679,29.45,0.0
clip_039,taħseb,57.679,29.45,0.0
clip_039,li,57.679,29.45,0.0
clip_039,qablek,57.679,29.45,0.0
clip_039,ma,57.679,29.45,0.0
clip_039,kellhix,57.679,29.45,0.0
clip_039,nisa,57.679,29.45,0.0
clip_039,oħra,57.679,29.45,0.0
clip_039,jew,57.679,29.45,0.0
clip_040,filwaqt,2.0,0.065,0.0
clip_040,li,2.0,0.065,0.0
clip_040,huma,2.0,0.065,0.0
clip_040,tlieta,26.0,2.841,0.0
clip_040,jinħbew,26.0,2.841,0.0
clip_040,fil-puales,26.0,2.841,0.0
clip_040,u,26.0,2.841,0.0
clip_040,jitħlu,38.0,6.91,0.0
clip_040,fuq,38.0,6.91,0.0
clip_040,dak,48.0,13.701,0.0
clip_040,iż-żewġ,48.0,13.701,0.0
clip_040,nisa,48.0,13.701,0.0
clip_040,ċerta,48.0,13.701,0.0
clip_040,staqsiha,48.0,13.701,0.0
clip_040,l-ġuvni,48.0,13.701,0.0
clip_040,iżjed,48.0,13.701,0.0
clip_040,ma,48.0,13.701,0.0
clip_040,laħqitx,48.0,13.701,0.0
clip_040,kielet,48.0,13.701,0.0
clip_040,iżda,48.0,13.701,0.0
clip_040,minn,48.0,13.701,0.0
clip_040,erba',48.0,13.701,0.0
clip_040,m'għarfiet,48.0,13.701,0.0
clip_040,li,48.0,13.701,0.0
clip_040,ma,48.0,13.701,0.0
clip_040,reġax,48.0,13.701,0.0
clip_040,ħassa,48.0,13.701,0.0
clip_040,ħażin,48.0,13.701,0.0
clip_040,l-aħwa,48.0,13.701,0.0
clip_040,għajjat,48.0,13.701,0.0
clip_040,ir-rħajjes,48.0,13.701,0.0
clip_040,kifrah,55.958,30.164,0.0
clip_040,hħawn,55.958,30.164,0.0
clip_040,x',55.958,30.164,0.0
clip_040,naħtfu,55.958,30.164,0.0
clip_040,iżda,55.958,30.164,0.0
clip_040,biex,55.958,30.164,0.0
clip_040,inkompli,55.958,30.164,0.0
clip_040,dwar,55.958,30.164,0.0
clip_040,l-azzjoni,55.958,30.164,0.0
clip_040,kattolika,55.958,30.164,0.0
clip_040,irid,55.958,30.164,0.0
clip_040,inżid,55.958,30.164,0.0
clip_040,li,55.958,30.164,0.0
clip_040,għalkemm,55.958,30.164,0.0
clip_040,kienu,55.958,30.164,0.0
clip_040,jeħduna,55.958,30.164,0.0
clip_040,għar-relis,55.958,30.164,0.0
clip_040,tal-ġunta,55.958,30.164,0.0
clip_040,sieħbu,55.958,30.164,0.0
clip_040,mark,55.958,30.164,0.0
clip_040,sejsuq,55.958,30.164,0.0
clip_040,kienu,55.958,30.164,0.0
clip_040,t-tiri,55.958,30.164,0.0
clip_040,tal-kanuni,55.958,30.164,0.0
clip_040,tagħna,55.958,30.164,0.0
clip_040,tliet,55.958,30.164,0.0
clip_040,ġimgħat,55.958,30.164,0.0
clip_040,imqabbad,55.958,30.164,0.0
clip_040,mal-blat,55.958,30.164,0.0
clip_040,fejn,55.958,30.164,0.0
clip_040,kienu,55.958,30.164,0.0
clip_040,jitrejjaq,55.958,30.164,0.0
clip_040,bi,55.958,30.164,0.0
clip_040,ftit,55.958,30.164,0.0
clip_040,ħaxix,55.958,30.164,0.0
clip_040,ħażin,55.958,30.164,0.0
clip_040,ma,55.958,30.164,0.0
clip_040,tawhx,55.958,30.164,0.0
clip_040,ġewwa,55.958,30.164,0.0
clip_040,daqs,55.958,30.164,0.0
clip_040,il-jasar,55.958,30.164,0.0
clip_040,taħt,55.958,30.164,0.0
clip_040,idejn,55.958,30.164,0.0
clip_040,l-insara,55.958,30.164,0.0
clip_040,imbagħad,55.958,30.164,0.0
clip_040,minn,55.958,30.164,0.0
clip_040,taħt,55.958,30.164,0.0
clip_040,l-ilsien,55.958,30.164,0.0
clip_040,donnu,55.958,30.164,0.0
clip_040,qed,55.958,30.164,0.0
clip_040,jiddejjaq,55.958,30.164,0.0
clip_040,jgħidlu,55.958,30.164,0.0
clip_040,lis-senn,55.958,30.164,0.0
clip_040,din,55.958,30.164,0.0
clip_040,id-darba,55.958,30.164,0.0
clip_040,xort,55.958,30.164,0.0
clip_040,oħra,55.958,30.164,0.0
clip_041,foxxommok,21.497,2.062,0.0
clip_041,hu,21.497,2.062,0.0
clip_041,kompla,21.497,2.062,0.0
clip_041,kixef,21.497,2.062,0.0
clip_041,kollox,21.497,2.062,0.0
clip_041,billi,21.497,2.062,0.0
clip_041,bagħthom,21.497,2.062,0.0
clip_041,jisemgħu,21.497,2.062,0.0
clip_041,taħt,21.497,2.062,0.0
clip_041,it-tieqa,21.497,2.062,0.0
clip_041,kif,21.497,2.062,0.0
clip_041,tbegdu,21.497,2.062,0.0
clip_041,kollha,21.497,2.062,0.0
clip_041,u,21.497,2.062,0.0
clip_041,ma',21.497,2.062,0.0
clip_041,derħat,21.497,2.062,0.0
clip_041,iżjed,21.497,2.062,0.0
clip_041,dak,21.497,2.062,0.0
clip_041,il-mindu,21.497,2.062,0.0
clip_041,nqam,21.497,2.062,0.0
clip_041,minn,21.497,2.062,0.0
clip_041,fejn,21.497,2.062,0.0
clip_041,kien,21.497,2.062,0.0
clip_041,ju,21.497,2.062,0.0
clip_041,tu,21.497,2.062,0.0
clip_041,u,21.497,2.062,0.0
clip_041,tefgħlu,21.497,2.062,0.0
clip_041,ftit,21.497,2.062,0.0
clip_041,trab,21.497,2.062,0.0
clip_041,sewdieni,21.497,2.062,0.0
clip_041,li,21.497,2.062,0.0
clip_041,malajr,21.497,2.062,0.0
clip_041,inħall,21.497,2.062,0.0
clip_041,u,21.497,2.062,0.0
clip_041,tħallat,21.497,2.062,0.0
clip_041,mal-kafè,21.497,2.062,0.0
clip_041,li,21.497,2.062,0.0
clip_041,kien,21.497,2.062,0.0
clip_041,hemm,21.497,2.062,0.0
clip_041,fil-kikra,21.497,2.062,0.0
clip_042,imma,2.0,0.076,0.0
clip_042,meta,2.0,0.076,0.0
clip_042,l-għada,2.0,0.076,0.0
clip_042,filgħodu,2.0,0.076,0.0
clip_042,ġak,4.0,0.147,0.0
clip_042,ki,32.0,4.428,0.0
clip_042,fetaħ,32.0,4.428,0.0
clip_042,għajnejh,32.0,4.428,0.0
clip_042,sab,32.0,4.428,0.0
clip_042,ruħu,32.0,4.428,0.0
clip_042,ġol,32.0,4.428,0.0
clip_042,kastell,32.0,4.428,0.0
clip_042,fis-sħab,32.0,4.428,0.0
clip_042,kim,32.0,4.428,0.0
clip_042,jew,32.0,4.428,0.0
clip_042,kim,32.0,4.428,0.0
clip_042,burli,32.0,4.428,0.0
clip_042,kienet,32.0,4.428,0.0
clip_042,saret,32.0,4.428,0.0
clip_042,taf,32.0,4.428,0.0
clip_042,lil,32.0,4.428,0.0
clip_042,ral,32.0,4.428,0.0
clip_042,f',32.0,4.428,0.0
clip_042,waqt,32.0,4.428,0.0
clip_042,il-lezzjonijiet,32.0,4.428,0.0
clip_042,tal-ġuġizzu,32.0,4.428,0.0
clip_042,li,32.0,4.428,0.0
clip_042,kien,32.0,4.428,0.0
clip_042,beda,32.0,4.428,0.0
clip_042,jattendi,32.0,4.428,0.0
clip_042,minn,32.0,4.428,0.0
clip_042,xi,32.0,4.428,0.0
clip_042,ftit,32.0,4.428,0.0
clip_042,xur,32.0,4.428,0.0
clip_042,qabel,32.0,4.428,0.0
clip_042,dam,32.0,4.428,0.0
clip_042,ġima,32.0,4.428,0.0
clip_042,sħieħa,32.0,4.428,0.0
clip_042,jagħti,32.0,4.428,0.0
clip_042,bla,32.0,4.428,0.0
clip_042,nifs,32.0,4.428,0.0
clip_042,bil-mewt,32.0,4.428,0.0
clip_042,tħabbat,32.0,4.428,0.0
clip_042,ma',32.0,4.428,0.0
clip_042,wiċċu,32.0,4.428,0.0
clip_042,l-ħin,32.0,4.428,0.0
clip_042,kollu,32.0,4.428,0.0
clip_042,u,32.0,4.428,0.0
clip_042,waqa',32.0,4.428,0.0
clip_042,minn,32.0,4.428,0.0
clip_042,tulu,32.0,4.428,0.0
clip_042,mejjet,32.0,4.428,0.0
clip_042,m',32.0,4.428,0.0
clip_042,għandu,32.0,4.428,0.0
clip_042,d-dritt,32.0,4.428,0.0
clip_042,jixlik,32.0,4.428,0.0
clip_042,b',32.0,4.428,0.0
clip_042,xejn,32.0,4.428,0.0
clip_042,mija,32.0,4.428,0.0
clip_042,wieħed,35.183,5.9,0.0
clip_042,u,35.183,5.9,0.0
clip_042,tletin,35.183,5.9,0.0
clip_042,u,35.183,5.9,0.0
clip_042,noħlomu,35.183,5.9,0.0
clip_042,nitla',35.183,5.9,0.0
clip_042,fis-sħab,35.183,5.9,0.0
clip_042,mijħu,35.183,5.9,0.0
clip_042,minn,35.183,5.9,0.0
clip_042,sidrum,35.183,5.9,0.0
clip_042,tista',35.183,5.9,0.0
clip_042,tibqa',35.183,5.9,0.0
clip_042,tielha,35.183,5.9,0.0
clip_042,t-taraġ,35.183,5.9,0.0
clip_042,sparatu,35.183,5.9,0.0
clip_042,ma,35.183,5.9,0.0
clip_042,tagħtix,35.183,5.9,0.0
clip_042,kashom,35.183,5.9,0.0
clip_042,mortil-ħanut,35.183,5.9,0.0
clip_042,es,35.183,5.9,0.0
clip_042,għandi,35.183,5.9,0.0
clip_042,karozza,35.183,5.9,0.0
clip_043,fejn,2.0,0.079,0.0
clip_043,poġġejn,4.0,0.147,0.0
clip_043,iha,4.0,0.147,0.0
clip_043,lastra,32.0,4.475,0.0
clip_043,tridx,32.0,4.475,0.0
clip_043,niefqu,32.0,4.475,0.0
clip_043,haw,32.0,4.475,0.0
clip_043,nistennew,32.0,4.475,0.0
clip_043,li,32.0,4.475,0.0
clip_043,jżemmgħa,41.501,9.292,0.0
clip_043,qagħda,41.501,9.292,0.0
clip_043,billi,41.501,9.292,0.0
clip_043,nuqtlilha,41.501,9.292,0.0
clip_043,l-aħrus,41.501,9.292,0.0
clip_043,tagħha,41.501,9.292,0.0
clip_043,billi,41.501,9.292,0.0
clip_043,n,41.501,9.292,0.0
clip_043,jasrilha,41.501,9.292,0.0
clip_043,-niesa,41.501,9.292,0.0
clip_043,billi,41.501,9.292,0.0
clip_043,neħħodha,41.501,9.292,0.0
clip_043,bil-forz,41.501,9.292,0.0
clip_043,taħtidejja,41.501,9.292,0.0
clip_043,daqqa,41.501,9.292,0.0
clip_043,fuq,41.501,9.292,0.0
clip_043,il-kotz,41.501,9.292,0.0
clip_043,tgħonqhom,41.501,9.292,0.0
clip_043,u,41.501,9.292,0.0
clip_043,laqqas,41.501,9.292,0.0
clip_043,naħseb,41.501,9.292,0.0
clip_043,ma,41.501,9.292,0.0
clip_043,rid,41.501,9.292,0.0
clip_043,żgiċċ,41.501,9.292,0.0
clip_043,ma,41.501,9.292,0.0
clip_043,rafx,41.501,9.292,0.0
clip_043,kif,41.501,9.292,0.0
clip_043,jaqbad,41.501,9.292,0.0
clip_043,iwieġbu,41.501,9.292,0.0
clip_043,l-ebda,41.501,9.292,0.0
clip_043,sor,41.501,9.292,0.0
clip_043,klarrisa,41.501,9.292,0.0
clip_043,ma,41.501,9.292,0.0
clip_043,kienet,41.501,9.292,0.0
clip_043,tider,41.501,9.292,0.0
clip_043,qatt,41.501,9.292,0.0
clip_043,ma,41.501,9.292,0.0
clip_043,għanx,41.501,9.292,0.0
clip_043,divorzju,41.501,9.292,0.0
clip_043,hawn,41.501,9.292,0.0
clip_043,n,41.501,9.292,0.0
clip_043,nieħdu,41.501,9.292,0.0
clip_043,grokk,41.501,9.292,0.0
clip_043,kien,41.501,9.292,0.0
clip_043,qisu,41.501,9.292,0.0
clip_043,qed,41.501,9.292,0.0
clip_043,ikellem,41.501,9.292,0.0
clip_043,il-ħajt,41.501,9.292,0.0
clip_043,sebga,41.501,9.292,0.0
clip_043,ugħoxrin,41.501,9.292,0.0
clip_043,fix-xogħol,41.501,9.292,0.0
clip_043,u,41.501,9.292,0.0
clip_043,l-figura,41.501,9.292,0.0
clip_043,żejda,41.501,9.292,0.0
clip_043,li,41.501,9.292,0.0
clip_043,toħloqlu,41.501,9.292,0.0
clip_043,l-ostakli,41.501,9.292,0.0
clip_043,fil-ġirja,41.501,9.292,0.0
clip_043,tiegħu,41.501,9.292,0.0
clip_043,biex,41.501,9.292,0.0
clip_043,jaħdem,41.501,9.292,0.0
clip_043,aktar,41.501,9.292,0.0
clip_043,xandru,41.501,9.292,0.0
clip_043,kienu,41.501,9.292,0.0
clip_043,qegħdin,41.501,9.292,0.0
clip_043,bilqiegħda,41.501,9.292,0.0
clip_043,fuq,41.501,9.292,0.0
clip_043,il-blata,41.501,9.292,0.0
clip_043,kbira,41.501,9.292,0.0
clip_043,li,41.501,9.292,0.0
clip_043,kienet,41.501,9.292,0.0
clip_043,ftit,41.501,9.292,0.0
clip_043,għola,41.501,9.292,0.0
clip_043,min-nies,41.501,9.292,0.0
clip_043,biex,41.501,9.292,0.0
clip_043,b',41.501,9.292,0.0
clip_043,hekk,41.501,9.292,0.0
clip_043,kulħadd,41.501,9.292,0.0
clip_043,ikun,41.501,9.292,0.0
clip_043,jista',41.501,9.292,0.0
clip_043,jarawha,41.501,9.292,0.0
clip_043,meta,41.501,9.292,0.0
clip_043,jkellmuhom,41.501,9.292,0.0
clip_044,ma,2.0,0.071,0.0
clip_044,naħsibx,2.0,0.071,0.0
clip_044,li,2.0,0.071,0.0
clip_044,mort,2.0,0.071,0.0
clip_044,ħafna,2.0,0.071,0.0
clip_044,sbal,4.0,0.146,0.0
clip_044,u,4.0,0.146,0.0
clip_044,xaktarliżmien,26.0,2.901,0.0
clip_044,lili,26.0,2.901,0.0
clip_044,wkoll,26.0,2.901,0.0
clip_044,qad,26.0,2.901,0.0
clip_044,jagħtini,26.0,2.901,0.0
clip_044,raġun,26.0,2.901,0.0
clip_044,vassal,26.0,2.901,0.0
clip_044,waqaf,26.0,2.901,0.0
clip_044,fil-quċċata,26.0,2.901,0.0
clip_044,ta',26.0,2.901,0.0
clip_044,dik,26.0,2.901,0.0
clip_044,il-għolja,26.0,2.901,0.0
clip_044,b',26.0,2.901,0.0
clip_044,idu,26.0,2.901,0.0
clip_044,l-waħda,26.0,2.901,0.0
clip_044,fuq,26.0,2.901,0.0
clip_044,il-pum,26.0,2.901,0.0
clip_044,tax-xabla,26.0,2.901,0.0
clip_044,u,26.0,2.901,0.0
clip_044,l-ieħor,26.0,2.901,0.0
clip_044,bissejf,26.0,2.901,0.0
clip_044,mislut,26.0,2.901,0.0
clip_044,fiha,26.0,2.901,0.0
clip_044,donnhom,26.0,2.901,0.0
clip_044,kienu,26.0,2.901,0.0
clip_044,qed,26.0,2.901,0.0
clip_044,jitkellmu,26.0,2.901,0.0
clip_044,bilsien,26.0,2.901,0.0
clip_044,barrani,26.0,2.901,0.0
clip_044,kien,26.0,2.901,0.0
clip_044,stieden,26.0,2.901,0.0
clip_044,lil,26.0,2.901,0.0
clip_044,dawk,26.0,2.901,0.0
clip_044,li,26.0,2.901,0.0
clip_044,kellhom,26.0,2.901,0.0
clip_044,xi,26.0,2.901,0.0
clip_044,stejjer,26.0,2.901,0.0
clip_044,għa,26.0,2.901,0.0
clip_044,-tfal,31.947,4.451,0.0
clip_044,biex,31.947,4.451,0.0
clip_044,jibagħtuhom,31.947,4.451,0.0
clip_044,għal,31.947,4.451,0.0
clip_044,dal-programm,31.947,4.451,0.0
clip_044,iżda,31.947,4.451,0.0
clip_044,kienu,31.947,4.451,0.0
clip_044,jintarfu,31.947,4.451,0.0
clip_044,sew,31.947,4.451,0.0
clip_044,mid-daqs,31.947,4.451,0.0
clip_044,u,31.947,4.451,0.0
clip_044,l-piż,31.947,4.451,0.0
clip_044,mnejn,31.947,4.451,0.0
clip_044,sa,31.947,4.451,0.0
clip_044,fejn,31.947,4.451,0.0
clip_044,daqsxejn,31.947,4.451,0.0
clip_044,ta',31.947,4.451,0.0
clip_044,tabib,31.947,4.451,0.0
clip_044,għandu,31.947,4.451,0.0
clip_044,jkun,31.947,4.451,0.0
clip_044,maħbub,31.947,4.451,0.0
clip_044,minn,31.947,4.451,0.0
clip_044,kulħadd,31.947,4.451,0.0
clip_044,u,31.947,4.451,0.0
clip_044,jien,31.947,4.451,0.0
clip_044,wa,31.947,4.451,0.0
clip_044,ħadd,31.947,4.451,0.0
clip_044,ma,31.947,4.451,0.0
clip_044,jħares,31.947,4.451,0.0
clip_044,lejha,31.947,4.451,0.0
clip_044,ġralu,31.947,4.451,0.0
clip_044,xi,31.947,4.451,0.0
clip_044,ħaġa,31.947,4.451,0.0
clip_044,żgur,31.947,4.451,0.0
clip_045,u,2.0,0.092,0.0
clip_045,kappel,2.0,0.092,0.0
clip_045,ġo,2.0,0.092,0.0
clip_045,rasu,2.0,0.092,0.0
clip_045,biex,2.0,0.092,0.0
clip_045,imur,2.0,0.092,0.0
clip_045,jaqbadhom,4.0,0.164,0.0
clip_045,u,4.0,0.164,0.0
clip_045,jaqfilhom,4.0,0.164,0.0
clip_045,f',4.0,0.164,0.0
clip_045,posthom,6.0,0.258,0.0
clip_045,u,6.0,0.258,0.0
clip_045,għandu,8.0,0.384,0.0
clip_045,basket,8.0,0.384,0.0
clip_045,wara,8.0,0.384,0.0
clip_045,daru,32.0,4.498,0.0
clip_045,ried,32.0,4.498,0.0
clip_045,jitbiegħet,32.0,4.498,0.0
clip_045,b',32.0,4.498,0.0
clip_045,xi,32.0,4.498,0.0
clip_045,mod,32.0,4.498,0.0
clip_045,minn,32.0,4.498,0.0
clip_045,dan,32.0,4.498,0.0
clip_045,il-post,32.0,4.498,0.0
clip_045,ħalli,32.0,4.498,0.0
clip_045,ngħidlek,32.0,4.498,0.0
clip_045,mast,32.0,4.498,0.0
clip_045,beda,32.0,4.498,0.0
clip_045,jħarref,32.0,4.498,0.0
clip_045,lix-xwejjaħ,32.0,4.498,0.0
clip_045,b',32.0,4.498,0.0
clip_045,ton,32.0,4.498,0.0
clip_045,l-aktar,32.0,4.498,0.0
clip_045,serju,32.0,4.498,0.0
clip_045,dawk,32.0,4.498,0.0
clip_045,qatt,32.0,4.498,0.0
clip_045,ma,32.0,4.498,0.0
clip_045,nkun,32.0,4.498,0.0
clip_045,iried,32.0,4.498,0.0
clip_045,narahom,32.0,4.498,0.0
clip_045,ma,32.0,4.498,0.0
clip_045,rafx,32.0,4.498,0.0
clip_045,il-kitba,32.0,4.498,0.0
clip_045,iżda,32.0,4.498,0.0
clip_045,dehred,32.0,4.498,0.0
clip_045,xogħol,32.0,4.498,0.0
clip_045,id,32.0,4.498,0.0
clip_045,femminili,32.0,4.498,0.0
clip_045,u,32.0,4.498,0.0
clip_045,dan,32.0,4.498,0.0
clip_045,kien,32.0,4.498,0.0
clip_045,dettal,32.0,4.498,0.0
clip_045,li,32.0,4.498,0.0
clip_045,beżżgħu,32.0,4.498,0.0
clip_045,hemm,32.0,4.498,0.0
clip_045,nies,32.0,4.498,0.0
clip_045,jiggranfaw,32.0,4.498,0.0
clip_045,miegħu,49.344,15.344,0.0
clip_045,jitilgħu,49.344,15.344,0.0
clip_045,bilqiegħda,49.344,15.344,0.0
clip_045,fuqu,49.344,15.344,0.0
clip_045,mur,49.344,15.344,0.0
clip_045,landa,49.344,15.344,0.0
clip_045,tlaq,49.344,15.344,0.0
clip_045,beda,49.344,15.344,0.0
clip_045,jgħajjat,49.344,15.344,0.0
clip_045,marku,49.344,15.344,0.0
clip_045,f',49.344,15.344,0.0
clip_045,daqqa,49.344,15.344,0.0
clip_045,waħda,49.344,15.344,0.0
clip_045,qabadni,49.344,15.344,0.0
clip_045,pàniku,49.344,15.344,0.0
clip_045,kbir,49.344,15.344,0.0
clip_045,xi,49.344,15.344,0.0
clip_045,ħadd,49.344,15.344,0.0
clip_045,ħallha,49.344,15.344,0.0
clip_045,l-biewa,49.344,15.344,0.0
clip_045,tal-gallinar,49.344,15.344,0.0
clip_045,miftuħa,49.344,15.344,0.0
clip_045,u,49.344,15.344,0.0
clip_045,bla,49.344,15.344,0.0
clip_045,ma,49.344,15.344,0.0
clip_045,qad,49.344,15.344,0.0
clip_045,jaħsibha,49.344,15.344,0.0
clip_045,darbtejn,49.344,15.344,0.0
clip_045,xiħed,49.344,15.344,0.0
clip_045,kowt,49.344,15.344,0.0
clip_045,fuqu,49.344,15.344,0.0
clip_046,imbagħad,2.0,0.075,0.0
clip_046,filgħodu,4.0,0.146,0.0
clip_046,konna,4.0,0.146,0.0
clip_046,mmorru,4.0,0.146,0.0
clip_046,nikxfu,48.0,13.833,0.0
clip_046,xkora,48.0,13.833,0.0
clip_046,biċċa,48.0,13.833,0.0
clip_046,biċċa,48.0,13.833,0.0
clip_046,il-mużika,48.0,13.833,0.0
clip_046,iktar,48.0,13.833,0.0
clip_046,mgħaġla,48.0,13.833,0.0
clip_046,wenzu,52.676,22.214,0.0
clip_046,baqa',52.676,22.214,0.0
clip_046,bħal,52.676,22.214,0.0
clip_046,mixrup,52.676,22.214,0.0
clip_046,fih,52.676,22.214,0.0
clip_046,innifsu,52.676,22.214,0.0
clip_046,jħares,52.676,22.214,0.0
clip_046,lejh,52.676,22.214,0.0
clip_046,iktar,52.676,22.214,0.0
clip_046,ma,52.676,22.214,0.0
clip_046,tkun,52.676,22.214,0.0
clip_046,qed,52.676,22.214,0.0
clip_046,tweġġa',52.676,22.214,0.0
clip_046,iktar,52.676,22.214,0.0
clip_046,tkun,52.676,22.214,0.0
clip_046,qed,52.676,22.214,0.0
clip_046,tagħmel,52.676,22.214,0.0
clip_046,dak,52.676,22.214,0.0
clip_046,li,52.676,22.214,0.0
clip_046,jrid,52.676,22.214,0.0
clip_046,isir,52.676,22.214,0.0
clip_046,kulħadd,52.676,22.214,0.0
clip_046,kien,52.676,22.214,0.0
clip_046,bilwieqfa,52.676,22.214,0.0
clip_046,u,52.676,22.214,0.0
clip_046,mtertaq,52.676,22.214,0.0
clip_046,bit-tensjoni,52.676,22.214,0.0
clip_046,filwaqt,52.676,22.214,0.0
clip_046,lil,52.676,22.214,0.0
clip_046,il-minuti,52.676,22.214,0.0
clip_046,bdew,52.676,22.214,0.0
clip_046,għaddejin,52.676,22.214,0.0
clip_046,bil-mod,52.676,22.214,0.0
clip_046,x',52.676,22.214,0.0
clip_046,jidhrilkom,52.676,22.214,0.0
clip_046,l-aħwa,52.676,22.214,0.0
clip_046,kien,52.676,22.214,0.0
clip_046,imissa,52.676,22.214,0.0
clip_046,kompliet,52.676,22.214,0.0
clip_046,il-kors,52.676,22.214,0.0
clip_046,tal-pittura,52.676,22.214,0.0
clip_046,bil-kwiet,52.676,22.214,0.0
clip_046,u,52.676,22.214,0.0
clip_046,ma,52.676,22.214,0.0
clip_046,qanqlet,52.676,22.214,0.0
clip_046,xejn,52.676,22.214,0.0
clip_046,li,52.676,22.214,0.0
clip_046,jippreġudika,52.676,22.214,0.0
clip_046,l-ħila,52.676,22.214,0.0
clip_046,tagħha,52.676,22.214,0.0
clip_046,f',52.676,22.214,0.0
clip_046,qasam,52.676,22.214,0.0
clip_046,daqshekk,52.676,22.214,0.0
clip_046,għall,52.676,22.214,0.0
clip_046,qalba,52.676,22.214,0.0
clip_046,tassewġieni,52.676,22.214,0.0
clip_046,tajjeb,52.676,22.214,0.0
clip_046,iż-żarbun,52.676,22.214,0.0
clip_046,li,52.676,22.214,0.0
clip_046,bgħatli,52.676,22.214,0.0
clip_046,iż-żewġ,52.676,22.214,0.0
clip_046,kaxxi,52.676,22.214,0.0
clip_046,kienu,52.676,22.214,0.0
clip_046,mkebbin,52.676,22.214,0.0
clip_046,f',52.676,22.214,0.0
clip_046,karti,52.676,22.214,0.0
clip_046,bħal,52.676,22.214,0.0
clip_046,xulxin,52.676,22.214,0.0
clip_046,u,52.676,22.214,0.0
clip_046,marbutin,52.676,22.214,0.0
clip_046,bl-ispakk,52.676,22.214,0.0
clip_046,qishom,52.676,22.214,0.0
clip_046,xorta,52.676,22.214,0.0
clip_046,tomi,52.676,22.214,0.0
clip_046,ftakar,52.676,22.214,0.0
clip_046,li,52.676,22.214,0.0
clip_046,dan,52.676,22.214,0.0
clip_046,kien,52.676,22.214,0.0
clip_046,għadu,52.676,22.214,0.0
clip_046,ma,52.676,22.214,0.0
clip_046,lestiex,52.676,22.214,0.0
clip_046,il-proġett,52.676,22.214,0.0
clip_046,għal,52.676,22.214,0.0
clip_046,nhar,52.676,22.214,0.0
clip_046,it-tnejn,52.676,22.214,0.0
clip_047,il-biba,6.0,0.25,0.0
clip_047,te,6.0,0.25,0.0
clip_047,dagħmet,6.0,0.25,0.0
clip_047,sejra,6.0,0.25,0.0
clip_047,sas-sigħat,6.0,0.25,0.0
clip_047,bi,6.0,0.25,0.0
clip_047,krin,6.0,0.25,0.0
clip_047,ta',6.0,0.25,0.0
clip_047,filgħodu,6.0,0.25,0.0
clip_047,l-imħabba,6.0,0.25,0.0
clip_047,kienet,6.0,0.25,0.0
clip_047,għadha,8.0,0.376,0.0
clip_047,ma,8.0,0.376,0.0
clip_047,ħabbtietx,39.359,8.02,0.0
clip_047,fuq,39.359,8.02,0.0
clip_047,il-bieb,39.359,8.02,0.0
clip_047,tagħha,39.359,8.02,0.0
clip_047,din,39.359,8.02,0.0
clip_047,kienet,39.359,8.02,0.0
clip_047,tilabbiha,39.359,8.02,0.0
clip_047,ommok,39.359,8.02,0.0
clip_047,meta,39.359,8.02,0.0
clip_047,kienet,39.359,8.02,0.0
clip_047,tamparek,39.359,8.02,0.0
clip_047,qalt,39.359,8.02,0.0
clip_047,lun-nanna,39.359,8.02,0.0
clip_047,meta,39.359,8.02,0.0
clip_047,telaq,39.359,8.02,0.0
clip_047,kulħadd,39.359,8.02,0.0
clip_047,qgħad,39.359,8.02,0.0
clip_047,kwiet,39.359,8.02,0.0
clip_047,u,39.359,8.02,0.0
clip_047,hawn,39.359,8.02,0.0
clip_047,in-nervi,39.359,8.02,0.0
clip_047,tan-nannu,39.359,8.02,0.0
clip_047,bdew,39.359,8.02,0.0
clip_047,tilgħajn,39.359,8.02,0.0
clip_047,klara,39.359,8.02,0.0
clip_047,hekk,39.359,8.02,0.0
clip_047,kif,39.359,8.02,0.0
clip_047,naraw,39.359,8.02,0.0
clip_047,dik,39.359,8.02,0.0
clip_047,l-espressjoni,39.359,8.02,0.0
clip_047,stramba,39.359,8.02,0.0
clip_047,fuq,39.359,8.02,0.0
clip_047,wiċċu,39.359,8.02,0.0
clip_047,konna,39.359,8.02,0.0
clip_047,lkolmaxew,39.359,8.02,0.0
clip_047,bid-daħk,39.359,8.02,0.0
clip_047,u,39.359,8.02,0.0
clip_047,xi,39.359,8.02,0.0
clip_047,ħadd,39.359,8.02,0.0
clip_047,minn,39.359,8.02,0.0
clip_047,wara,39.359,8.02,0.0
clip_047,kien,39.359,8.02,0.0
clip_047,jgħid,39.359,8.02,0.0
clip_047,għaras-ser,39.359,8.02,0.0
clip_047,qed,39.359,8.02,0.0
clip_047,jidħaq,39.359,8.02,0.0
clip_047,kienet,39.359,8.02,0.0
clip_047,tħossha,39.359,8.02,0.0
clip_047,konvinta,39.359,8.02,0.0
clip_047,li,39.359,8.02,0.0
clip_047,ommha,39.359,8.02,0.0
clip_047,u,39.359,8.02,0.0
clip_047,missierha,39.359,8.02,0.0
clip_047,ma,39.359,8.02,0.0
clip_047,jirfitaw,39.359,8.02,0.0
clip_047,qatt,39.359,8.02,0.0
clip_047,li,39.359,8.02,0.0
clip_047,jrabbu,39.359,8.02,0.0
clip_047,lin-neputija,39.359,8.02,0.0
clip_047,f',39.359,8.02,0.0
clip_047,dak,39.359,8.02,0.0
clip_047,ilwaqt,39.359,8.02,0.0
clip_047,insit,39.359,8.02,0.0
clip_047,il-ktieb,39.359,8.02,0.0
clip_047,li,39.359,8.02,0.0
clip_047,kienet,39.359,8.02,0.0
clip_047,iegħda,39.359,8.02,0.0
clip_047,taqra,39.359,8.02,0.0
clip_047,u,39.359,8.02,0.0
clip_047,ħallik,39.359,8.02,0.0
clip_047,minn,39.359,8.02,0.0
clip_047,dik,39.359,8.02,0.0
clip_048,illum,2.0,0.064,0.0
clip_048,għadux,2.0,0.064,0.0
clip_048,ikollhom,2.0,0.064,0.0
clip_048,ħafna,2.0,0.064,0.0
clip_048,ġlied,8.0,0.36,0.0
clip_048,u,8.0,0.36,0.0
clip_048,anke,8.0,0.36,0.0
clip_048,jekk,8.0,0.36,0.0
clip_048,ma,8.0,0.36,0.0
clip_048,jabblux,8.0,0.36,0.0
clip_048,f',8.0,0.36,0.0
clip_048,kollox,8.0,0.36,0.0
clip_048,f',8.0,0.36,0.0
clip_048,kollox,8.0,0.36,0.0
clip_048,xorta,8.0,0.36,0.0
clip_048,waħda,8.0,0.36,0.0
clip_048,jirrispettaw,8.0,0.36,0.0
clip_048,ħafna,8.0,0.36,0.0
clip_048,lil,8.0,0.36,0.0
clip_048,xulxin,16.0,1.151,0.0
clip_048,kienet,16.0,1.151,0.0
clip_048,mifnija,16.0,1.151,0.0
clip_048,bin-nagħas,20.0,1.735,0.0
clip_048,ħadd,20.0,1.735,0.0
clip_048,ma,20.0,1.735,0.0
clip_048,weġibha,20.0,1.735,0.0
clip_048,fittixt,20.0,1.735,0.0
clip_048,il-wens,20.0,1.735,0.0
clip_048,f',20.0,1.735,0.0
clip_048,dirajn,20.0,1.735,0.0
clip_048,il-madalena,20.0,1.735,0.0
clip_048,il-biżħa',20.0,1.735,0.0
clip_048,tiegħu,20.0,1.735,0.0
clip_048,kien,20.0,1.735,0.0
clip_048,imħallatmaċitament,25.25,2.892,0.0
clip_048,u,25.25,2.892,0.0
clip_048,tama,25.25,2.892,0.0
clip_048,li,25.25,2.892,0.0
clip_048,forsi,25.25,2.892,0.0
clip_048,se,25.25,2.892,0.0
clip_048,jkun,25.25,2.892,0.0
clip_048,jista',25.25,2.892,0.0
clip_048,jsib,25.25,2.892,0.0
clip_048,xi,25.25,2.892,0.0
clip_048,risposta,25.25,2.892,0.0
clip_048,jew,25.25,2.892,0.0
clip_048,spjegazzjoni,25.25,2.892,0.0
clip_048,għal,25.25,2.892,0.0
clip_048,dawn,25.25,2.892,0.0
clip_048,l-affarijiet,25.25,2.892,0.0
clip_048,strambi,25.25,2.892,0.0
clip_048,kollha,25.25,2.892,0.0
clip_048,li,25.25,2.892,0.0
clip_048,kienu,25.25,2.892,0.0
clip_048,qed,25.25,2.892,0.0
clip_048,jiġrulu,25.25,2.892,0.0
clip_048,givmitriers,25.25,2.892,0.0
clip_049,gradwajna,2.0,0.073,0.0
clip_049,flimkien,4.0,0.136,0.0
clip_049,issa,4.0,0.136,0.0
clip_049,jfiġġu,4.0,0.136,0.0
clip_049,minn,4.0,0.136,0.0
clip_049,hawn,6.0,0.229,0.0
clip_049,issa,6.0,0.229,0.0
clip_049,jidru,8.0,0.358,0.0
clip_049,-minn,48.729,15.302,0.0
clip_049,inn,48.729,15.302,0.0
clip_049,fil,48.729,15.302,0.0
clip_049,li,48.729,15.302,0.0
clip_049,ma,48.729,15.302,0.0
clip_049,tarahomx,48.729,15.302,0.0
clip_049,fillit,48.729,15.302,0.0
clip_049,'il,48.729,15.302,0.0
clip_049,maħhom,48.729,15.302,0.0
clip_049,ġot,48.729,15.302,0.0
clip_049,toqba,48.729,15.302,0.0
clip_049,l-kbira,48.729,15.302,0.0
clip_049,u,48.729,15.302,0.0
clip_049,tgħidx,48.729,15.302,0.0
clip_049,kemm,48.729,15.302,0.0
clip_049,il-ħin,48.729,15.302,0.0
clip_049,għaddew,48.729,15.302,0.0
clip_049,fil-lgħob,48.729,15.302,0.0
clip_049,min,48.729,15.302,0.0
clip_049,jaf,48.729,15.302,0.0
clip_049,rik,48.729,15.302,0.0
clip_049,ollha,48.729,15.302,0.0
clip_049,spaltu,48.729,15.302,0.0
clip_049,'il,48.729,15.302,0.0
clip_049,fuq,48.729,15.302,0.0
clip_049,b',48.729,15.302,0.0
clip_049,sinjal,48.729,15.302,0.0
clip_049,li,48.729,15.302,0.0
clip_049,għalih,48.729,15.302,0.0
clip_049,kien,48.729,15.302,0.0
clip_049,tajjeb,48.729,15.302,0.0
clip_049,u,48.729,15.302,0.0
clip_049,xon,48.729,15.302,0.0
clip_049,dar,48.729,15.302,0.0
clip_049,lejn,48.729,15.302,0.0
clip_049,abram,48.729,15.302,0.0
clip_049,mitejn,48.729,15.302,0.0
clip_049,u,48.729,15.302,0.0
clip_049,disgħa,48.729,15.302,0.0
clip_049,wara,48.729,15.302,0.0
clip_049,mija,48.729,15.302,0.0
clip_049,u,48.729,15.302,0.0
clip_049,erbħa,48.729,15.302,0.0
clip_049,mija,48.729,15.302,0.0
clip_049,u,48.729,15.302,0.0
clip_049,ħamsa,48.729,15.302,0.0
clip_049,jidħa,48.729,15.302,0.0
clip_049,xwex,48.729,15.302,0.0
clip_049,mal-purtiera,48.729,15.302,0.0
clip_049,tax-xower,48.729,15.302,0.0
clip_049,qalilha,48.729,15.302,0.0
clip_049,bil-ftit,48.729,15.302,0.0
clip_049,li,48.729,15.302,0.0
clip_049,kien,48.729,15.302,0.0
clip_049,jaf,48.729,15.302,0.0
clip_049,ħażina,48.729,15.302,0.0
clip_049,jaħtafha,48.729,15.302,0.0
clip_049,grezzju,48.729,15.302,0.0
clip_049,-irġiel,48.729,15.302,0.0
clip_049,żammu,48.729,15.302,0.0
clip_049,ruħhom,48.729,15.302,0.0
clip_049,fil-bogħod,48.729,15.302,0.0
clip_049,kemm,48.729,15.302,0.0
clip_049,setgħu,48.729,15.302,0.0
clip_049,u,48.729,15.302,0.0
clip_049,l-belt,48.729,15.302,0.0
clip_049,saret,48.729,15.302,0.0
clip_049,f',48.729,15.302,0.0
clip_049,daqqa,48.729,15.302,0.0
clip_049,waħda,48.729,15.302,0.0
clip_049,kamp,48.729,15.302,0.0
clip_049,tal-franċiżi,48.729,15.302,0.0
clip_049,kien,48.729,15.302,0.0
clip_049,jasal,48.729,15.302,0.0
clip_049,dejjem,48.729,15.302,0.0
clip_049,qabel,48.729,15.302,0.0
clip_049,kulħadd,48.729,15.302,0.0
clip_049,biex,48.729,15.302,0.0
clip_049,jiflaħ,48.729,15.302,0.0
clip_049,-l-iskola,48.729,15.302,0.0
clip_049,u,48.729,15.302,0.0
clip_049,jneħħi,48.729,15.302,0.0
clip_049,kollox,48.729,15.302,0.0
clip_049,sa,48.729,15.302,0.0
clip_049,ma,48.729,15.302,0.0
clip_049,jidħlu,48.729,15.302,0.0
clip_049,-tfal,48.729,15.302,0.0
clip_049,kunċett,48.729,15.302,0.0
clip_049,ma,48.729,15.302,0.0
clip_049,nafx,48.729,15.302,0.0
clip_049,xien,48.729,15.302,0.0
clip_050,gajrin,38.0,7.057,0.0
clip_050,xtaqet,38.0,7.057,0.0
clip_050,tibilgħu,38.0,7.057,0.0
clip_050,melchiur,40.0,8.14,0.0
clip_050,kien,40.0,8.14,0.0
clip_050,l-iktar,40.0,8.14,0.0
clip_050,wieħed,40.0,8.14,0.0
clip_050,intelliġenti,40.0,8.14,0.0
clip_050,fusthom,40.0,8.14,0.0
clip_050,u,40.0,8.14,0.0
clip_050,danil-fatt,40.0,8.14,0.0
clip_050,kien,40.0,8.14,0.0
clip_050,jipprova,40.0,8.14,0.0
clip_050,jiftakarhom,40.0,8.14,0.0
clip_050,kull,40.0,8.14,0.0
clip_050,mument,40.0,8.14,0.0
clip_050,li,40.0,8.14,0.0
clip_050,kien,40.0,8.14,0.0
clip_050,jista',40.0,8.14,0.0
clip_050,jipprova,40.0,8.14,0.0
clip_050,jilixxa,40.0,8.14,0.0
clip_050,wiċċu,40.0,8.14,0.0
clip_050,b'idu,48.0,13.877,0.0
clip_050,u,48.0,13.877,0.0
clip_050,jikteb,48.0,13.877,0.0
clip_050,l-erbgħa,48.0,13.877,0.0
clip_050,linji,48.0,13.877,0.0
clip_050,taħt,48.0,13.877,0.0
clip_050,xulxin,48.0,13.877,0.0
clip_050,kien,48.0,13.877,0.0
clip_050,verament,48.0,13.877,0.0
clip_050,għajjien,48.0,13.877,0.0
clip_050,u,48.0,13.877,0.0
clip_050,kellu,48.0,13.877,0.0
clip_050,ħafna,48.0,13.877,0.0
clip_050,ġuħ,48.0,13.877,0.0
clip_050,ġismu,48.0,13.877,0.0
clip_050,kien,48.0,13.877,0.0
clip_050,ukoll,48.0,13.877,0.0
clip_050,muġuħ,48.0,13.877,0.0
clip_050,u,48.0,13.877,0.0
clip_050,rasu,48.0,13.877,0.0
clip_050,riedħet,48.0,13.877,0.0
clip_050,tisplodi,48.0,13.877,0.0
clip_050,s',48.0,13.877,0.0
clip_050,issha,53.67,26.904,0.0
clip_050,għadha,53.67,26.904,0.0
clip_050,ma,53.67,26.904,0.0
clip_050,għaditx,53.67,26.904,0.0
clip_050,ralvistita,53.67,26.904,0.0
clip_050,dmija,53.67,26.904,0.0
clip_050,dmija,53.67,26.904,0.0
clip_050,mal-ħitan,53.67,26.904,0.0
clip_050,dmija,53.67,26.904,0.0
clip_050,mal-madun,53.67,26.904,0.0
clip_050,abjad,53.67,26.904,0.0
clip_050,dmija,53.67,26.904,0.0
clip_050,fuq,53.67,26.904,0.0
clip_050,il-ħwejjeġ,53.67,26.904,0.0
clip_050,dmija,53.67,26.904,0.0
clip_050,mal-bibin,53.67,26.904,0.0
clip_050,tal-karozzi,53.67,26.904,0.0
clip_050,mill-espressjoni,53.67,26.904,0.0
clip_050,ta',53.67,26.904,0.0
clip_050,niket,53.67,26.904,0.0
clip_050,fuq,53.67,26.904,0.0
clip_050,wiċċha,53.67,26.904,0.0
clip_050,ġanni,53.67,26.904,0.0
clip_050,ħaseb,53.67,26.904,0.0
clip_050,li,53.67,26.904,0.0
clip_050,miet,53.67,26.904,0.0
clip_050,xi,53.67,26.904,0.0
clip_050,ħadd,53.67,26.904,0.0
clip_050,u,53.67,26.904,0.0
clip_050,xejn,53.67,26.904,0.0
clip_050,ma,53.67,26.904,0.0
clip_050,kienet,53.67,26.904,0.0
clip_050,isibha,53.67,26.904,0.0
clip_050,bi,53.67,26.904,0.0
clip_050,tqila,53.67,26.904,0.0
clip_050,biex,53.67,26.904,0.0
clip_050,titla',53.67,26.904,0.0
clip_050,żowġ,53.67,26.904,0.0
clip_050,sulari,53.67,26.904,0.0
clip_050,kuljum,53.67,26.904,0.0
clip_050,min,53.67,26.904,0.0
clip_050,jaf,53.67,26.904,0.0
clip_050,għalkemil,53.67,26.904,0.0
clip_050,darba,53.67,26.904,0.0
clip_050,forsi,53.67,26.904,0.0
clip_050,għalik,53.67,26.904,0.0
clip_050,riedu,53.67,26.904,0.0
clip_050,jgħidulu,53.67,26.904,0.0
clip_050,li,53.67,26.904,0.0
clip_050,għadek,53.67,26.904,0.0
clip_050,żagħżugħ,53.67,26.904,0.0
clip_050,ħajtek,53.67,26.904,0.0
clip_050,quddiemek,53.67,26.904,0.0
clip_050,dak,53.67,26.904,0.0
clip_050,il-ħalliel,53.67,26.904,0.0
clip_050,kiense,53.67,26.904,0.0
clip_050,jjtih,53.67,26.904,0.0
clip_050,ferħ,53.67,26.904,0.0
clip_050,ta',53.67,26.904,0.0
clip_050,ġen,53.67,26.904,0.0
clip_051,jason,8.0,0.367,0.0
clip_051,u,8.0,0.367,0.0
clip_051,stella,20.0,1.708,0.0
clip_051,kienu,20.0,1.708,0.0
clip_051,jinsabu,20.0,1.708,0.0
clip_051,fl-arja,20.0,1.708,0.0
clip_051,faċċata,20.0,1.708,0.0
clip_051,ta',20.0,1.708,0.0
clip_051,xurxin,20.0,1.708,0.0
clip_051,iżda,20.0,1.708,0.0
clip_051,kienu,20.0,1.708,0.0
clip_051,jidhru,20.0,1.708,0.0
clip_051,differenti,20.0,1.708,0.0
clip_051,ħafna,20.0,1.708,0.0
clip_051,jista',20.0,1.708,0.0
clip_051,jkun,20.0,1.708,0.0
clip_051,f',20.0,1.708,0.0
clip_051,waqt,20.0,1.708,0.0
clip_051,il---ħbit,32.0,4.387,0.0
clip_051,tal-bieraħ,33.809,4.963,0.0
clip_051,rajt,33.809,4.963,0.0
clip_051,taħdem,33.809,4.963,0.0
clip_051,għall-ewwel,33.809,4.963,0.0
clip_051,darba,33.809,4.963,0.0
clip_051,dik,33.809,4.963,0.0
clip_051,li,33.809,4.963,0.0
clip_051,hawn,33.809,4.963,0.0
clip_051,flaskarest,33.809,4.963,0.0
clip_051,isejħula,33.809,4.963,0.0
clip_051,operation,33.809,4.963,0.0
clip_051,rom,33.809,4.963,0.0
clip_051,f',33.809,4.963,0.0
clip_051,din,33.809,4.963,0.0
clip_051,il-gżira,33.809,4.963,0.0
clip_051,msejħa,33.809,4.963,0.0
clip_051,nuba,33.809,4.963,0.0
clip_051,kien,33.809,4.963,0.0
clip_051,jgħix,33.809,4.963,0.0
clip_051,il-farawni,33.809,4.963,0.0
clip_051,li,33.809,4.963,0.0
clip_051,kien,33.809,4.963,0.0
clip_051,mexxi,33.809,4.963,0.0
clip_051,il-mexxej,33.809,4.963,0.0
clip_051,tan-nies,33.809,4.963,0.0
clip_051,kollha,33.809,4.963,0.0
clip_051,li,33.809,4.963,0.0
clip_051,jgħixu,33.809,4.963,0.0
clip_051,fir,33.809,4.963,0.0
clip_051,raba',33.809,4.963,0.0
clip_051,dinja,33.809,4.963,0.0
clip_051,kif,33.809,4.963,0.0
clip_051,qalilna,33.809,4.963,0.0
clip_051,l-gvernatur,33.809,4.963,0.0
clip_051,jaħsbu,33.809,4.963,0.0
clip_051,li,33.809,4.963,0.0
clip_051,l-ġermaniżi,33.809,4.963,0.0
clip_051,jistgħu,33.809,4.963,0.0
clip_051,jinbdew,33.809,4.963,0.0
clip_051,billi,33.809,4.963,0.0
clip_051,ili,33.809,4.963,0.0
clip_051,ta,33.809,4.963,0.0
clip_051,bnazzi,33.809,4.963,0.0
clip_051,li,33.809,4.963,0.0
clip_051,ġejjin,33.809,4.963,0.0
clip_051,biex,33.809,4.963,0.0
clip_051,jaħbtu,33.809,4.963,0.0
clip_051,għalina,33.809,4.963,0.0
clip_051,bl-ajru,33.809,4.963,0.0
clip_051,u,33.809,4.963,0.0
clip_051,bil-baħar,33.809,4.963,0.0
clip_052,kull,2.0,0.073,0.0
clip_052,sulfarina,2.0,0.073,0.0
clip_052,kienet,2.0,0.073,0.0
clip_052,tgajġal,51.592,16.879,0.0
clip_052,tirrakkuntali,51.592,16.879,0.0
clip_052,l-istorja,51.592,16.879,0.0
clip_052,tagħha,51.592,16.879,0.0
clip_052,ħafna,51.592,16.879,0.0
clip_052,diġà,51.592,16.879,0.0
clip_052,qed,51.592,16.879,0.0
clip_052,ibassru,51.592,16.879,0.0
clip_052,li,51.592,16.879,0.0
clip_052,l-biċċa,51.592,16.879,0.0
clip_052,se,51.592,16.879,0.0
clip_052,tiġri,51.592,16.879,0.0
clip_052,flelfejn,51.592,16.879,0.0
clip_052,u,51.592,16.879,0.0
clip_052,tnax,51.592,16.879,0.0
clip_052,malli,51.592,16.879,0.0
clip_052,jasal,51.592,16.879,0.0
clip_052,mu,51.592,16.879,0.0
clip_052,se,51.592,16.879,0.0
clip_052,jkollu,51.592,16.879,0.0
clip_052,bżonn,51.592,16.879,0.0
clip_052,jiftakar,51.592,16.879,0.0
clip_052,xejn,51.592,16.879,0.0
clip_052,forsi,51.592,16.879,0.0
clip_052,lanqas,51.592,16.879,0.0
clip_052,lil,51.592,16.879,0.0
clip_052,mingu,51.592,16.879,0.0
clip_052,li,51.592,16.879,0.0
clip_052,ma,51.592,16.879,0.0
clip_052,sillimlux,51.592,16.879,0.0
clip_052,ritornell,51.592,16.879,0.0
clip_052,kiċċ,51.592,16.879,0.0
clip_052,dejlu,51.592,16.879,0.0
clip_052,li,51.592,16.879,0.0
clip_052,-tnejn,51.592,16.879,0.0
clip_052,min-nies,51.592,16.879,0.0
clip_052,għaddew,51.592,16.879,0.0
clip_052,kem-il,51.592,16.879,0.0
clip_052,darba,51.592,16.879,0.0
clip_052,minn,51.592,16.879,0.0
clip_052,taħt,51.592,16.879,0.0
clip_052,it-tieqa,51.592,16.879,0.0
clip_052,donnhom,51.592,16.879,0.0
clip_052,ridu,51.592,16.879,0.0
clip_052,jisimgħu,51.592,16.879,0.0
clip_052,x'',51.592,16.879,0.0
clip_052,qiegħed,51.592,16.879,0.0
clip_052,jingħadt,51.592,16.879,0.0
clip_052,ġewwa,51.592,16.879,0.0
clip_052,dawk,51.592,16.879,0.0
clip_052,il-platti,51.592,16.879,0.0
clip_052,daħħalhom,51.592,16.879,0.0
clip_052,għax,51.592,16.879,0.0
clip_052,nimtlew,51.592,16.879,0.0
clip_052,nemel,51.592,16.879,0.0
clip_052,qgħadt,51.592,16.879,0.0
clip_052,ftit,51.592,16.879,0.0
clip_052,fuq,51.592,16.879,0.0
clip_052,l-għatba,51.592,16.879,0.0
clip_052,imbagħad,51.592,16.879,0.0
clip_052,għalaqt,51.592,16.879,0.0
clip_052,lantiporta,51.592,16.879,0.0
clip_052,warajja,51.592,16.879,0.0
clip_052,u,51.592,16.879,0.0
clip_052,bexċaqt,51.592,16.879,0.0
clip_052,ilbieb,51.592,16.879,0.0
clip_052,anessesin,51.592,16.879,0.0
clip_052,f',51.592,16.879,0.0
clip_052,dak,51.592,16.879,0.0
clip_052,ilwaqt,51.592,16.879,0.0
clip_052,ajruplan,51.592,16.879,0.0
clip_052,ingliż,51.592,16.879,0.0
clip_052,tabillejl,51.592,16.879,0.0
clip_052,ħass,51.592,16.879,0.0
clip_052,wieħed,51.592,16.879,0.0
clip_052,minnhom,51.592,16.879,0.0
clip_052,ħabatgħalliħuu,51.592,16.879,0.0
clip_052,ġarfu,51.592,16.879,0.0
clip_052,l-baħar,51.592,16.879,0.0
clip_052,ta',51.592,16.879,0.0
clip_052,kull,51.592,16.879,0.0
clip_052,sena,51.592,16.879,0.0
clip_052,il-patri,51.592,16.879,0.0
clip_052,li,51.592,16.879,0.0
clip_052,kien,51.592,16.879,0.0
clip_052,emm,51.592,16.879,0.0
clip_052,fil-kunvent,51.592,16.879,0.0
clip_052,ta',51.592,16.879,0.0
clip_052,fra,51.592,16.879,0.0
clip_052,mudest,51.592,16.879,0.0
clip_052,kienu,51.592,16.879,0.0
clip_052,jingħaqdu,51.592,16.879,0.0
clip_052,ma',51.592,16.879,0.0
clip_052,patrijt,51.592,16.879,0.0
clip_052,oħra,51.592,16.879,0.0
clip_052,u,51.592,16.879,0.0
clip_052,jattendu,51.592,16.879,0.0
clip_052,għall-irtir,51.592,16.879,0.0
clip_053,xħin,4.0,0.141,0.0
clip_053,waslet,4.0,0.141,0.0
clip_053,fl-indana,4.0,0.141,0.0
clip_053,tal-ewwel,4.0,0.141,0.0
clip_053,sular,4.0,0.141,0.0
clip_053,daret,4.0,0.141,0.0
clip_053,ħal-kuritur,10.0,0.493,0.0
clip_053,fejn,10.0,0.493,0.0
clip_053,kien,10.0,0.493,0.0
clip_053,hemm,10.0,0.493,0.0
clip_053,il-kamra,10.0,0.493,0.0
clip_053,ta',10.0,0.493,0.0
clip_053,tommy,10.0,0.493,0.0
clip_053,il-kamra,10.0,0.493,0.0
clip_053,tagħha,10.0,0.493,0.0
clip_053,u,10.0,0.493,0.0
clip_053,dik,10.0,0.493,0.0
clip_053,tat-tewmin,10.0,0.493,0.0
clip_053,imma,12.0,0.675,0.0
clip_053,xiex,12.0,0.675,0.0
clip_053,meta,12.0,0.675,0.0
clip_053,fl-aħħar,14.0,0.887,0.0
clip_053,waqqaf,14.0,0.887,0.0
clip_053,u,14.0,0.887,0.0
clip_053,ħareġ,14.0,0.887,0.0
clip_053,millandrover,32.0,4.444,0.0
clip_053,is-sewwieq,32.0,4.444,0.0
clip_053,ra,32.0,4.444,0.0
clip_053,liż-żewġ,32.822,5.0,0.0
clip_053,żgħażagħ,32.822,5.0,0.0
clip_053,jiġru,32.822,5.0,0.0
clip_053,fid-direzzjoni,32.822,5.0,0.0
clip_053,minn,32.822,5.0,0.0
clip_053,fejn,32.822,5.0,0.0
clip_053,kien,32.822,5.0,0.0
clip_053,ġej,32.822,5.0,0.0
clip_053,fittiex,32.822,5.0,0.0
clip_053,t,32.822,5.0,0.0
clip_053,marki,32.822,5.0,0.0
clip_053,u,32.822,5.0,0.0
clip_053,sinjali,32.822,5.0,0.0
clip_053,li,32.822,5.0,0.0
clip_053,ħallew,32.822,5.0,0.0
clip_053,warajhom,32.822,5.0,0.0
clip_053,u,32.822,5.0,0.0
clip_053,rnexxieli,32.822,5.0,0.0
clip_053,nsib,32.822,5.0,0.0
clip_053,ftit,32.822,5.0,0.0
clip_053,forsi,32.822,5.0,0.0
clip_053,anke,32.822,5.0,0.0
clip_053,dawwar,32.822,5.0,0.0
clip_053,rasu,32.822,5.0,0.0
clip_053,u,32.822,5.0,0.0
clip_053,jara,32.822,5.0,0.0
clip_053,x',32.822,5.0,0.0
clip_053,hemm,32.822,5.0,0.0
clip_053,warajh,32.822,5.0,0.0
clip_053,jew,32.822,5.0,0.0
clip_053,iqum,32.822,5.0,0.0
clip_053,bilwieqfa,32.822,5.0,0.0
clip_053,kemm,32.822,5.0,0.0
clip_053,jara,32.822,5.0,0.0
clip_053,fejn,32.822,5.0,0.0
clip_053,kien,32.822,5.0,0.0
clip_053,se,32.822,5.0,0.0
clip_053,jgħaddi,32.822,5.0,0.0
clip_053,s-sigħat,32.822,5.0,0.0
clip_053,li,32.822,5.0,0.0
clip_053,jmiss,32.822,5.0,0.0
clip_054,isha,36.0,5.998,0.0
clip_054,ħrafa,36.0,5.998,0.0
clip_054,wara,36.0,5.998,0.0
clip_054,tlett,44.0,10.477,0.0
clip_054,iiem,44.0,10.477,0.0
clip_054,ta',44.0,10.477,0.0
clip_054,kura,44.0,10.477,0.0
clip_054,u,44.0,10.477,0.0
clip_054,fsied,44.0,10.477,0.0
clip_054,ħassu,44.0,10.477,0.0
clip_054,tajjeb,44.0,10.477,0.0
clip_054,biżżejjed,44.0,10.477,0.0
clip_054,biex,44.0,10.477,0.0
clip_054,iqum,44.0,10.477,0.0
clip_054,bilwieqfa,44.0,10.477,0.0
clip_054,għal,44.0,10.477,0.0
clip_054,ftit,44.0,10.477,0.0
clip_054,minuti,44.0,10.477,0.0
clip_054,imma,44.0,10.477,0.0
clip_054,fil-ħidut,46.0,11.77,0.0
clip_054,ta,46.0,11.77,0.0
clip_054,żmien,46.0,11.77,0.0
clip_054,il-għajd,46.0,11.77,0.0
clip_054,filgħodu,46.0,11.77,0.0
clip_054,kien,46.0,11.77,0.0
clip_054,joħroġ,46.0,11.77,0.0
clip_054,il-vjatku,46.0,11.77,0.0
clip_054,solenni,46.0,11.77,0.0
clip_054,sur,46.0,11.77,0.0
clip_054,gulier,50.966,16.883,0.0
clip_054,mu,50.966,16.883,0.0
clip_054,lorenzi,50.966,16.883,0.0
clip_054,b',50.966,16.883,0.0
clip_054,erba',50.966,16.883,0.0
clip_054,xhieda,50.966,16.883,0.0
clip_054,fuq,50.966,16.883,0.0
clip_054,fuq,50.966,16.883,0.0
clip_054,kien,50.966,16.883,0.0
clip_054,qiegħed,50.966,16.883,0.0
clip_054,jieħu,50.966,16.883,0.0
clip_054,s-sentenza,50.966,16.883,0.0
clip_054,tal-mewt,50.966,16.883,0.0
clip_054,bħala,50.966,16.883,0.0
clip_054,kap,50.966,16.883,0.0
clip_054,tal-konfoffa,50.966,16.883,0.0
clip_054,ma,50.966,16.883,0.0
clip_054,weġibhiex,50.966,16.883,0.0
clip_054,anqas,50.966,16.883,0.0
clip_054,biss,50.966,16.883,0.0
clip_054,tagħ,50.966,16.883,0.0
clip_054,kasa,50.966,16.883,0.0
clip_054,kliema,50.966,16.883,0.0
clip_054,ma,50.966,16.883,0.0
clip_054,ttimbrax,50.966,16.883,0.0
clip_054,ruħu,50.966,16.883,0.0
clip_054,f',50.966,16.883,0.0
clip_054,moħħu,50.966,16.883,0.0
clip_054,ilaliex,50.966,16.883,0.0
clip_054,kien,50.966,16.883,0.0
clip_054,banda,50.966,16.883,0.0
clip_054,oħra,50.966,16.883,0.0
clip_054,u,50.966,16.883,0.0
clip_054,l-ħsieb,50.966,16.883,0.0
clip_054,jimxi,50.966,16.883,0.0
clip_054,bil-mod,50.966,16.883,0.0
clip_054,wisq,50.966,16.883,0.0
clip_054,biex,50.966,16.883,0.0
clip_054,ilaħħaq,50.966,16.883,0.0
clip_054,mal-ħtieġa,50.966,16.883,0.0
clip_054,is-sempliċità,50.966,16.883,0.0
clip_054,daj,50.966,16.883,0.0
clip_054,jum,50.966,16.883,0.0
clip_054,indipendenti,50.966,16.883,0.0
clip_054,għat-tfal,50.966,16.883,0.0
clip_054,fl-imperu,50.966,16.883,0.0
clip_054,brittanniku,50.966,16.883,0.0
clip_054,lors,50.966,16.883,0.0
clip_054,waqaf,50.966,16.883,0.0
clip_054,issa,50.966,16.883,0.0
clip_054,ġietu,50.966,16.883,0.0
clip_054,l-opportunità,50.966,16.883,0.0
clip_054,perfetta,50.966,16.883,0.0
clip_054,li,50.966,16.883,0.0
clip_054,jwettaq,50.966,16.883,0.0
clip_054,din,50.966,16.883,0.0
clip_054,il-ħolma,50.966,16.883,0.0
clip_054,igawdiha,50.966,16.883,0.0
clip_054,mqara,50.966,16.883,0.0
clip_054,l-xagħar,50.966,16.883,0.0
clip_054,anki,50.966,16.883,0.0
clip_054,jekk,50.966,16.883,0.0
clip_054,ikollu,50.966,16.883,0.0
clip_054,joħroġ,50.966,16.883,0.0
clip_054,il-flus,50.966,16.883,0.0
clip_054,kollha,50.966,16.883,0.0
clip_054,li,50.966,16.883,0.0
clip_054,kellu,50.966,16.883,0.0
clip_054,l-bank,50.966,16.883,0.0
clip_054,bħala,50.966,16.883,0.0
clip_054,depożitu,50.966,16.883,0.0
clip_054,notable,50.966,16.883,0.0
clip_055,mela,2.0,0.077,0.0
clip_055,tini,2.0,0.077,0.0
clip_055,bewsa,2.0,0.077,0.0
clip_055,arġa,10.0,0.514,0.0
clip_055,ħlif,12.0,0.696,0.0
clip_055,li,12.0,0.696,0.0
clip_055,li,12.0,0.696,0.0
clip_055,ma,12.0,0.696,0.0
clip_055,tkun,12.0,0.696,0.0
clip_055,ta',12.0,0.696,0.0
clip_055,ħadd,12.0,0.696,0.0
clip_055,ħlief,12.0,0.696,0.0
clip_055,tiegħi,12.0,0.696,0.0
clip_055,iġri,12.0,0.696,0.0
clip_055,iġri,12.0,0.696,0.0
clip_055,ma,12.0,0.696,0.0
clip_055,tarax,12.0,0.696,0.0
clip_055,li,12.0,0.696,0.0
clip_055,ġejjin,12.0,0.696,0.0
clip_055,żewġ,12.0,0.696,0.0
clip_055,suldati,12.0,0.696,0.0
clip_055,warajna,12.0,0.696,0.0
clip_055,bid-doni,12.0,0.696,0.0
clip_055,tiegħu,12.0,0.696,0.0
clip_055,sħah,12.0,0.696,0.0
clip_055,mill-ġdid,12.0,0.696,0.0
clip_055,ħadtu,12.0,0.696,0.0
clip_055,xejn,12.0,0.696,0.0
clip_055,ma,12.0,0.696,0.0
clip_055,seta',12.0,0.696,0.0
clip_055,jwaqfqu,14.0,0.907,0.0
clip_055,lanqas,14.0,0.907,0.0
clip_055,ħutu,14.0,0.907,0.0
clip_055,kollha,14.0,0.907,0.0
clip_055,f',14.0,0.907,0.0
clip_055,daqqa,26.0,2.924,0.0
clip_055,għax,26.0,2.924,0.0
clip_055,dawk,26.0,2.924,0.0
clip_055,ma,26.0,2.924,0.0
clip_055,kinux,26.0,2.924,0.0
clip_055,aħjar,26.0,2.924,0.0
clip_055,minn,26.0,2.924,0.0
clip_055,kif,26.0,2.924,0.0
clip_055,kien,26.0,2.924,0.0
clip_055,u,26.0,2.924,0.0
clip_055,issa,26.0,2.924,0.0
clip_055,f,26.0,2.924,0.0
clip_055,liema,26.0,2.924,0.0
clip_055,skola,26.0,2.924,0.0
clip_055,tattendi,26.0,2.924,0.0
clip_055,u,26.0,2.924,0.0
clip_055,meta,26.0,2.924,0.0
clip_055,nkun,26.0,2.924,0.0
clip_055,minn,26.0,2.924,0.0
clip_055,għalija,26.0,2.924,0.0
clip_055,ġbart,26.0,2.924,0.0
clip_055,it-tagħrif,26.0,2.924,0.0
clip_055,kollu,26.0,2.924,0.0
clip_055,dwarha,26.0,2.924,0.0
clip_055,x',26.0,2.924,0.0
clip_055,aktarx,26.0,2.924,0.0
clip_055,nibatelha,28.0,3.349,0.0
clip_055,ittra,28.0,3.349,0.0
clip_055,jew,28.0,3.349,0.0
clip_055,messaġġ,28.0,3.349,0.0
clip_055,ma',28.0,3.349,0.0
clip_055,xi,28.0,3.349,0.0
clip_055,ħadd,28.0,3.349,0.0
clip_055,aktarx,28.0,3.349,0.0
clip_055,kienet,28.0,3.349,0.0
clip_055,qed,28.0,3.349,0.0
clip_055,tistenniek,28.0,3.349,0.0
clip_055,tagħmel,28.0,3.349,0.0
clip_055,kollox,28.304,3.855,0.0
clip_056,u,2.0,0.066,0.0
clip_056,s-sinjur,2.0,0.066,0.0
clip_056,ħalaq,2.0,0.066,0.0
clip_056,lil,2.0,0.066,0.0
clip_056,eva,4.0,0.133,0.0
clip_056,qħadna,28.0,3.364,0.0
clip_056,nħarsu,28.0,3.364,0.0
clip_056,lejn,28.0,3.364,0.0
clip_056,faxex,28.0,3.364,0.0
clip_056,vjola,28.0,3.364,0.0
clip_056,jirragaw,28.0,3.364,0.0
clip_056,jirrigaw,28.0,3.364,0.0
clip_056,s-sema,32.0,4.496,0.0
clip_056,qed,32.0,4.496,0.0
clip_056,jiskura,32.0,4.496,0.0
clip_056,beda,32.0,4.496,0.0
clip_056,jerġa',32.0,4.496,0.0
clip_056,jiħu,32.0,4.496,0.0
clip_056,pos,32.0,4.496,0.0
clip_056,b',32.0,4.496,0.0
clip_056,dik,32.0,4.496,0.0
clip_056,il-faċċata,32.0,4.496,0.0
clip_056,u,32.0,4.496,0.0
clip_056,f',32.0,4.496,0.0
clip_056,daqq,54.909,30.152,0.0
clip_056,nduna,54.909,30.152,0.0
clip_056,li,54.909,30.152,0.0
clip_056,kien,54.909,30.152,0.0
clip_056,qed,54.909,30.152,0.0
clip_056,jitlef,54.909,30.152,0.0
clip_056,ir-riżoluzzjoni,54.909,30.152,0.0
clip_056,li,54.909,30.152,0.0
clip_056,telaq,54.909,30.152,0.0
clip_056,biha,54.909,30.152,0.0
clip_056,mill-isptar,54.909,30.152,0.0
clip_056,reġa',54.909,30.152,0.0
clip_056,dar,54.909,30.152,0.0
clip_056,lura,54.909,30.152,0.0
clip_056,u,54.909,30.152,0.0
clip_056,kompla,54.909,30.152,0.0
clip_056,jsegwi,54.909,30.152,0.0
clip_056,riħa,54.909,30.152,0.0
clip_056,sakemm,54.909,30.152,0.0
clip_056,wasal,54.909,30.152,0.0
clip_056,quddiem,54.909,30.152,0.0
clip_056,il-bieb,54.909,30.152,0.0
clip_056,tal-librerija,54.909,30.152,0.0
clip_056,li,54.909,30.152,0.0
clip_056,kien,54.909,30.152,0.0
clip_056,ftit,54.909,30.152,0.0
clip_056,imbexxaq,54.909,30.152,0.0
clip_056,vili,54.909,30.152,0.0
clip_056,martu,54.909,30.152,0.0
clip_056,kienet,54.909,30.152,0.0
clip_056,bniet,54.909,30.152,0.0
clip_056,ma',54.909,30.152,0.0
clip_056,vili,54.909,30.152,0.0
clip_056,biex,54.909,30.152,0.0
clip_056,waslet,54.909,30.152,0.0
clip_056,sa,54.909,30.152,0.0
clip_056,fejn,54.909,30.152,0.0
clip_056,waslet,54.909,30.152,0.0
clip_056,niżlu,54.909,30.152,0.0
clip_056,salmansab,54.909,30.152,0.0
clip_056,ta',54.909,30.152,0.0
clip_056,ċali,54.909,30.152,0.0
clip_056,niżlu,54.909,30.152,0.0
clip_056,salmansab,54.909,30.152,0.0
clip_056,ta',54.909,30.152,0.0
clip_056,ċali,54.909,30.152,0.0
clip_056,l-iswed,54.909,30.152,0.0
clip_056,u,54.909,30.152,0.0
clip_056,tellgħawlu,54.909,30.152,0.0
clip_056,fuq,54.909,30.152,0.0
clip_056,is-saqaf,54.909,30.152,0.0
clip_056,taddura,54.909,30.152,0.0
clip_056,kien,54.909,30.152,0.0
clip_056,donnu,54.909,30.152,0.0
clip_056,qiegħed,54.909,30.152,0.0
clip_056,joħlom,54.909,30.152,0.0
clip_056,xi,54.909,30.152,0.0
clip_056,ħaġa,54.909,30.152,0.0
clip_056,sabiħa,54.909,30.152,0.0
clip_056,u,54.909,30.152,0.0
clip_056,lanqas,54.909,30.152,0.0
clip_056,ma,54.909,30.152,0.0
clip_056,inkwieta,54.909,30.152,0.0
clip_056,jekk,54.909,30.152,0.0
clip_056,in-nofs,54.909,30.152,0.0
clip_056,mimli,54.909,30.152,0.0
clip_056,ux',54.909,30.152,0.0
clip_056,biż-żejjed,54.909,30.152,0.0
clip_056,sakemm,54.909,30.152,0.0
clip_056,joħroġ,54.909,30.152,0.0
clip_056,mill-isptar,54.909,30.152,0.0
clip_056,konna,54.909,30.152,0.0
clip_056,nagħmlu,54.909,30.152,0.0
clip_056,platti,54.909,30.152,0.0
clip_056,fondi,54.909,30.152,0.0
clip_056,tas-soppa,54.909,30.152,0.0
clip_056,fuq,54.909,30.152,0.0
clip_056,dawk,54.909,30.152,0.0
clip_056,ċatti,54.909,30.152,0.0
clip_056,talgħaġin,54.909,30.152,0.0
clip_056,il-forn,54.909,30.152,0.0
clip_056,indawru,54.909,30.152,0.0
clip_056,s-sarvetta,54.909,30.152,0.0
clip_056,tal-karti,54.909,30.152,0.0
clip_056,bħajta,54.909,30.152,0.0
clip_056,f',54.909,30.152,0.0
clip_056,tazza,54.909,30.152,0.0
clip_056,vojta,54.909,30.152,0.0
clip_056,mill-kbar,54.909,30.152,0.0
clip_056,u,54.909,30.152,0.0
clip_056,npoġġu,54.909,30.152,0.0
clip_056,l-buqar,54.909,30.152,0.0
clip_056,tal-ilma,54.909,30.152,0.0
clip_056,fin-nofs,54.909,30.152,0.0
clip_056,jgħixu,54.909,30.152,0.0
clip_056,ħajja,54.909,30.152,0.0
clip_056,virtwali,54.909,30.152,0.0
clip_056,jiċċajtaw,54.909,30.152,0.0
clip_056,u,54.909,30.152,0.0
clip_056,jitlu,54.909,30.152,0.0
clip_056,f',54.909,30.152,0.0
clip_056,avventura,54.909,30.152,0.0
clip_056,u,54.909,30.152,0.0
clip_056,wara,54.909,30.152,0.0
clip_056,oħra,54.909,30.152,0.0
clip_057,bis-saħħat,2.0,0.072,0.0
clip_057,hekk,2.0,0.072,0.0
clip_057,il-ktieb,2.0,0.072,0.0
clip_057,it-tmiem,4.0,0.138,0.0
clip_057,kontinent,4.0,0.138,0.0
clip_057,li,4.0,0.138,0.0
clip_057,kont,4.0,0.138,0.0
clip_057,ippubblikajt,6.0,0.23,0.0
clip_057,is-sena,6.0,0.23,0.0
clip_057,ta',6.0,0.23,0.0
clip_057,qabel,6.0,0.23,0.0
clip_057,beda,6.0,0.23,0.0
clip_057,jiġbed,6.0,0.23,0.0
clip_057,l-attnzjoni,12.0,0.68,0.0
clip_057,tal-pubbliku,12.0,0.68,0.0
clip_057,u,12.0,0.68,0.0
clip_057,ma,12.0,0.68,0.0
clip_057,damx,12.0,0.68,0.0
clip_057,ma,12.0,0.68,0.0
clip_057,beda,12.0,0.68,0.0
clip_057,jinħataf,12.0,0.68,0.0
clip_057,xtaqt,12.0,0.68,0.0
clip_057,taqba,51.974,22.658,0.0
clip_057,neħħilha,51.974,22.658,0.0
clip_057,l-bikini,51.974,22.658,0.0
clip_057,quddiem,51.974,22.658,0.0
clip_057,kulħadd,51.974,22.658,0.0
clip_057,ħadd,51.974,22.658,0.0
clip_057,ma,51.974,22.658,0.0
clip_057,kienqed,51.974,22.658,0.0
clip_057,iħares,51.974,22.658,0.0
clip_057,niwej,51.974,22.658,0.0
clip_057,darbnzerta,51.974,22.658,0.0
clip_057,maltem,51.974,22.658,0.0
clip_057,kbir,51.974,22.658,0.0
clip_057,u,51.974,22.658,0.0
clip_057,konna,51.974,22.658,0.0
clip_057,bdejna,51.974,22.658,0.0
clip_057,ntella,51.974,22.658,0.0
clip_057,u,51.974,22.658,0.0
clip_057,n-niżlu,51.974,22.658,0.0
clip_057,jekk,51.974,22.658,0.0
clip_057,immorrux',51.974,22.658,0.0
clip_057,jew,51.974,22.658,0.0
clip_057,le,51.974,22.658,0.0
clip_057,imbagħad,51.974,22.658,0.0
clip_057,meta,51.974,22.658,0.0
clip_057,jbusa,51.974,22.658,0.0
clip_057,bil-għajma,51.974,22.658,0.0
clip_057,kienet,51.974,22.658,0.0
clip_057,tħossha,51.974,22.658,0.0
clip_057,qed,51.974,22.658,0.0
clip_057,tintelaq,51.974,22.658,0.0
clip_057,ħeluħelu,51.974,22.658,0.0
clip_057,fuq,51.974,22.658,0.0
clip_057,l-ispjaġġa,51.974,22.658,0.0
clip_057,u,51.974,22.658,0.0
clip_057,tagħlaq,51.974,22.658,0.0
clip_057,għajnejha,51.974,22.658,0.0
clip_057,xi,51.974,22.658,0.0
clip_057,għad,51.974,22.658,0.0
clip_057,minnha,51.974,22.658,0.0
clip_057,kien,51.974,22.658,0.0
clip_057,ikollu,51.974,22.658,0.0
clip_057,kaxxa,51.974,22.658,0.0
clip_057,tal-kartun,51.974,22.658,0.0
clip_057,jew,51.974,22.658,0.0
clip_057,biċċa,51.974,22.658,0.0
clip_057,plajwud,51.974,22.658,0.0
clip_057,u,51.974,22.658,0.0
clip_057,fuq,51.974,22.658,0.0
clip_057,xifer,51.974,22.658,0.0
clip_057,minnhom,51.974,22.658,0.0
clip_057,kien,51.974,22.658,0.0
clip_057,ikolna,51.974,22.658,0.0
clip_057,numru,51.974,22.658,0.0
clip_057,ta',51.974,22.658,0.0
clip_057,qatgħat,51.974,22.658,0.0
clip_057,kwadri,51.974,22.658,0.0
clip_057,jew,51.974,22.658,0.0
clip_057,nofs,51.974,22.658,0.0
clip_057,tond,51.974,22.658,0.0
clip_057,kemm,51.974,22.658,0.0
clip_057,jgħaddi,51.974,22.658,0.0
clip_057,boċċu,51.974,22.658,0.0
clip_057,ftit,51.974,22.658,0.0
clip_057,imlaħlaħ,51.974,22.658,0.0
clip_057,int,51.974,22.658,0.0
clip_057,moħħok,51.974,22.658,0.0
clip_057,haw,51.974,22.658,0.0
clip_057,ara,51.974,22.658,0.0
clip_057,lilrajtengli,51.974,22.658,0.0
clip_057,jkollu,51.974,22.658,0.0
clip_057,x',51.974,22.658,0.0
clip_057,jiekol,51.974,22.658,0.0
clip_057,u,51.974,22.658,0.0
clip_057,xi,51.974,22.658,0.0
clip_057,xrob,51.974,22.658,0.0
clip_057,il-boksfil,51.974,22.658,0.0
clip_057,kien,51.974,22.658,0.0
clip_057,vojd,51.974,22.658,0.0
clip_057,darba,51.974,22.658,0.0
clip_057,waħda,51.974,22.658,0.0
clip_057,qaltlu,51.974,22.658,0.0
clip_057,li,51.974,22.658,0.0
clip_057,kien,51.974,22.658,0.0
clip_057,hemm,51.974,22.658,0.0
clip_057,farfett,51.974,22.658,0.0
clip_057,li,51.974,22.658,0.0
clip_057,ħaseb,51.974,22.658,0.0
clip_057,li,51.974,22.658,0.0
clip_057,hu,51.974,22.658,0.0
clip_057,li,51.974,22.658,0.0
clip_057,sbaħ,51.974,22.658,0.0
clip_057,ħlejqa,51.974,22.658,0.0
clip_057,fil-ġnien,51.974,22.658,0.0
clip_057,minn,51.974,22.658,0.0
clip_057,qatel,51.974,22.658,0.0
clip_057,il-farruġ,51.974,22.658,0.0
clip_057,insab,51.974,22.658,0.0
clip_057,maqtul,51.974,22.658,0.0
clip_057,gerger,51.974,22.658,0.0
clip_057,qajla,51.974,22.658,0.0
