clip_id,word,audio_arrival_sec,commit_time_sec,word_latency_sec
clip_000,ġieli,2.0,1.509,0.0
clip_000,l-waiteress,2.0,1.509,0.0
clip_000,u,2.0,1.509,0.0
clip_000,poġġiethom,2.0,1.509,0.0
clip_000,it-t,2.0,1.509,0.0
clip_000,fuq,4.0,2.464,0.0
clip_000,il-mejda,4.0,2.464,0.0
clip_000,jason,6.0,3.529,0.0
clip_000,inqas,6.0,3.529,0.0
clip_000,min-n,6.0,3.529,0.0
clip_000,robert,6.0,3.529,0.0
clip_000,sa,8.0,4.526,0.0
clip_000,fl-aħħar,8.0,4.526,0.0
clip_000,x'hawn,8.0,4.526,0.0
clip_000,dan,10.0,5.712,0.0
clip_000,il-kliem,10.0,5.712,0.0
clip_000,jieħu,10.0,5.712,0.0
clip_000,sura,10.0,5.712,0.0
clip_000,ġo,10.0,5.712,0.0
clip_000,moħħu,12.0,7.063,0.0
clip_000,ħasra,12.0,7.063,0.0
clip_000,tant,12.0,7.063,0.0
clip_000,li,12.0,7.063,0.0
clip_000,waqaf,12.0,7.063,0.0
clip_000,sabtu,14.0,8.362,0.0
clip_000,u,14.0,8.362,0.0
clip_000,l-oħrajn,14.0,8.362,0.0
clip_000,daħlu,14.0,8.362,0.0
clip_000,ġo,14.0,8.362,0.0
clip_000,daqq,16.0,9.228,0.0
clip_000,biċċa,16.0,9.228,0.0
clip_000,għal,18.0,10.536,0.0
clip_000,ġerrin,18.0,10.536,0.0
clip_000,l-i,18.0,10.536,0.0
clip_000,tant,18.0,10.536,0.0
clip_000,ħagret,18.0,10.536,0.0
clip_000,ma'ha,20.0,11.639,0.0
clip_000,li,20.0,11.639,0.0
clip_000,tal-modella,20.0,11.639,0.0
clip_000,ħalliha,22.0,12.738,0.0
clip_000,warajh,22.0,12.738,0.0
clip_000,statwa,22.0,12.738,0.0
clip_000,imma,24.0,13.663,0.0
clip_000,ma,24.0,13.663,0.0
clip_000,j'avx,24.0,13.663,0.0
clip_000,min,26.0,14.528,0.0
clip_000,jaf,26.0,14.528,0.0
clip_000,forsi,26.0,14.528,0.0
clip_000,kien,26.0,14.528,0.0
clip_000,hemm,26.0,14.528,0.0
clip_000,ma,28.0,15.32,0.0
clip_000,provvajx,28.0,15.32,0.0
clip_000,surġent,30.0,16.689,0.0
clip_000,ħareġ,30.0,16.689,0.0
clip_000,l-ħati,30.0,16.689,0.0
clip_000,jistenna,30.0,16.689,0.0
clip_000,barra,32.0,17.742,0.0
clip_000,wara,32.0,17.742,0.0
clip_000,l-bieb,32.0,17.742,0.0
clip_000,tas-sala,32.0,17.742,0.0
clip_000,imbagħad,34.0,18.452,0.0
clip_000,baqa',36.0,19.557,0.0
clip_000,serġent,36.0,19.557,0.0
clip_000,fil-kumpanija,36.0,19.557,0.0
clip_000,ta',38.0,21.15,0.0
clip_000,l-imdina,38.0,21.15,0.0
clip_000,u,38.0,21.15,0.0
clip_000,kien,38.0,21.15,0.0
clip_000,dejjem,38.0,21.15,0.0
clip_000,l-ewwel,38.0,21.15,0.0
clip_000,wieħed,38.0,21.15,0.0
clip_000,hemm,40.0,22.1,0.0
clip_000,bżonn,40.0,22.1,0.0
clip_000,biex,40.0,22.1,0.0
clip_000,jiġġieled,40.0,22.1,0.0
clip_000,jew,42.0,23.246,0.0
clip_000,biex,42.0,23.246,0.0
clip_000,jaqbeż,42.0,23.246,0.0
clip_000,xi,42.0,23.246,0.0
clip_000,l-l,42.0,23.246,0.0
clip_000,g,42.454,24.003,0.0
clip_000,ar,42.454,24.003,0.0
clip_001,dgħajjes,2.0,1.064,0.0
clip_001,oħra,2.0,1.064,0.0
clip_001,m'għandniex,2.0,1.064,0.0
clip_001,meta,4.0,2.721,0.0
clip_001,t-taqqien,4.0,2.721,0.0
clip_001,u,4.0,2.721,0.0
clip_001,l-mod,4.0,2.721,0.0
clip_001,li,4.0,2.721,0.0
clip_001,jżewwdu,4.0,2.721,0.0
clip_001,lilna,4.0,2.721,0.0
clip_001,fil-milied,6.0,3.629,0.0
clip_001,le,8.0,4.375,0.0
clip_001,żgur,8.0,4.375,0.0
clip_001,hawn,8.0,4.375,0.0
clip_001,xi,10.0,5.37,0.0
clip_001,wieħed,10.0,5.37,0.0
clip_001,tal-klikka,10.0,5.37,0.0
clip_001,tagħha,10.0,5.37,0.0
clip_001,xwan,12.0,6.093,0.0
clip_001,l-għoġob,14.0,7.625,0.0
clip_001,u,14.0,7.625,0.0
clip_001,l-ħtmien,14.0,7.625,0.0
clip_001,ma,14.0,7.625,0.0
clip_001,ssibx,14.0,7.625,0.0
clip_001,katrinina,16.0,8.897,0.0
clip_001,u,16.0,8.897,0.0
clip_001,s-sister,16.0,8.897,0.0
clip_001,luġin,16.0,8.897,0.0
clip_001,ġurnata,18.0,10.052,0.0
clip_001,ta',18.0,10.052,0.0
clip_001,qabel,18.0,10.052,0.0
clip_001,kienu,18.0,10.052,0.0
clip_001,jkanċellaw,18.0,10.052,0.0
clip_001,l-appuntament,20.0,10.925,0.0
clip_001,wara,22.0,12.283,0.0
clip_001,marret,22.0,12.283,0.0
clip_001,u,22.0,12.283,0.0
clip_001,ġab,22.0,12.283,0.0
clip_001,il-ġewwa,22.0,12.283,0.0
clip_001,li,22.0,12.283,0.0
clip_001,kienet,22.0,12.283,0.0
clip_001,ġabret,24.0,13.595,0.0
clip_001,magħha,24.0,13.595,0.0
clip_001,minn,24.0,13.595,0.0
clip_001,ġewwa,24.0,13.595,0.0
clip_001,fejn,24.0,13.595,0.0
clip_001,ħarġet,24.0,13.595,0.0
clip_001,ċkejken,26.0,14.619,0.0
clip_001,dan,26.0,14.619,0.0
clip_001,iż-żejt,26.0,14.619,0.0
clip_001,jaruna,28.0,15.824,0.0
clip_001,jfejjaq,28.0,15.824,0.0
clip_001,il-ġrieħi,28.0,15.824,0.0
clip_001,li,30.0,16.746,0.0
clip_001,għandekkom,30.0,16.746,0.0
clip_001,ejja,30.0,16.746,0.0
clip_001,kompli,32.0,17.82,0.0
clip_001,juri,32.0,17.82,0.0
clip_001,xi,32.0,17.82,0.0
clip_001,parti,32.0,17.82,0.0
clip_001,tal-parti,32.0,17.82,0.0
clip_001,tiek,34.0,18.547,0.0
clip_001,ġara,36.0,19.436,0.0
clip_001,l-istess,36.0,19.436,0.0
clip_001,daħal,38.0,20.371,0.0
clip_001,lura,38.0,20.371,0.0
clip_001,d-dar,38.0,20.371,0.0
clip_001,ma,40.0,21.209,0.0
clip_001,jagħmel,40.0,21.209,0.0
clip_001,ħoss,40.0,21.209,0.0
clip_001,ma,42.0,22.424,0.0
clip_001,qametx,42.0,22.424,0.0
clip_001,fil-frattemp,42.0,22.424,0.0
clip_001,u,42.0,22.424,0.0
clip_001,isfel,42.818,23.146,0.0
clip_002,imma,2.0,1.441,0.0
clip_002,kellu,2.0,1.441,0.0
clip_002,joqogħdu,2.0,1.441,0.0
clip_002,dawk,2.0,1.441,0.0
clip_002,it-tiri,2.0,1.441,0.0
clip_002,tal-ka,2.0,1.441,0.0
clip_002,b'sinjal,4.0,2.503,0.0
clip_002,ta',4.0,2.503,0.0
clip_002,sparati,4.0,2.503,0.0
clip_002,il-franċiżi,6.0,3.644,0.0
clip_002,jħossu,6.0,3.644,0.0
clip_002,bħal,6.0,3.644,0.0
clip_002,li,8.0,4.61,0.0
clip_002,sabtu,8.0,4.61,0.0
clip_002,fuq,8.0,4.61,0.0
clip_002,qalbu,8.0,4.61,0.0
clip_002,marija,10.0,5.679,0.0
clip_002,ġiet,10.0,5.679,0.0
clip_002,għalija,10.0,5.679,0.0
clip_002,bil-karozza,10.0,5.679,0.0
clip_002,u,12.0,6.638,0.0
clip_002,ħadtni,12.0,6.638,0.0
clip_002,narawh,12.0,6.638,0.0
clip_002,joseph,14.0,7.729,0.0
clip_002,ma,14.0,7.729,0.0
clip_002,naqqasx,14.0,7.729,0.0
clip_002,l-isem,14.0,7.729,0.0
clip_002,ukoll,16.0,8.653,0.0
clip_002,il-miskatana,16.0,8.653,0.0
clip_002,iddeskrivi,18.0,9.867,0.0
clip_002,l-mod,18.0,9.867,0.0
clip_002,kif,18.0,9.867,0.0
clip_002,tilbes,18.0,9.867,0.0
clip_002,tkellem,20.0,10.975,0.0
clip_002,u,20.0,10.975,0.0
clip_002,kif,20.0,10.975,0.0
clip_002,huwa,20.0,10.975,0.0
clip_002,fissat,20.0,10.975,0.0
clip_002,fuqha,20.0,10.975,0.0
clip_002,mħabbat,20.925,11.829,0.0
clip_003,l-iżjed,2.0,1.142,0.0
clip_003,meta,2.0,1.142,0.0
clip_003,kien,2.0,1.142,0.0
clip_003,jaf,2.0,1.142,0.0
clip_003,sewwa,2.0,1.142,0.0
clip_003,min,2.0,1.142,0.0
clip_003,huwa,4.0,2.344,0.0
clip_003,u,4.0,2.344,0.0
clip_003,xi,4.0,2.344,0.0
clip_003,ġara,4.0,2.344,0.0
clip_003,u,4.0,2.344,0.0
clip_003,dan,4.0,2.344,0.0
clip_003,ħabbu,4.0,2.344,0.0
clip_003,kien,6.0,3.398,0.0
clip_003,iżomm,6.0,3.398,0.0
clip_003,bħallikieku,6.0,3.398,0.0
clip_003,ħuh,6.0,3.398,0.0
clip_003,appuntu,8.0,4.545,0.0
clip_003,surmast,8.0,4.545,0.0
clip_003,kompla,8.0,4.545,0.0
clip_003,jippetita,8.0,4.545,0.0
clip_003,spiss,10.0,5.317,0.0
clip_003,qasar,10.0,5.317,0.0
clip_003,aħna,12.0,6.213,0.0
clip_003,dejjem,12.0,6.213,0.0
clip_003,irġiel,12.0,6.213,0.0
clip_003,u,12.0,6.213,0.0
clip_003,n-nar,14.0,7.475,0.0
clip_003,fil-waqt,14.0,7.475,0.0
clip_003,li,14.0,7.475,0.0
clip_003,r-raġel,14.0,7.475,0.0
clip_003,pippa,16.0,9.211,0.0
clip_003,fil-but,16.0,9.211,0.0
clip_003,u,16.0,9.211,0.0
clip_003,qabad,16.0,9.211,0.0
clip_003,il-ħabel,16.0,9.211,0.0
clip_003,tal,16.0,9.211,0.0
clip_003,kaptru,18.0,10.217,0.0
clip_003,f'fidu,18.0,10.217,0.0
clip_003,u,20.0,11.327,0.0
clip_003,jistrieħu,20.0,11.327,0.0
clip_003,hemmhekk,20.0,11.327,0.0
clip_003,issa,22.0,12.354,0.0
clip_003,sew,22.0,12.354,0.0
clip_003,qalbejn,22.0,12.354,0.0
clip_003,u,22.0,12.354,0.0
clip_003,bejn,22.0,12.354,0.0
clip_003,ruħu,24.0,13.514,0.0
clip_003,f'ram,24.0,13.514,0.0
clip_003,u,24.0,13.514,0.0
clip_003,dest,24.0,13.514,0.0
clip_003,irrid,26.0,15.039,0.0
clip_003,immur,26.0,15.039,0.0
clip_003,imiss,26.0,15.039,0.0
clip_003,qalilha,26.0,15.039,0.0
clip_003,r-robert,26.0,15.039,0.0
clip_003,ċerta,28.0,15.993,0.0
clip_003,urġenza,28.0,15.993,0.0
clip_003,minħabba,28.0,15.993,0.0
clip_003,li,28.0,15.993,0.0
clip_003,kien,28.0,15.993,0.0
clip_003,jaf,28.0,15.993,0.0
clip_003,li,30.0,17.281,0.0
clip_003,jrid,30.0,17.281,0.0
clip_003,jiftaħ,30.0,17.281,0.0
clip_003,il-buttuni,30.0,17.281,0.0
clip_003,tal-qima,30.0,17.281,0.0
clip_003,malajr,32.0,18.169,0.0
clip_003,għax,32.0,18.169,0.0
clip_003,inkella,32.0,18.169,0.0
clip_003,kienet,32.0,18.169,0.0
clip_003,se,32.0,18.169,0.0
clip_003,tkun,32.0,18.169,0.0
clip_003,tixxakkja,34.0,19.139,0.0
clip_003,meta,34.0,19.139,0.0
clip_003,jsir,34.0,19.139,0.0
clip_003,majjal,34.0,19.139,0.0
clip_003,jien,36.0,20.057,0.0
clip_003,kont,36.0,20.057,0.0
clip_003,il-i,36.0,20.057,0.0
clip_003,xi,36.0,20.057,0.0
clip_003,tliet,36.0,20.057,0.0
clip_003,snin,36.0,20.057,0.0
clip_003,nidħol,38.0,21.06,0.0
clip_003,għal,38.0,21.06,0.0
clip_003,festivi,38.0,21.06,0.0
clip_003,għax,38.0,21.06,0.0
clip_003,kont,38.0,21.06,0.0
clip_003,inħoss,38.0,21.06,0.0
clip_003,l-impenn,40.0,22.117,0.0
clip_003,tiegħi,40.0,22.117,0.0
clip_003,fil-lukandi,40.0,22.117,0.0
clip_003,kienu,40.0,22.117,0.0
clip_003,kien,42.0,22.78,0.0
clip_003,jittratta,42.0,22.78,0.0
clip_003,dwar,44.0,23.619,0.0
clip_003,iz-zrieħ,44.0,23.619,0.0
clip_003,hemm,46.0,24.902,0.0
clip_003,bzonn,46.0,24.902,0.0
clip_003,ta',46.0,24.902,0.0
clip_003,aktar,46.0,24.902,0.0
clip_003,sikurita,46.0,24.902,0.0
clip_003,f'paċi,46.0,24.902,0.0
clip_003,u,48.0,25.727,0.0
clip_003,l-interessant,48.0,25.727,0.0
clip_003,nagħtih,50.0,26.599,0.0
clip_003,importanza,50.0,26.599,0.0
clip_003,u,50.0,26.599,0.0
clip_003,nixtieq,50.0,26.599,0.0
clip_003,nista',51.711,27.438,0.0
clip_003,ngħaddi,51.711,27.438,0.0
clip_003,mingħajrha,51.711,27.438,0.0
clip_004,u,2.0,1.002,0.0
clip_004,dak,2.0,1.002,0.0
clip_004,li,2.0,1.002,0.0
clip_004,għandhom,2.0,1.002,0.0
clip_004,jagħmlu,2.0,1.002,0.0
clip_004,l-għada,2.0,1.002,0.0
clip_004,tant,4.0,1.641,0.0
clip_004,importanti,4.0,1.641,0.0
clip_004,min,6.0,2.714,0.0
clip_004,jara,6.0,2.714,0.0
clip_004,l-ġwienaħ,6.0,2.714,0.0
clip_004,min,6.0,2.714,0.0
clip_004,jara,6.0,2.714,0.0
clip_004,min,8.0,3.904,0.0
clip_004,jiftaħ,8.0,3.904,0.0
clip_004,il-pizzijiet,8.0,3.904,0.0
clip_004,u,8.0,3.904,0.0
clip_004,jsibhom,8.0,3.904,0.0
clip_004,li,10.0,4.842,0.0
clip_004,hija,10.0,4.842,0.0
clip_004,zzanzun,10.0,4.842,0.0
clip_004,mejjet,10.0,4.842,0.0
clip_004,nixtieq,12.0,6.253,0.0
clip_004,ngħidlek,12.0,6.253,0.0
clip_004,li,12.0,6.253,0.0
clip_004,issa,12.0,6.253,0.0
clip_004,nista',12.0,6.253,0.0
clip_004,anke,12.0,6.253,0.0
clip_004,nara,12.0,6.253,0.0
clip_004,ħasbu,14.0,7.282,0.0
clip_004,li,14.0,7.282,0.0
clip_004,kien,14.0,7.282,0.0
clip_004,interessat,16.0,8.361,0.0
clip_004,fir-riċerka,16.0,8.361,0.0
clip_004,li,16.0,8.361,0.0
clip_004,kien,16.0,8.361,0.0
clip_004,għamel,16.0,8.361,0.0
clip_004,u,18.0,9.421,0.0
clip_004,dwar,18.0,9.421,0.0
clip_004,il-proġerija,18.0,9.421,0.0
clip_004,segwi,20.0,10.763,0.0
clip_004,lura,20.0,10.763,0.0
clip_004,l-isfel,20.0,10.763,0.0
clip_004,u,20.0,10.763,0.0
clip_004,baqa',20.0,10.763,0.0
clip_004,jkompli,20.0,10.763,0.0
clip_004,u,22.0,12.012,0.0
clip_004,jiena,22.0,12.012,0.0
clip_004,ħieles,22.0,12.012,0.0
clip_004,lejn,24.0,13.505,0.0
clip_004,il-grawnd,24.0,13.505,0.0
clip_004,tal-futbol,24.0,13.505,0.0
clip_004,imbagħad,26.0,14.819,0.0
clip_004,ġammri,26.0,14.819,0.0
clip_004,wegħda,26.0,14.819,0.0
clip_004,l-i,26.0,14.819,0.0
clip_004,kellu,26.0,14.819,0.0
clip_004,il-ħġieġ,28.0,15.822,0.0
clip_004,miksur,28.0,15.822,0.0
clip_004,kollu,28.0,15.822,0.0
clip_004,tagħha,30.0,16.855,0.0
clip_004,bdiet,30.0,16.855,0.0
clip_004,tibred,30.0,16.855,0.0
clip_004,bil-mod,30.0,16.855,0.0
clip_004,jien,32.0,17.774,0.0
clip_004,niġi,32.0,17.774,0.0
clip_004,l-aktar,32.0,17.774,0.0
clip_004,imma,34.0,18.763,0.0
clip_004,aktar,34.0,18.763,0.0
clip_004,tard,34.0,18.763,0.0
clip_004,bdew,34.0,18.763,0.0
clip_004,jagħtuha,34.0,18.763,0.0
clip_004,il-porga,36.0,20.248,0.0
clip_004,f'forma,36.0,20.248,0.0
clip_004,taċ-ċikkulata,36.0,20.248,0.0
clip_004,li,36.0,20.248,0.0
clip_004,konna,37.826,21.43,0.0
clip_004,nixtru,37.826,21.43,0.0
clip_004,minn,37.826,21.43,0.0
clip_004,l-ispizzjar,37.826,21.43,0.0
clip_005,u,2.0,0.871,0.0
clip_005,mar-raġel,2.0,0.871,0.0
clip_005,martu,4.0,1.906,0.0
clip_005,ma,4.0,1.906,0.0
clip_005,jridx,4.0,1.906,0.0
clip_005,jaf,4.0,1.906,0.0
clip_005,xejn,4.0,1.906,0.0
clip_005,donna,6.0,3.01,0.0
clip_005,wisq,6.0,3.01,0.0
clip_005,għall-mewt,6.0,3.01,0.0
clip_005,fuqu,6.0,3.01,0.0
clip_005,wara,8.0,3.896,0.0
clip_005,kollox,8.0,3.896,0.0
clip_005,l-istorja,8.0,3.896,0.0
clip_005,dwar,10.0,5.099,0.0
clip_005,ħuh,10.0,5.099,0.0
clip_005,gunter,10.0,5.099,0.0
clip_005,kien,10.0,5.099,0.0
clip_005,x-xokk,10.0,5.099,0.0
clip_005,naħseb,12.0,6.649,0.0
clip_005,li,12.0,6.649,0.0
clip_005,l-għalqa,12.0,6.649,0.0
clip_005,ta',12.0,6.649,0.0
clip_005,dan,12.0,6.649,0.0
clip_005,il-ġung,12.0,6.649,0.0
clip_005,barklu,14.0,7.402,0.0
clip_005,u,16.0,8.452,0.0
clip_005,kienet,16.0,8.452,0.0
clip_005,qalet,16.0,8.452,0.0
clip_005,li,16.0,8.452,0.0
clip_005,r-reliġjon,16.0,8.452,0.0
clip_005,kultant,18.0,9.546,0.0
clip_005,għandha,18.0,9.546,0.0
clip_005,ħabta,18.0,9.546,0.0
clip_005,tiftaħ,18.0,9.546,0.0
clip_005,u,20.0,10.423,0.0
clip_005,jgħaqqad,20.0,10.423,0.0
clip_005,marġinina,22.0,11.398,0.0
clip_005,stork,22.0,11.398,0.0
clip_005,butir,24.0,12.363,0.0
clip_005,ta',24.0,12.363,0.0
clip_005,papra,24.0,12.363,0.0
clip_005,kif,26.0,13.529,0.0
clip_005,kienet,26.0,13.529,0.0
clip_005,issejħet,26.0,13.529,0.0
clip_005,loui,26.0,13.529,0.0
clip_005,u,28.0,14.653,0.0
clip_005,nieħduha,28.0,14.653,0.0
clip_005,mal-kafè,28.0,14.653,0.0
clip_005,u,30.0,15.889,0.0
clip_005,darba,30.0,15.889,0.0
clip_005,ġiljan,30.0,15.889,0.0
clip_005,qal,30.0,15.889,0.0
clip_005,li,30.0,15.889,0.0
clip_005,kien,30.0,15.889,0.0
clip_005,hemm,30.0,15.889,0.0
clip_005,mara,30.0,15.889,0.0
clip_005,mhux,32.0,16.932,0.0
clip_005,malta,32.0,16.932,0.0
clip_005,ta',32.0,16.932,0.0
clip_005,madonna,32.0,16.932,0.0
clip_005,malta,32.0,16.932,0.0
clip_005,lura,34.0,17.976,0.0
clip_005,għadna,34.0,17.976,0.0
clip_005,bħallikieku,34.0,17.976,0.0
clip_005,qed,34.0,17.976,0.0
clip_005,taħt,36.0,18.929,0.0
clip_005,xi,36.0,18.929,0.0
clip_005,ma,36.0,18.929,0.0
clip_005,nafx,36.0,18.929,0.0
clip_005,min,36.0,18.929,0.0
clip_005,hi,38.0,20.116,0.0
clip_005,ma,38.0,20.116,0.0
clip_005,nqabdux,38.0,20.116,0.0
clip_005,bħal,38.0,20.116,0.0
clip_005,żewġ,38.0,20.116,0.0
clip_005,u,40.0,21.205,0.0
clip_005,ġrieħi,40.0,21.205,0.0
clip_005,fil-nassa,40.0,21.205,0.0
clip_005,ħares,42.0,22.369,0.0
clip_005,u,42.0,22.369,0.0
clip_005,ħarsa,42.0,22.369,0.0
clip_005,madwarhom,42.0,22.369,0.0
clip_005,u,42.0,22.369,0.0
clip_005,spalla,42.0,22.369,0.0
clip_005,ma',44.0,23.663,0.0
clip_005,spalla,44.0,23.663,0.0
clip_005,baqgħu,44.0,23.663,0.0
clip_005,sejrin,44.0,23.663,0.0
clip_005,lejn,44.0,23.663,0.0
clip_005,it-triq,44.0,23.663,0.0
clip_005,tal-ħażna,46.0,24.477,0.0
clip_005,kien,48.0,25.62,0.0
clip_005,biss,48.0,25.62,0.0
clip_005,meta,48.0,25.62,0.0
clip_005,ċeda,48.0,25.62,0.0
clip_005,li,48.0,25.62,0.0
clip_005,bdiet,48.0,25.62,0.0
clip_005,tassew,48.0,25.62,0.0
clip_005,taħdem,50.0,26.843,0.0
clip_005,l-azzjoni,50.0,26.843,0.0
clip_005,ta',50.0,26.843,0.0
clip_005,vitana,50.0,26.843,0.0
clip_005,nova,50.0,26.843,0.0
clip_005,mħabbra,50.26,27.737,0.0
clip_006,moħni,2.0,0.983,0.0
clip_006,biex,2.0,0.983,0.0
clip_006,ninħeba,2.0,0.983,0.0
clip_006,wiċċu,4.0,1.934,0.0
clip_006,aħmar,4.0,1.934,0.0
clip_006,il-lejl,6.0,3.423,0.0
clip_006,it-tajjeb,6.0,3.423,0.0
clip_006,ħaninini,6.0,3.423,0.0
clip_006,ħadtli,8.0,4.827,0.0
clip_006,bi,8.0,4.827,0.0
clip_006,t-tespisa,8.0,4.827,0.0
clip_006,għal,10.0,6.14,0.0
clip_006,mill-inqas,10.0,6.14,0.0
clip_006,ħames,10.0,6.14,0.0
clip_006,minuti,10.0,6.14,0.0
clip_006,baqa',10.0,6.14,0.0
clip_006,fil-karozza,12.0,7.215,0.0
clip_006,going,12.0,7.215,0.0
clip_006,nowhere,12.0,7.215,0.0
clip_006,u,14.0,8.176,0.0
clip_006,l-ħbieb,14.0,8.176,0.0
clip_006,u,16.0,9.264,0.0
clip_006,kliem,16.0,9.264,0.0
clip_006,ommu,16.0,9.264,0.0
clip_006,hekk,16.0,9.264,0.0
clip_006,kif,16.0,9.264,0.0
clip_006,reġgħet,16.0,9.264,0.0
clip_006,li,18.0,10.416,0.0
clip_006,tara,18.0,10.416,0.0
clip_006,fuq,18.0,10.416,0.0
clip_006,il-biċċa,18.0,10.416,0.0
clip_006,xogħol,18.0,10.416,0.0
clip_006,li,18.0,10.416,0.0
clip_006,kienet,18.0,10.416,0.0
clip_006,qed,18.0,10.416,0.0
clip_006,in-nanna,20.0,11.309,0.0
clip_006,mir,20.0,11.309,0.0
clip_006,li,22.0,12.669,0.0
clip_006,għandha,22.0,12.669,0.0
clip_006,tagħmel,22.0,12.669,0.0
clip_006,din,22.0,12.669,0.0
clip_006,id-darba,22.0,12.669,0.0
clip_006,biex,22.0,12.669,0.0
clip_006,tfejjaq,22.0,12.669,0.0
clip_006,kompla,24.0,13.478,0.0
clip_006,miegħu,24.0,13.478,0.0
clip_006,xogħol,24.0,13.478,0.0
clip_006,l-istejjer,26.0,14.564,0.0
clip_006,kollha,26.0,14.564,0.0
clip_006,xi,26.0,14.564,0.0
clip_006,ftit,26.0,14.564,0.0
clip_006,kellhom,28.0,15.557,0.0
clip_006,togħma,28.0,15.557,0.0
clip_006,sesswali,28.0,15.557,0.0
clip_006,u,30.0,16.734,0.0
clip_006,l-lejl,30.0,16.734,0.0
clip_006,kollu,30.0,16.734,0.0
clip_006,f'kumpanija,30.0,16.734,0.0
clip_006,ħija,32.0,17.638,0.0
clip_006,tiegħu,32.0,17.638,0.0
clip_006,issa,34.0,18.804,0.0
clip_006,stajt,34.0,18.804,0.0
clip_006,tħoss,34.0,18.804,0.0
clip_006,madwarek,34.0,18.804,0.0
clip_006,hekk,36.0,19.729,0.0
clip_006,għalax,36.0,19.729,0.0
clip_006,ħon,36.0,19.729,0.0
clip_006,fhimt,38.0,20.682,0.0
clip_006,mill-ewwel,38.0,20.682,0.0
clip_006,ma,40.0,21.814,0.0
clip_006,rajtux,40.0,21.814,0.0
clip_006,staqsejtha,40.0,21.814,0.0
clip_006,li,42.0,22.588,0.0
clip_006,ssek,42.0,22.588,0.0
clip_006,pjan,44.0,23.606,0.0
clip_006,li,44.0,23.606,0.0
clip_006,dawn,44.0,23.606,0.0
clip_006,taf,44.0,23.606,0.0
clip_006,ma,44.0,23.606,0.0
clip_006,tmurx,44.0,23.606,0.0
clip_006,imma,46.0,24.435,0.0
clip_006,tkompli,46.0,24.435,0.0
clip_006,xorta,46.0,24.435,0.0
clip_006,waħda,46.0,24.435,0.0
clip_006,u,46.289,25.097,0.0
clip_007,ħabib,2.0,1.22,0.0
clip_007,wara,2.0,1.22,0.0
clip_007,kolonna,2.0,1.22,0.0
clip_007,u,2.0,1.22,0.0
clip_007,mal-iżgħar,2.0,1.22,0.0
clip_007,u,4.0,2.434,0.0
clip_007,x-xagħar,4.0,2.434,0.0
clip_007,kien,4.0,2.434,0.0
clip_007,ħareġ,4.0,2.434,0.0
clip_007,il-jum,6.0,3.872,0.0
clip_007,feroċi,6.0,3.872,0.0
clip_007,jgħajjat,6.0,3.872,0.0
clip_007,u,6.0,3.872,0.0
clip_007,jfajjar,6.0,3.872,0.0
clip_007,bl-imħadd,8.0,4.995,0.0
clip_007,fuq,8.0,4.995,0.0
clip_007,rashom,8.0,4.995,0.0
clip_007,kemm,8.0,4.995,0.0
clip_007,kien,10.0,5.774,0.0
clip_007,saħħa,10.0,5.774,0.0
clip_007,ħaġa,12.0,6.806,0.0
clip_007,marbuta,12.0,6.806,0.0
clip_007,ma',12.0,6.806,0.0
clip_007,xokk,12.0,6.806,0.0
clip_007,oħint,14.0,7.61,0.0
clip_008,jien,2.0,0.961,0.0
clip_008,sejjer,2.0,0.961,0.0
clip_008,f'kamarti,2.0,0.961,0.0
clip_008,qed,4.0,1.907,0.0
clip_008,jistennewha,4.0,1.907,0.0
clip_008,barra,4.0,1.907,0.0
clip_008,allura,6.0,2.907,0.0
clip_008,meta,6.0,2.907,0.0
clip_008,se,6.0,2.907,0.0
clip_008,nibdew,6.0,2.907,0.0
clip_008,bidu,6.0,2.907,0.0
clip_008,nikteb,8.0,3.912,0.0
clip_008,l-artiklu,8.0,3.912,0.0
clip_008,kien,8.0,3.912,0.0
clip_008,qed,10.0,4.72,0.0
clip_008,tistaqsi,10.0,4.72,0.0
clip_008,dennis,10.0,4.72,0.0
clip_008,wara,12.0,6.17,0.0
clip_008,l-i,12.0,6.17,0.0
clip_008,ħaslithom,12.0,6.17,0.0
clip_008,ħawla,12.0,6.17,0.0
clip_008,bl-ilma,12.0,6.17,0.0
clip_008,fil-ħabel,14.0,7.059,0.0
clip_008,kienet,14.0,7.059,0.0
clip_008,likom,16.0,8.093,0.0
clip_008,kull,16.0,8.093,0.0
clip_008,ġrieħi,16.0,8.093,0.0
clip_008,u,16.0,8.093,0.0
clip_008,kull,18.0,9.402,0.0
clip_008,ġidma,18.0,9.402,0.0
clip_008,bl-żejt,18.0,9.402,0.0
clip_008,taż-żaruna,18.0,9.402,0.0
clip_008,u,20.0,10.39,0.0
clip_008,l-ispirazzjoni,20.0,10.39,0.0
clip_008,tant,22.0,11.535,0.0
clip_008,tkun,22.0,11.535,0.0
clip_008,qawwija,22.0,11.535,0.0
clip_008,li,22.0,11.535,0.0
clip_008,ma,22.0,11.535,0.0
clip_008,nkunx,22.0,11.535,0.0
clip_008,nista',22.0,11.535,0.0
clip_008,irreżistiha,24.0,12.441,0.0
clip_008,aktar,24.0,12.441,0.0
clip_008,kienet,26.0,13.839,0.0
clip_008,qed,26.0,13.839,0.0
clip_008,tittajjar,26.0,13.839,0.0
clip_008,imdawwar,26.0,13.839,0.0
clip_008,bil-ħruq,26.0,13.839,0.0
clip_008,ikkuluriti,28.0,14.656,0.0
clip_008,sadanittant,30.0,15.882,0.0
clip_008,sal-ħelsien,30.0,15.882,0.0
clip_008,tar-ra,30.0,15.882,0.0
clip_008,kien,32.0,17.039,0.0
clip_008,ġa,32.0,17.039,0.0
clip_008,ħejja,32.0,17.039,0.0
clip_008,l-gida,32.0,17.039,0.0
clip_008,u,34.0,18.231,0.0
clip_008,kien,34.0,18.231,0.0
clip_008,se,34.0,18.231,0.0
clip_008,jmur,34.0,18.231,0.0
clip_008,bil-konven,34.0,18.231,0.0
clip_008,bil-mod,36.0,19.171,0.0
clip_008,il-mod,36.0,19.171,0.0
clip_008,id-dwiela,38.0,21.024,0.0
clip_008,ta',38.0,21.024,0.0
clip_008,l-għadira,38.0,21.024,0.0
clip_008,tal-siġra,38.0,21.024,0.0
clip_008,tas-sibt,38.0,21.024,0.0
clip_008,fuq,40.0,21.969,0.0
clip_008,il-komodina,40.0,21.969,0.0
clip_008,kellu,42.0,23.442,0.0
clip_008,statwa,42.0,23.442,0.0
clip_008,żgħira,42.0,23.442,0.0
clip_008,f'kaxxa,42.0,23.442,0.0
clip_008,tal-ħwejjeġ,42.0,23.442,0.0
clip_008,ġġ,43.975,24.266,0.0
clip_008,hekk,43.975,24.266,0.0
clip_009,ma,2.0,1.106,0.0
clip_009,xtaqx,2.0,1.106,0.0
clip_009,jagħtiha,2.0,1.106,0.0
clip_009,ċans,2.0,1.106,0.0
clip_009,li,2.0,1.106,0.0
clip_009,kollha,4.0,2.196,0.0
clip_009,għalfejn,4.0,2.196,0.0
clip_009,tpoġġi,4.0,2.196,0.0
clip_009,xi,4.0,2.196,0.0
clip_009,ħtija,4.0,2.196,0.0
clip_009,fuqha,6.0,3.031,0.0
clip_009,taxxa,6.0,3.031,0.0
clip_009,id-dixxiplina,8.0,4.348,0.0
clip_009,u,8.0,4.348,0.0
clip_009,l-ordni,8.0,4.348,0.0
clip_009,fit-tra,8.0,4.348,0.0
clip_009,kollox,10.0,5.212,0.0
clip_009,imfassal,10.0,5.212,0.0
clip_009,ħasbu,12.0,6.159,0.0
clip_009,kulħadd,12.0,6.159,0.0
clip_009,jgħodd,12.0,6.159,0.0
clip_009,regolamenti,14.0,7.162,0.0
clip_009,bla,14.0,7.162,0.0
clip_009,ħarġiet,14.0,7.162,0.0
clip_009,nispera,16.0,8.138,0.0
clip_009,li,16.0,8.138,0.0
clip_009,tħobbha,16.0,8.138,0.0
clip_009,ma,18.0,9.012,0.0
clip_009,tużaha,18.0,9.012,0.0
clip_009,għax,18.0,9.012,0.0
clip_009,qalek,20.0,9.903,0.0
clip_009,il-ħadd,20.0,9.903,0.0
clip_009,iżda,22.0,10.815,0.0
clip_009,kien,22.0,10.815,0.0
clip_009,tard,22.0,10.815,0.0
clip_009,wisq,22.0,10.815,0.0
clip_009,tant,24.0,12.036,0.0
clip_009,qiegħed,24.0,12.036,0.0
clip_009,fil-qrib,24.0,12.036,0.0
clip_009,l-i,24.0,12.036,0.0
clip_009,qed,24.0,12.036,0.0
clip_009,robert,26.0,12.889,0.0
clip_009,u,26.0,12.889,0.0
clip_009,kevin,26.0,12.889,0.0
clip_009,jċaqlaq,28.0,14.108,0.0
clip_009,rasu,28.0,14.108,0.0
clip_009,u,28.0,14.108,0.0
clip_009,jgħolli,28.0,14.108,0.0
clip_009,għax,30.0,15.256,0.0
clip_009,kulħadd,30.0,15.256,0.0
clip_009,qed,30.0,15.256,0.0
clip_009,jara,30.0,15.256,0.0
clip_009,n-noqli,30.0,15.256,0.0
clip_009,ta',32.0,16.02,0.0
clip_009,robert,32.0,16.02,0.0
clip_009,x'għar,34.0,17.054,0.0
clip_009,u,34.0,17.054,0.0
clip_009,każa,34.0,17.054,0.0
clip_009,nemmnu,36.0,18.236,0.0
clip_009,f'dak,36.0,18.236,0.0
clip_009,li,36.0,18.236,0.0
clip_009,rridu,36.0,18.236,0.0
clip_009,fejn,38.0,19.167,0.0
clip_009,hi,38.0,19.167,0.0
clip_009,mark,38.0,19.167,0.0
clip_009,delija,38.0,19.167,0.0
clip_009,joining,40.0,20.093,0.0
clip_009,the,40.0,20.093,0.0
clip_009,protesters,40.0,20.093,0.0
clip_009,sitt,42.0,21.084,0.0
clip_009,u,42.0,21.084,0.0
clip_009,ħamsin,42.0,21.084,0.0
clip_009,kif,42.0,21.084,0.0
clip_009,jien,42.0,21.084,0.0
clip_009,qalli,44.0,22.069,0.0
clip_009,jekk,44.0,22.069,0.0
clip_009,nieħu,44.0,22.069,0.0
clip_009,sehem,44.0,22.069,0.0
clip_009,tlielaq,46.0,23.198,0.0
clip_009,u,46.0,23.198,0.0
clip_009,nispiċċaw,46.0,23.198,0.0
clip_009,u,47.229,23.958,0.0
clip_009,finish,47.229,23.958,0.0
clip_010,inqabad,2.0,1.117,0.0
clip_010,fuq,2.0,1.117,0.0
clip_010,l-ajrudrom,2.0,1.117,0.0
clip_010,ta',2.0,1.117,0.0
clip_010,ħalqha,4.0,2.303,0.0
clip_010,x'bdew,4.0,2.303,0.0
clip_010,nixxar,4.0,2.303,0.0
clip_010,il-bombi,6.0,3.115,0.0
clip_010,iva,8.0,4.345,0.0
clip_010,l-eżamijiet,8.0,4.345,0.0
clip_010,kompliet,8.0,4.345,0.0
clip_010,missier,8.0,4.345,0.0
clip_010,ħalli,10.0,5.305,0.0
clip_010,jmur,10.0,5.305,0.0
clip_010,albumu,10.0,5.305,0.0
clip_010,għax,12.0,6.247,0.0
clip_010,l-għasja,12.0,6.247,0.0
clip_010,imma,14.0,7.177,0.0
clip_010,ommu,14.0,7.177,0.0
clip_010,ma,14.0,7.177,0.0
clip_010,kienx,14.0,7.177,0.0
clip_010,hemm,14.0,7.177,0.0
clip_010,kienet,16.0,8.3,0.0
clip_010,semgħet,16.0,8.3,0.0
clip_010,kemm,16.0,8.3,0.0
clip_010,x'xnieha,16.0,8.3,0.0
clip_010,nies,18.0,9.269,0.0
clip_010,ta',18.0,9.269,0.0
clip_010,triq,18.0,9.269,0.0
clip_010,dwar,18.0,9.269,0.0
clip_010,fuq,20.0,10.333,0.0
clip_010,il-baħar,20.0,10.333,0.0
clip_010,irrid,20.0,10.333,0.0
clip_010,malta,20.0,10.333,0.0
clip_010,iktar,22.0,11.21,0.0
clip_010,għajnejn,22.0,11.21,0.0
clip_010,jitkaxkaw,24.0,12.551,0.0
clip_010,u,24.0,12.551,0.0
clip_010,joqtlu,24.0,12.551,0.0
clip_010,bil-ħars,24.0,12.551,0.0
clip_010,imma,26.0,13.525,0.0
clip_010,pietru,26.0,13.525,0.0
clip_010,jserra,26.0,13.525,0.0
clip_010,ir-rammi,28.0,14.534,0.0
clip_010,l-injam,28.0,14.534,0.0
clip_010,bil-wiċċ,30.0,15.675,0.0
clip_010,tal-banketta,30.0,15.675,0.0
clip_010,kollha,30.0,15.675,0.0
clip_010,ma,32.0,16.637,0.0
clip_010,jirnexxilux,32.0,16.637,0.0
clip_010,eżatt,34.0,17.717,0.0
clip_010,f'daqqa,34.0,17.717,0.0
clip_010,imma,34.0,17.717,0.0
clip_010,xorta,34.0,17.717,0.0
clip_010,ta',36.0,18.85,0.0
clip_010,waħda,36.0,18.85,0.0
clip_010,għax,36.0,18.85,0.0
clip_010,it-tapp,36.0,18.85,0.0
clip_010,jibda,36.0,18.85,0.0
clip_010,kollox,38.0,19.569,0.0
clip_010,għal,38.0,19.569,0.0
clip_010,issa,38.792,20.213,0.0
clip_011,fejn,2.0,1.526,0.0
clip_011,il-bieb,2.0,1.526,0.0
clip_011,tal-ħadid,2.0,1.526,0.0
clip_011,il-bieb,2.0,1.526,0.0
clip_011,l-isfel,2.0,1.526,0.0
clip_011,minn,4.0,2.474,0.0
clip_011,fejn,4.0,2.474,0.0
clip_011,joħroġ,4.0,2.474,0.0
clip_011,joħ,4.0,2.474,0.0
clip_011,alla,6.0,3.261,0.0
clip_011,ħalli,6.0,3.261,0.0
clip_011,bierek,8.0,4.26,0.0
clip_011,ried,8.0,4.26,0.0
clip_011,għinni,8.0,4.26,0.0
clip_011,it-tjubija,10.0,5.494,0.0
clip_011,tiegħu,10.0,5.494,0.0
clip_011,għerf,10.0,5.494,0.0
clip_011,l-imħabba,12.0,6.511,0.0
clip_011,li,12.0,6.511,0.0
clip_011,kulħadd,12.0,6.511,0.0
clip_011,kellu,12.0,6.511,0.0
clip_011,għalih,12.0,6.511,0.0
clip_011,nisluha,14.0,7.675,0.0
clip_011,minn,14.0,7.675,0.0
clip_011,biża,14.0,7.675,0.0
clip_011,kbira,14.0,7.675,0.0
clip_011,fil-qalb,14.0,7.675,0.0
clip_011,gassu,16.0,8.627,0.0
clip_011,tal-gass,16.0,8.627,0.0
clip_011,madankollu,16.0,8.627,0.0
clip_011,kien,18.0,9.495,0.0
clip_011,juri,18.0,9.495,0.0
clip_011,ruħu,18.0,9.495,0.0
clip_011,il-bieb,20.0,10.76,0.0
clip_011,ta',20.0,10.76,0.0
clip_011,wara,20.0,10.76,0.0
clip_011,kien,20.0,10.76,0.0
clip_011,imqabbad,20.0,10.76,0.0
clip_011,irrid,22.0,12.023,0.0
clip_011,noħroġ,22.0,12.023,0.0
clip_011,minn,22.0,12.023,0.0
clip_011,din,22.0,12.023,0.0
clip_011,il-gaġġa,22.0,12.023,0.0
clip_011,minkejja,24.0,13.174,0.0
clip_011,l-i,24.0,13.174,0.0
clip_011,kont,24.0,13.174,0.0
clip_011,nitwaħx,24.0,13.174,0.0
clip_011,minnhom,26.0,14.643,0.0
clip_011,fil-sala,26.0,14.643,0.0
clip_011,u,26.0,14.643,0.0
clip_011,l-kamra,26.0,14.643,0.0
clip_011,tal-pranzu,26.0,14.643,0.0
clip_011,kelli,28.0,15.986,0.0
clip_011,l-permess,28.0,15.986,0.0
clip_011,nidħol,28.0,15.986,0.0
clip_011,x',28.0,15.986,0.0
clip_011,nixtieq,28.0,15.986,0.0
clip_011,telaq,30.0,17.113,0.0
clip_011,lura,30.0,17.113,0.0
clip_011,fuq,30.0,17.113,0.0
clip_011,l-imħaddda,30.0,17.113,0.0
clip_011,u,32.0,18.277,0.0
clip_011,ftit,32.0,18.277,0.0
clip_011,wara,32.0,18.277,0.0
clip_011,rimettiet,32.0,18.277,0.0
clip_011,fortuna,32.0,18.277,0.0
clip_011,ma',34.0,19.447,0.0
clip_011,l-art,34.0,19.447,0.0
clip_011,dak,34.0,19.447,0.0
clip_011,għall-ewwel,36.0,20.484,0.0
clip_011,darba,36.0,20.484,0.0
clip_011,tlift,36.0,20.484,0.0
clip_011,bil-kbir,38.0,21.465,0.0
clip_011,u,38.0,21.465,0.0
clip_011,int,38.0,21.465,0.0
clip_011,issa,38.0,21.465,0.0
clip_011,wieġbu,40.0,22.405,0.0
clip_011,bl-istess,40.0,22.405,0.0
clip_011,imma,42.0,23.399,0.0
clip_011,alla,42.0,23.399,0.0
clip_011,li,42.0,23.399,0.0
clip_011,jbierek,42.0,23.399,0.0
clip_011,tħallas,44.0,24.595,0.0
clip_011,nhar,44.0,24.595,0.0
clip_011,ta',44.0,24.595,0.0
clip_011,sibt,44.0,24.595,0.0
clip_011,gassru,44.0,24.595,0.0
clip_011,l-ispju,46.0,26.068,0.0
clip_011,tal-ħakkiem,46.0,26.068,0.0
clip_011,u,46.0,26.068,0.0
clip_011,l-għerq,46.0,26.068,0.0
clip_011,suldati,47.786,27.046,0.0
clip_011,li,47.786,27.046,0.0
clip_011,kellhom,47.786,27.046,0.0
clip_011,magħhom,47.786,27.046,0.0
clip_012,kif,2.0,1.091,0.0
clip_012,l-aġent,2.0,1.091,0.0
clip_012,kien,2.0,1.091,0.0
clip_012,qed,4.0,2.259,0.0
clip_012,jgħin,4.0,2.259,0.0
clip_012,lil,4.0,2.259,0.0
clip_012,dawk,4.0,2.259,0.0
clip_012,in-nies,4.0,2.259,0.0
clip_012,tajjeb,4.0,2.259,0.0
clip_012,tibqa',6.0,3.433,0.0
clip_012,tgħinhom,6.0,3.433,0.0
clip_012,hi,6.0,3.433,0.0
clip_012,issa,6.0,3.433,0.0
clip_012,kwarta,8.0,4.603,0.0
clip_012,bil-qajla,8.0,4.603,0.0
clip_012,il-ġewwa,10.0,6.438,0.0
clip_012,waslu,10.0,6.438,0.0
clip_012,sal-gżira,10.0,6.438,0.0
clip_012,żgħira,10.0,6.438,0.0
clip_012,u,12.0,7.725,0.0
clip_012,baqgħu,12.0,7.725,0.0
clip_012,daħlin,12.0,7.725,0.0
clip_012,fil-bajja,12.0,7.725,0.0
clip_012,zgħira,14.0,8.879,0.0
clip_012,li,14.0,8.879,0.0
clip_012,kien,14.0,8.879,0.0
clip_012,hemm,14.0,8.879,0.0
clip_012,quddiemhom,14.0,8.879,0.0
clip_012,għada,16.0,9.606,0.0
clip_012,ħawwad,18.0,11.023,0.0
clip_012,fil-ftuħ,18.0,11.023,0.0
clip_012,tal-ħalq,18.0,11.023,0.0
clip_012,bdejt,18.0,11.023,0.0
clip_012,ħallieq,20.0,11.867,0.0
clip_012,u,22.0,12.899,0.0
clip_012,jgħid,22.0,12.899,0.0
clip_012,fuq,22.0,12.899,0.0
clip_012,kemm,22.0,12.899,0.0
clip_012,bagħtha,22.0,12.899,0.0
clip_012,ġustizzja,24.0,13.865,0.0
clip_012,politika,24.0,13.865,0.0
clip_012,vjolenza,24.0,13.865,0.0
clip_012,fizika,26.0,14.885,0.0
clip_012,fuq,26.0,14.885,0.0
clip_012,kemm,26.0,14.885,0.0
clip_012,missier,26.0,14.885,0.0
clip_012,u,26.0,14.885,0.0
clip_012,trasferimenti,28.0,15.702,0.0
clip_012,politiċi,28.0,15.702,0.0
clip_012,wkoll,28.0,15.702,0.0
clip_012,u,30.0,16.542,0.0
clip_012,issa,30.0,16.542,0.0
clip_012,qegħdin,30.0,16.542,0.0
clip_012,tajjeb,30.0,16.542,0.0
clip_012,hemmx,32.0,17.44,0.0
clip_012,triq,32.0,17.44,0.0
clip_012,oħra,32.0,17.44,0.0
clip_012,ta',34.0,18.677,0.0
clip_012,min,34.0,18.677,0.0
clip_012,juri,34.0,18.677,0.0
clip_012,li,34.0,18.677,0.0
clip_012,t-tielet,34.0,18.677,0.0
clip_012,wieħed,34.0,18.677,0.0
clip_012,jerġa,34.0,18.677,0.0
clip_012,ma,36.0,19.605,0.0
clip_012,nibżax,36.0,19.605,0.0
clip_012,minn,36.0,19.605,0.0
clip_013,erika,2.0,1.088,0.0
clip_013,ma,2.0,1.088,0.0
clip_013,kellhiex,2.0,1.088,0.0
clip_013,il-wiċċ,2.0,1.088,0.0
clip_013,titlob,4.0,2.068,0.0
clip_013,lura,4.0,2.068,0.0
clip_013,kwadru,6.0,3.142,0.0
clip_013,li,6.0,3.142,0.0
clip_013,ma,6.0,3.142,0.0
clip_013,kienx,6.0,3.142,0.0
clip_013,aktar,6.0,3.142,0.0
clip_013,ta',6.0,3.142,0.0
clip_013,rikku,8.0,3.853,0.0
clip_013,u,10.0,4.631,0.0
clip_013,minnu,10.0,4.631,0.0
clip_013,fih,10.0,4.631,0.0
clip_013,inguterra,12.0,5.566,0.0
clip_013,tomme,12.0,5.566,0.0
clip_013,pellegrino,14.0,6.416,0.0
clip_013,u,14.0,6.416,0.0
clip_013,li,16.0,7.186,0.0
clip_013,kienu,16.0,7.186,0.0
clip_013,kollha,16.0,7.186,0.0
clip_013,m'd,18.0,8.167,0.0
clip_013,aħjar,18.0,8.167,0.0
clip_013,i,20.0,9.011,0.0
clip_013,make,20.0,9.011,0.0
clip_013,a,20.0,9.011,0.0
clip_013,move,20.0,9.011,0.0
clip_013,ix-xitwa,22.0,9.94,0.0
clip_013,tajba,22.0,9.94,0.0
clip_013,tajjeb,22.0,9.94,0.0
clip_013,ir-ross,24.0,11.296,0.0
clip_013,u,24.0,11.296,0.0
clip_013,hekk,24.0,11.296,0.0
clip_013,kif,24.0,11.296,0.0
clip_013,l-għassa,24.0,11.296,0.0
clip_013,ħarsa,26.0,12.372,0.0
clip_013,ħarsu,26.0,12.372,0.0
clip_013,l-isfel,26.0,12.372,0.0
clip_013,jillimgħuh,28.0,13.843,0.0
clip_013,il-mixi,28.0,13.843,0.0
clip_013,l-bebbux,28.0,13.843,0.0
clip_013,roberto,30.0,14.515,0.0
clip_013,beda,32.0,16.057,0.0
clip_013,jħossu,32.0,16.057,0.0
clip_013,t-tfittxija,32.0,16.057,0.0
clip_013,f'widna,32.0,16.057,0.0
clip_013,li,34.0,16.825,0.0
clip_013,kien,34.0,16.825,0.0
clip_013,ikun,34.0,16.825,0.0
clip_013,u,36.0,18.201,0.0
clip_013,din,36.0,18.201,0.0
clip_013,il-kreatura,36.0,18.201,0.0
clip_013,ħelwa,36.0,18.201,0.0
clip_013,ta'ħlewwa,36.0,18.201,0.0
clip_013,kif,38.0,19.317,0.0
clip_013,jitneħħa,38.0,19.317,0.0
clip_013,f'idejh,38.0,19.317,0.0
clip_013,tista,40.0,20.42,0.0
clip_013,tkun,40.0,20.42,0.0
clip_013,taf,40.0,20.42,0.0
clip_013,x'kien,40.0,20.42,0.0
clip_013,hemm,40.0,20.42,0.0
clip_013,mela,40.0,20.42,0.0
clip_013,għalija,42.0,21.116,0.0
clip_013,x-xemx,44.0,22.278,0.0
clip_013,kienet,44.0,22.278,0.0
clip_013,diġà,44.0,22.278,0.0
clip_013,waslet,44.0,22.278,0.0
clip_013,li,44.0,22.278,0.0
clip_013,din,46.0,23.271,0.0
clip_013,il-nofsinhar,46.0,23.271,0.0
clip_013,dak,48.0,24.604,0.0
clip_013,l-ħabta,48.0,24.604,0.0
clip_013,kont,48.0,24.604,0.0
clip_013,għadni,48.0,24.604,0.0
clip_013,żagħżugħ,48.0,24.604,0.0
clip_013,ta',50.0,25.607,0.0
clip_013,tmintax,50.0,25.607,0.0
clip_013,70,52.0,26.777,0.0
clip_013,u,52.0,26.777,0.0
clip_013,7,52.0,26.777,0.0
clip_013,ta,52.0,26.777,0.0
clip_013,',52.0,26.777,0.0
clip_013,l-għada,52.0,26.777,0.0
clip_013,tiġi,54.0,27.473,0.0
clip_013,for,54.0,27.473,0.0
clip_013,tosseks,55.153,28.22,0.0
clip_014,inħoss,2.0,1.02,0.0
clip_014,hawn,2.0,1.02,0.0
clip_014,il-ħin,2.0,1.02,0.0
clip_014,kollu,2.0,1.02,0.0
clip_014,tħares,4.0,1.861,0.0
clip_014,lejha,4.0,1.861,0.0
clip_014,nara,6.0,2.953,0.0
clip_014,li,6.0,2.953,0.0
clip_014,nobdi,6.0,2.953,0.0
clip_014,kull,6.0,2.953,0.0
clip_014,ordni,6.0,2.953,0.0
clip_014,li,8.0,4.231,0.0
clip_014,tniedi,8.0,4.231,0.0
clip_014,li,8.0,4.231,0.0
clip_014,nimxi,8.0,4.231,0.0
clip_014,fit-triq,8.0,4.231,0.0
clip_014,it-tajjeb,10.0,5.077,0.0
clip_014,jiġri,12.0,6.072,0.0
clip_014,minn,12.0,6.072,0.0
clip_014,art,12.0,6.072,0.0
clip_014,għal,12.0,6.072,0.0
clip_014,oħra,12.0,6.072,0.0
clip_014,u,12.0,6.072,0.0
clip_014,terġa',14.0,7.411,0.0
clip_014,lura,14.0,7.411,0.0
clip_014,wara,14.0,7.411,0.0
clip_014,l-gwerra,14.0,7.411,0.0
clip_014,lejn,16.0,8.351,0.0
clip_014,artek,16.0,8.351,0.0
clip_014,mimli,16.0,8.351,0.0
clip_014,id-dallijiet,18.0,9.557,0.0
clip_014,u,18.0,9.557,0.0
clip_014,mimli,18.0,9.557,0.0
clip_014,ġiħ,18.0,9.557,0.0
clip_014,meta,20.0,10.472,0.0
clip_014,mbagħad,20.0,10.472,0.0
clip_014,wara,20.0,10.472,0.0
clip_014,l-forma,20.0,10.472,0.0
clip_014,bdejt,22.0,11.395,0.0
clip_014,attendi,22.0,11.395,0.0
clip_014,għall-arti,24.0,12.247,0.0
clip_014,biss,24.0,12.247,0.0
clip_014,flimkien,24.0,12.247,0.0
clip_014,ma',26.0,13.265,0.0
clip_014,erba',26.0,13.265,0.0
clip_014,studenti,26.0,13.265,0.0
clip_014,oħra,26.0,13.265,0.0
clip_014,is-sur,28.0,14.298,0.0
clip_014,fenek,28.0,14.298,0.0
clip_014,silenzjuż,30.0,15.384,0.0
clip_014,li,30.0,15.384,0.0
clip_014,trid,30.0,15.384,0.0
clip_014,tifhem,30.0,15.384,0.0
clip_014,biex,32.0,16.221,0.0
clip_014,tisimgħu,32.0,16.221,0.0
clip_014,qabel,34.0,17.353,0.0
clip_014,bagħt,34.0,17.353,0.0
clip_014,l-aħħar,34.0,17.353,0.0
clip_014,bagalji,34.0,17.353,0.0
clip_014,ir-raħt,36.0,18.436,0.0
clip_014,li,36.0,18.436,0.0
clip_014,żgħir,36.0,18.436,0.0
clip_014,u,38.0,19.486,0.0
clip_014,għidtlu,38.0,19.486,0.0
clip_014,biex,38.0,19.486,0.0
clip_014,xi,38.0,19.486,0.0
clip_014,darba,38.0,19.486,0.0
clip_014,meta,40.0,20.301,0.0
clip_014,jikber,40.0,20.301,0.0
clip_014,imma,42.0,21.502,0.0
clip_014,kull,42.0,21.502,0.0
clip_014,meta,42.0,21.502,0.0
clip_014,ndokki,42.0,21.502,0.0
clip_014,t-tip,42.0,21.502,0.0
clip_014,x'imkien,44.0,22.42,0.0
clip_014,nisma',44.0,22.42,0.0
clip_014,ħadd,46.0,23.305,0.0
clip_014,ma,46.0,23.305,0.0
clip_014,jagħti,46.0,23.305,0.0
clip_014,kas,46.0,23.305,0.0
clip_014,il-mument,48.0,24.983,0.0
clip_014,tal-għeluq,48.0,24.983,0.0
clip_014,ta',48.0,24.983,0.0
clip_014,l-aħħar,48.0,24.983,0.0
clip_014,xahar,48.0,24.983,0.0
clip_014,sal-lamander,50.0,25.908,0.0
clip_014,u,52.0,27.389,0.0
clip_014,dan,52.0,27.389,0.0
clip_014,għaliex,52.0,27.389,0.0
clip_014,is-saltna,52.0,27.389,0.0
clip_014,tal-fira,52.0,27.389,0.0
clip_014,din,54.0,28.39,0.0
clip_014,tkun,54.0,28.39,0.0
clip_014,waslet,54.0,28.39,0.0
clip_014,fit-tar,54.0,28.39,0.0
clip_014,kien,56.0,29.193,0.0
clip_014,imgħadda,56.0,29.193,0.0
clip_014,għalih,58.0,30.08,0.0
clip_014,innifsu,58.0,30.08,0.0
clip_014,għax,58.0,30.08,0.0
clip_014,minflok,60.0,31.282,0.0
clip_014,il-ċanfira,60.0,31.282,0.0
clip_014,ta',60.0,31.282,0.0
clip_014,l,60.0,31.282,0.0
clip_014,sur,62.0,32.223,0.0
clip_014,borġ,62.0,32.223,0.0
clip_014,li,62.0,32.223,0.0
clip_014,pietru,62.0,32.223,0.0
clip_014,kien,64.0,33.469,0.0
clip_014,ħallieq,64.0,33.469,0.0
clip_014,rigal,64.0,33.469,0.0
clip_014,ta',64.0,33.469,0.0
clip_014,ħames,64.0,33.469,0.0
clip_014,xi,64.748,34.105,0.0
clip_015,kien,2.0,1.166,0.0
clip_015,qed,2.0,1.166,0.0
clip_015,jitħawwad,2.0,1.166,0.0
clip_015,u,2.0,1.166,0.0
clip_015,ma,2.0,1.166,0.0
clip_015,kellu,2.0,1.166,0.0
clip_015,l-ħsieb,4.0,2.277,0.0
clip_015,li,4.0,2.277,0.0
clip_015,joffri,4.0,2.277,0.0
clip_015,reżistenza,4.0,2.277,0.0
clip_015,wisq,6.0,3.038,0.0
clip_015,probabbli,6.0,3.038,0.0
clip_015,li,8.0,4.202,0.0
clip_015,kellhom,8.0,4.202,0.0
clip_015,il-kop,8.0,4.202,0.0
clip_015,tal-kopp,8.0,4.202,0.0
clip_015,fl-istokk,10.0,5.231,0.0
clip_015,antik,10.0,5.231,0.0
clip_015,u,10.0,5.231,0.0
clip_015,ħarġha,12.0,6.601,0.0
clip_015,fuq,12.0,6.601,0.0
clip_015,l-iskraffa,12.0,6.601,0.0
clip_015,forsi,12.0,6.601,0.0
clip_015,is-segretarju,14.0,7.706,0.0
clip_015,tal-familja,14.0,7.706,0.0
clip_015,kienet,16.0,8.682,0.0
clip_015,ma',16.0,8.682,0.0
clip_015,numru,16.0,8.682,0.0
clip_015,ta',16.0,8.682,0.0
clip_015,studenti,16.0,8.682,0.0
clip_015,li,18.0,9.85,0.0
clip_015,kienu,18.0,9.85,0.0
clip_015,ilhom,18.0,9.85,0.0
clip_015,bdew,18.0,9.85,0.0
clip_015,il-kors,18.0,9.85,0.0
clip_015,u,20.0,11.113,0.0
clip_015,li,20.0,11.113,0.0
clip_015,l-ħija,20.0,11.113,0.0
clip_015,ta',20.0,11.113,0.0
clip_015,dawk,20.0,11.113,0.0
clip_015,tal,20.0,11.113,0.0
clip_015,u,22.0,11.861,0.0
clip_015,ftit,22.0,11.861,0.0
clip_015,wara,22.0,11.861,0.0
clip_015,kienu,24.0,12.799,0.0
clip_015,ġew,24.0,12.799,0.0
clip_015,dawk,24.0,12.799,0.0
clip_015,it-tnejn,24.0,12.799,0.0
clip_015,u,26.0,13.643,0.0
clip_015,qaluli,26.0,13.643,0.0
clip_015,haw,26.0,13.643,0.0
clip_015,ok,28.0,14.291,0.0
clip_015,imma,30.0,15.506,0.0
clip_015,setgħu,30.0,15.506,0.0
clip_015,kienu,30.0,15.506,0.0
clip_015,ta',30.0,15.506,0.0
clip_015,l-air,30.0,15.506,0.0
clip_015,malta,30.0,15.506,0.0
clip_015,jien,32.0,16.265,0.0
clip_015,naf,32.0,16.265,0.0
clip_015,jew,32.0,16.265,0.0
clip_015,l-air,34.0,17.198,0.0
clip_015,marokk,34.0,17.198,0.0
clip_015,qattx,36.0,18.199,0.0
clip_015,l-istess,36.0,18.199,0.0
clip_015,riħ,36.0,18.199,0.0
clip_015,wara,38.0,19.103,0.0
clip_015,ftit,38.0,19.103,0.0
clip_015,l-istess,38.0,19.103,0.0
clip_015,terġa',39.912,20.101,0.0
clip_015,lura,39.912,20.101,0.0
clip_015,f'post,39.912,20.101,0.0
clip_016,ma,2.0,1.008,0.0
clip_016,kienx,2.0,1.008,0.0
clip_016,jaf,2.0,1.008,0.0
clip_016,kemm,2.0,1.008,0.0
clip_016,kien,2.0,1.008,0.0
clip_016,il-u,2.0,1.008,0.0
clip_016,ġo,4.0,2.136,0.0
clip_016,l-maġar,4.0,2.136,0.0
clip_016,imma,4.0,2.136,0.0
clip_016,kien,4.0,2.136,0.0
clip_016,qed,6.0,3.349,0.0
clip_016,iħoss,6.0,3.349,0.0
clip_016,li,6.0,3.349,0.0
clip_016,kien,6.0,3.349,0.0
clip_016,il-u,6.0,3.349,0.0
clip_016,ħafna,6.0,3.349,0.0
clip_016,knisja,8.0,4.039,0.0
clip_016,maħfra,10.0,4.839,0.0
clip_016,lil,10.0,4.839,0.0
clip_016,kulħadd,10.0,4.839,0.0
clip_016,kont,12.0,5.784,0.0
clip_016,idħak,12.0,5.784,0.0
clip_016,biha,12.0,5.784,0.0
clip_016,ried,14.0,7.015,0.0
clip_016,indaħħal,14.0,7.015,0.0
clip_016,idejja,14.0,7.015,0.0
clip_016,fil-buttuna,14.0,7.015,0.0
clip_016,tal-ġek,16.0,7.944,0.0
clip_016,tiegħu,16.0,7.944,0.0
clip_016,u,16.0,7.944,0.0
clip_016,ma,18.0,8.768,0.0
clip_016,tarax,18.0,8.768,0.0
clip_016,għima,18.0,8.768,0.0
clip_016,hekk,20.0,9.87,0.0
clip_016,kien,20.0,9.87,0.0
clip_016,iservi,20.0,9.87,0.0
clip_016,ġranet,20.0,9.87,0.0
clip_016,ma,22.0,10.869,0.0
clip_016,jaqras,22.0,10.869,0.0
clip_016,u,22.0,10.869,0.0
clip_016,jwaħħal,22.0,10.869,0.0
clip_016,iż-żejt,24.0,11.85,0.0
clip_016,mitħun,24.0,11.85,0.0
clip_016,ma',26.0,12.907,0.0
clip_016,ġun,26.0,12.907,0.0
clip_016,bl-ilma,26.0,12.907,0.0
clip_016,biss,26.0,12.907,0.0
clip_016,u,28.0,13.801,0.0
clip_016,l-ħbieb,28.0,13.801,0.0
clip_016,sebgħin,30.0,14.821,0.0
clip_016,dik,30.0,14.821,0.0
clip_016,kienet,30.0,14.821,0.0
clip_016,xi,30.0,14.821,0.0
clip_016,ħaġa,30.0,14.821,0.0
clip_016,li,32.0,15.825,0.0
clip_016,jista',32.0,15.825,0.0
clip_016,jagħmelha,32.0,15.825,0.0
clip_016,kulħadd,32.0,15.825,0.0
clip_016,u,34.0,16.686,0.0
clip_016,tant,34.0,16.686,0.0
clip_016,kont,34.0,16.686,0.0
clip_016,miss,34.0,16.686,0.0
clip_016,naħseb,36.0,17.811,0.0
clip_016,u,36.0,17.811,0.0
clip_016,nipprova,36.0,17.811,0.0
clip_016,nifhem,36.0,17.811,0.0
clip_016,il-moviment,38.0,18.899,0.0
clip_016,tas-sur,38.0,18.899,0.0
clip_016,test,38.0,18.899,0.0
clip_016,u,40.0,19.532,0.0
clip_016,u,42.0,20.365,0.0
clip_016,jilbes,42.0,20.365,0.0
clip_016,hekk,42.0,20.365,0.0
clip_016,kienu,44.0,21.699,0.0
clip_016,ġew,44.0,21.699,0.0
clip_016,il-jum,44.0,21.699,0.0
clip_016,ta',44.0,21.699,0.0
clip_016,qabel,44.0,21.699,0.0
clip_016,bla,44.0,21.699,0.0
clip_016,ħbieb,44.0,21.699,0.0
clip_016,ħarġet,46.0,22.852,0.0
clip_016,għax,46.0,22.852,0.0
clip_016,kien,46.0,22.852,0.0
clip_016,għamel,46.0,22.852,0.0
clip_016,mikel,46.0,22.852,0.0
clip_016,bħal,48.0,23.977,0.0
clip_016,tartani,48.0,23.977,0.0
clip_016,u,48.0,23.977,0.0
clip_016,f'tal-tar,48.0,23.977,0.0
clip_016,ħa,50.0,24.806,0.0
clip_016,nibda,50.0,24.806,0.0
clip_016,minnek,50.879,25.539,0.0
clip_017,mela,2.0,1.001,0.0
clip_017,ġib,2.0,1.001,0.0
clip_017,miegħek,2.0,1.001,0.0
clip_017,lil,2.0,1.001,0.0
clip_017,jamie,2.0,1.001,0.0
clip_017,jista',4.0,2.274,0.0
clip_017,jilgħab,4.0,2.274,0.0
clip_017,maż-zgħira,4.0,2.274,0.0
clip_017,meta,6.0,3.136,0.0
clip_017,semma',6.0,3.136,0.0
clip_017,dak,6.0,3.136,0.0
clip_017,l-għajjat,8.0,4.21,0.0
clip_017,kollu,8.0,4.21,0.0
clip_017,nannu,8.0,4.21,0.0
clip_017,jmur,10.0,5.521,0.0
clip_017,b'ħasra,10.0,5.521,0.0
clip_017,kbira,10.0,5.521,0.0
clip_017,u,10.0,5.521,0.0
clip_017,staqse,10.0,5.521,0.0
clip_017,il-wali,12.0,6.643,0.0
clip_017,x'kien,12.0,6.643,0.0
clip_017,ġara,12.0,6.643,0.0
clip_017,forsi,14.0,7.784,0.0
clip_017,din,14.0,7.784,0.0
clip_017,il-konversazzjoni,14.0,7.784,0.0
clip_017,kollha,16.0,8.801,0.0
clip_017,kienet,16.0,8.801,0.0
clip_017,reċta,16.0,8.801,0.0
clip_017,għalik,18.0,9.884,0.0
clip_017,għax,18.0,9.884,0.0
clip_017,għalax,18.0,9.884,0.0
clip_017,xi,20.0,10.84,0.0
clip_017,raġuni,20.0,10.84,0.0
clip_017,li,20.0,10.84,0.0
clip_017,kont,20.0,10.84,0.0
clip_017,għadek,22.0,12.05,0.0
clip_017,ma,22.0,12.05,0.0
clip_017,stajtx,22.0,12.05,0.0
clip_017,tifhem,22.0,12.05,0.0
clip_017,set,24.0,13.172,0.0
clip_017,anke,24.0,13.172,0.0
clip_017,kien,24.0,13.172,0.0
clip_017,hemm,24.0,13.172,0.0
clip_017,xi,24.0,13.172,0.0
clip_017,ħadd,24.0,13.172,0.0
clip_017,ieħor,24.0,13.172,0.0
clip_017,ħasset,26.0,14.477,0.0
clip_017,il-preżenza,26.0,14.477,0.0
clip_017,ta',26.0,14.477,0.0
clip_017,barra,26.0,14.477,0.0
clip_017,fil-karozza,28.0,15.356,0.0
clip_017,imma,28.0,15.356,0.0
clip_017,ma,30.0,16.527,0.0
clip_017,kellha,30.0,16.527,0.0
clip_017,l-ebda,30.0,16.527,0.0
clip_017,ħajra,30.0,16.527,0.0
clip_017,tkun,30.0,16.527,0.0
clip_017,taf,30.0,16.527,0.0
clip_017,jekk,32.0,17.511,0.0
clip_017,ikun,32.0,17.511,0.0
clip_017,ħasseppellhom,32.0,17.511,0.0
clip_017,dal-dan,34.0,18.404,0.0
clip_017,ukoll,34.0,18.404,0.0
clip_017,duluri,36.0,19.515,0.0
clip_017,ferħ,36.0,19.515,0.0
clip_017,u,36.0,19.515,0.0
clip_017,b'xejn,36.0,19.515,0.0
clip_017,u,38.0,20.436,0.0
clip_017,daħlu,38.0,20.436,0.0
clip_017,kollha,38.0,20.436,0.0
clip_017,ġewwa,38.0,20.436,0.0
clip_017,fejn,38.0,20.436,0.0
clip_017,u,40.0,21.369,0.0
clip_017,dar,40.0,21.369,0.0
clip_017,bla,40.0,21.369,0.0
clip_017,mimiss,40.0,21.369,0.0
clip_017,għax,42.0,22.536,0.0
clip_017,il-franċiżi,42.0,22.536,0.0
clip_017,ma,42.0,22.536,0.0
clip_017,kinux,42.0,22.536,0.0
clip_017,marru,42.0,22.536,0.0
clip_017,u,44.0,23.6,0.0
clip_017,l-pridjo,44.0,23.6,0.0
clip_017,u,44.303,24.233,0.0
clip_018,sidir,2.0,0.91,0.0
clip_018,kbir,2.0,0.91,0.0
clip_018,wisq,2.0,0.91,0.0
clip_018,ma',2.0,0.91,0.0
clip_018,inħossni,4.0,2.414,0.0
clip_018,niftaħ,4.0,2.414,0.0
clip_018,meta,4.0,2.414,0.0
clip_018,jgħaqqad,4.0,2.414,0.0
clip_018,ma',4.0,2.414,0.0
clip_018,wiċċi,4.0,2.414,0.0
clip_018,mija,6.0,3.419,0.0
clip_018,tnejn,6.0,3.419,0.0
clip_018,u,6.0,3.419,0.0
clip_018,sittin,6.0,3.419,0.0
clip_018,imma,8.0,4.229,0.0
clip_018,s-suq,8.0,4.229,0.0
clip_018,il-valet,10.0,5.468,0.0
clip_018,lavallett,10.0,5.468,0.0
clip_018,ma,10.0,5.468,0.0
clip_018,kienx,10.0,5.468,0.0
clip_018,raġel,10.0,5.468,0.0
clip_018,li,10.0,5.468,0.0
clip_018,ir-ras,12.0,6.882,0.0
clip_018,b'duħħan,12.0,6.882,0.0
clip_018,tal-vittorja,12.0,6.882,0.0
clip_018,u,14.0,8.034,0.0
clip_018,jinsa,14.0,8.034,0.0
clip_018,dmiru,14.0,8.034,0.0
clip_018,għal,14.0,8.034,0.0
clip_018,li,14.0,8.034,0.0
clip_018,ġej,14.0,8.034,0.0
clip_018,imma,16.0,9.027,0.0
clip_018,wkoll,16.0,9.027,0.0
clip_018,għax,16.0,9.027,0.0
clip_018,kienu,16.0,9.027,0.0
clip_018,ħarbtu,16.0,9.027,0.0
clip_018,ġidna,18.0,10.045,0.0
clip_018,għax,18.0,10.045,0.0
clip_018,kienu,18.0,10.045,0.0
clip_018,ħadu,18.0,10.045,0.0
clip_018,id-drittijiet,20.0,11.134,0.0
clip_018,li,20.0,11.134,0.0
clip_018,kellna,20.0,11.134,0.0
clip_018,għax,20.0,11.134,0.0
clip_018,kienu,20.0,11.134,0.0
clip_018,għamilna,22.0,12.126,0.0
clip_018,drawwiet,22.0,12.126,0.0
clip_018,tajba,22.0,12.126,0.0
clip_018,kollha,22.0,12.126,0.0
clip_018,matthew,24.0,13.293,0.0
clip_018,xi,24.0,13.293,0.0
clip_018,kliem,24.0,13.293,0.0
clip_018,hu,24.0,13.293,0.0
clip_018,dan,24.0,13.293,0.0
clip_018,il-kliem,24.0,13.293,0.0
clip_018,x'kien,26.0,14.173,0.0
clip_018,kien,26.0,14.173,0.0
clip_018,jaf,28.0,15.49,0.0
clip_018,li,28.0,15.49,0.0
clip_018,sħabu,28.0,15.49,0.0
clip_018,kienu,28.0,15.49,0.0
clip_018,qed,28.0,15.49,0.0
clip_018,jaħsbu,28.0,15.49,0.0
clip_018,dak,28.0,15.49,0.0
clip_018,kien,30.0,16.507,0.0
clip_018,qed,30.0,16.507,0.0
clip_018,jaħseb,30.0,16.507,0.0
clip_018,li,30.0,16.507,0.0
clip_018,dawk,30.0,16.507,0.0
clip_018,kienu,30.0,16.507,0.0
clip_018,l-istess,32.0,17.808,0.0
clip_018,nies,32.0,17.808,0.0
clip_018,li,32.0,17.808,0.0
clip_018,qalbu,32.0,17.808,0.0
clip_018,rrazza,32.0,17.808,0.0
clip_018,fuq,34.0,18.727,0.0
clip_018,u,34.0,18.727,0.0
clip_018,meta,34.0,18.727,0.0
clip_018,narawh,34.0,18.727,0.0
clip_018,kien,36.0,19.783,0.0
clip_018,nitla',36.0,19.783,0.0
clip_018,n-seba',36.0,19.783,0.0
clip_018,tom,38.0,20.928,0.0
clip_018,jinżel,38.0,20.928,0.0
clip_018,minn,38.0,20.928,0.0
clip_018,fuq,38.0,20.928,0.0
clip_018,il-ġilda,38.0,20.928,0.0
clip_018,rota,40.0,22.169,0.0
clip_018,tiegħu,40.0,22.169,0.0
clip_018,u,40.0,22.169,0.0
clip_018,baqa',40.0,22.169,0.0
clip_018,ftit,40.0,22.169,0.0
clip_018,'il,40.0,22.169,0.0
clip_018,bogħod,40.0,22.169,0.0
clip_018,xita,42.0,23.293,0.0
clip_018,għax,42.0,23.293,0.0
clip_018,xorta,42.0,23.293,0.0
clip_018,ma,42.0,23.293,0.0
clip_018,tantx,42.0,23.293,0.0
clip_018,kien,42.0,23.293,0.0
clip_018,qed,42.0,23.293,0.0
clip_018,wara,44.0,24.376,0.0
clip_018,l-batika,44.0,24.376,0.0
clip_018,li,44.0,24.376,0.0
clip_018,kienet,44.0,24.376,0.0
clip_018,tagħti,44.0,24.376,0.0
clip_018,l-ewwel,46.0,25.531,0.0
clip_018,darba,46.0,25.531,0.0
clip_018,li,46.0,25.531,0.0
clip_018,nqabad,46.0,25.531,0.0
clip_018,taħtha,46.0,25.531,0.0
clip_018,xi,48.0,26.486,0.0
clip_018,drabi,48.0,26.486,0.0
clip_018,kienet,48.0,26.486,0.0
clip_018,tħoss,48.0,26.486,0.0
clip_018,qalbha,48.0,26.486,0.0
clip_018,tgħaqqad,50.0,27.975,0.0
clip_018,il-maltempati,50.0,27.975,0.0
clip_018,ta',50.0,27.975,0.0
clip_018,ħossu,50.0,27.975,0.0
clip_018,kienu,52.0,29.137,0.0
clip_018,ġew,52.0,29.137,0.0
clip_018,imnaqqsa,52.0,29.137,0.0
clip_018,għal,52.0,29.137,0.0
clip_018,dawk,52.0,29.137,0.0
clip_018,iż-żewġ,52.0,29.137,0.0
clip_018,fuq,54.0,30.246,0.0
clip_018,t-truf,54.0,30.246,0.0
clip_018,subgħajha,54.0,30.246,0.0
clip_018,u,56.0,31.507,0.0
clip_018,mill-ewwel,56.0,31.507,0.0
clip_018,ġibdet,56.0,31.507,0.0
clip_018,l-attenzjoni,56.0,31.507,0.0
clip_018,ta',58.0,32.621,0.0
clip_018,kulħadd,58.0,32.621,0.0
clip_018,għax,58.0,32.621,0.0
clip_018,din,58.0,32.621,0.0
clip_018,il-kelma,58.0,32.621,0.0
clip_018,kienet,58.0,32.621,0.0
clip_018,stramba,59.398,33.381,0.0
clip_018,għalihom,59.398,33.381,0.0
clip_019,ċ-ċlop,2.0,0.797,0.0
clip_019,tisma',4.0,2.215,0.0
clip_019,l-ilma,4.0,2.215,0.0
clip_019,li,4.0,2.215,0.0
clip_019,jinżel,4.0,2.215,0.0
clip_019,mill-kamra,4.0,2.215,0.0
clip_019,oħra,4.0,2.215,0.0
clip_019,zobbok,6.0,3.173,0.0
clip_019,bil,6.0,3.173,0.0
clip_019,sekondi,6.0,3.173,0.0
clip_019,ġisem,8.0,4.46,0.0
clip_019,ħarqa,8.0,4.46,0.0
clip_019,x-xorb,8.0,4.46,0.0
clip_019,u,8.0,4.46,0.0
clip_019,riħ,8.0,4.46,0.0
clip_019,tiela',10.0,5.562,0.0
clip_019,minn,10.0,5.562,0.0
clip_019,taħt,10.0,5.562,0.0
clip_019,ħabtek,10.0,5.562,0.0
clip_019,jew,12.0,6.909,0.0
clip_019,f'għada,12.0,6.909,0.0
clip_019,bħal,12.0,6.909,0.0
clip_019,dik,12.0,6.909,0.0
clip_019,li,12.0,6.909,0.0
clip_019,l-i,12.0,6.909,0.0
clip_019,tatni,12.0,6.909,0.0
clip_019,u,14.0,7.814,0.0
clip_019,l-pinna,14.0,7.814,0.0
clip_019,l-ġid,16.0,8.689,0.0
clip_019,tiegħi,16.0,8.689,0.0
clip_019,imma,18.0,9.72,0.0
clip_019,dawn,18.0,9.72,0.0
clip_019,ma,18.0,9.72,0.0
clip_019,jieklu,18.0,9.72,0.0
clip_019,qatt,18.0,9.72,0.0
clip_019,marija,20.0,10.824,0.0
clip_019,mill-banda,20.0,10.824,0.0
clip_019,l-oħra,20.0,10.824,0.0
clip_019,mill-ħabib,22.0,11.946,0.0
clip_019,tagħha,22.0,11.946,0.0
clip_019,bogħod,22.0,11.946,0.0
clip_019,minn,22.0,11.946,0.0
clip_019,pajjiż,22.0,11.946,0.0
clip_019,waqgħet,24.0,13.169,0.0
clip_019,f's-suq,24.0,13.169,0.0
clip_019,ta,24.0,13.169,0.0
clip_019,'qalb,24.0,13.169,0.0
clip_019,b'hekk,26.0,13.941,0.0
clip_019,dak,28.0,14.857,0.0
clip_019,il-proxxmu,28.0,14.857,0.0
clip_019,trijjan,30.0,16.023,0.0
clip_019,li,30.0,16.023,0.0
clip_019,t'u,30.0,16.023,0.0
clip_019,margat,30.0,16.023,0.0
clip_019,ta',32.0,17.529,0.0
clip_019,sant,32.0,17.529,0.0
clip_019,anġlu,32.0,17.529,0.0
clip_019,li,32.0,17.529,0.0
clip_019,kienu,32.0,17.529,0.0
clip_019,fuq,32.0,17.529,0.0
clip_019,il-qabel,32.0,17.529,0.0
clip_019,ħares,34.0,18.843,0.0
clip_019,lejhom,34.0,18.843,0.0
clip_019,b'għajt,34.0,18.843,0.0
clip_019,it-tliet,34.0,18.843,0.0
clip_019,bħal,36.0,20.153,0.0
clip_019,trabi,36.0,20.153,0.0
clip_019,ħawwad,36.0,20.153,0.0
clip_019,il-ħitan,36.0,20.153,0.0
clip_019,kien,38.0,21.316,0.0
clip_019,jibki,38.0,21.316,0.0
clip_019,dal-las,38.0,21.316,0.0
clip_019,kieku,38.0,21.316,0.0
clip_019,kien,38.0,21.316,0.0
clip_019,hemm,38.0,21.316,0.0
clip_019,mal-biki,40.0,22.724,0.0
clip_019,u,40.0,22.724,0.0
clip_019,l-għata,40.0,22.724,0.0
clip_019,tat-tatti,40.0,22.724,0.0
clip_019,tifla,42.0,23.989,0.0
clip_019,n-nies,42.0,23.989,0.0
clip_019,tad-dar,42.0,23.989,0.0
clip_019,kollha,42.0,23.989,0.0
clip_019,ġġri,42.0,23.989,0.0
clip_019,u,44.0,24.945,0.0
clip_019,fejn,44.0,24.945,0.0
clip_019,il-marid,44.0,24.945,0.0
clip_019,le,46.0,25.888,0.0
clip_019,ibni,46.0,25.888,0.0
clip_019,u,46.0,25.888,0.0
clip_019,jekk,46.0,25.888,0.0
clip_019,don,46.0,25.888,0.0
clip_019,xi,48.0,27.021,0.0
clip_019,ħaġa,48.0,27.021,0.0
clip_019,ftakar,48.0,27.021,0.0
clip_019,li,48.0,27.021,0.0
clip_019,meta,48.0,27.021,0.0
clip_019,morna,48.0,27.021,0.0
clip_019,is-sur,50.0,28.065,0.0
clip_019,slaw,50.0,28.065,0.0
clip_019,jien,50.0,28.065,0.0
clip_019,kont,50.0,28.065,0.0
clip_019,ma,52.0,29.047,0.0
clip_019,naf,52.0,29.047,0.0
clip_019,xejn,52.0,29.047,0.0
clip_019,għax,52.0,29.047,0.0
clip_019,għamiltli,52.0,29.047,0.0
clip_019,hekk,52.592,29.699,0.0
clip_020,u,2.0,1.06,0.0
clip_020,iva,2.0,1.06,0.0
clip_020,nsomma,2.0,1.06,0.0
clip_020,għal,2.0,1.06,0.0
clip_020,malajr,2.0,1.06,0.0
clip_020,u,4.0,1.948,0.0
clip_020,r-roberta,4.0,1.948,0.0
clip_020,kien,6.0,3.136,0.0
clip_020,winger,6.0,3.136,0.0
clip_020,tajjeb,6.0,3.136,0.0
clip_020,u,6.0,3.136,0.0
clip_020,allura,6.0,3.136,0.0
clip_020,l-bov,6.0,3.136,0.0
clip_020,kien,8.0,4.114,0.0
clip_020,ħallih,8.0,4.114,0.0
clip_020,kwiet,8.0,4.114,0.0
clip_020,imma,8.0,4.114,0.0
clip_020,intom,10.0,5.063,0.0
clip_020,x'se,10.0,5.063,0.0
clip_020,tagħmel,10.0,5.063,0.0
clip_020,sa,12.0,6.235,0.0
clip_020,kemm,12.0,6.235,0.0
clip_020,hemm,12.0,6.235,0.0
clip_020,min-nies,12.0,6.235,0.0
clip_020,li,12.0,6.235,0.0
clip_020,jemmnu,12.0,6.235,0.0
clip_020,il-ħajja,14.0,7.351,0.0
clip_020,hekk,14.0,7.351,0.0
clip_020,it-tama,14.0,7.351,0.0
clip_020,u,14.0,7.351,0.0
clip_020,min,14.0,7.351,0.0
clip_020,f'kull,16.0,8.449,0.0
clip_020,ma,16.0,8.449,0.0
clip_020,jgħidu,16.0,8.449,0.0
clip_020,ftit,16.0,8.449,0.0
clip_020,huma,16.0,8.449,0.0
clip_020,dawk,16.0,8.449,0.0
clip_020,ma,18.0,9.661,0.0
clip_020,jfittxux,18.0,9.661,0.0
clip_020,kenn,18.0,9.661,0.0
clip_020,waqt,18.0,9.661,0.0
clip_020,ħabib,18.0,9.661,0.0
clip_020,qawwi,18.0,9.661,0.0
clip_020,u,20.0,10.561,0.0
clip_020,kulħadd,20.0,10.561,0.0
clip_020,kien,20.0,10.561,0.0
clip_020,jinsa,20.0,10.561,0.0
clip_020,xandru,22.0,11.855,0.0
clip_020,ċ-ċendru,22.0,11.855,0.0
clip_020,fuq,22.0,11.855,0.0
clip_020,l-idejn,22.0,11.855,0.0
clip_020,in-nannu,24.0,13.005,0.0
clip_020,tbissima,24.0,13.005,0.0
clip_020,lilhom,24.0,13.005,0.0
clip_020,tkellimhom,26.0,14.332,0.0
clip_020,kif,26.0,14.332,0.0
clip_020,normalment,26.0,14.332,0.0
clip_020,ma,26.0,14.332,0.0
clip_020,semmihom,26.0,14.332,0.0
clip_020,xejn,26.0,14.332,0.0
clip_020,il-pipa,28.0,15.24,0.0
clip_020,jaqbadha,30.0,16.648,0.0
clip_020,mill-pols,30.0,16.648,0.0
clip_020,u,30.0,16.648,0.0
clip_020,jgħollija,30.0,16.648,0.0
clip_021,billi,2.0,1.279,0.0
clip_021,l-familja,2.0,1.279,0.0
clip_021,ta',2.0,1.279,0.0
clip_021,tommy,2.0,1.279,0.0
clip_021,kienu,2.0,1.279,0.0
clip_021,jemmnu,2.0,1.279,0.0
clip_021,li,4.0,2.322,0.0
clip_021,kienet,4.0,2.322,0.0
clip_021,il-verita,4.0,2.322,0.0
clip_021,ma,4.0,2.322,0.0
clip_021,li,6.0,3.308,0.0
clip_021,kellu,6.0,3.308,0.0
clip_021,jemmen,6.0,3.308,0.0
clip_021,huwa,6.0,3.308,0.0
clip_021,wkoll,6.0,3.308,0.0
clip_021,christian,8.0,3.92,0.0
clip_021,tgħidli,10.0,5.052,0.0
clip_021,xejn,10.0,5.052,0.0
clip_021,kemm,10.0,5.052,0.0
clip_021,qed,10.0,5.052,0.0
clip_021,issolvi,10.0,5.052,0.0
clip_021,problema,10.0,5.052,0.0
clip_021,tad-dinja,12.0,5.977,0.0
clip_021,ser,12.0,5.977,0.0
clip_021,qal,12.0,5.977,0.0
clip_021,il-menti,14.0,6.974,0.0
clip_021,minn,14.0,6.974,0.0
clip_021,ġo,14.0,6.974,0.0
clip_021,din,14.0,6.974,0.0
clip_021,daħna,16.0,8.23,0.0
clip_021,fid-dinja,16.0,8.23,0.0
clip_021,nisma',16.0,8.23,0.0
clip_021,l,16.0,8.23,0.0
clip_021,jgħid,18.0,9.236,0.0
clip_021,kelma,18.0,9.236,0.0
clip_021,waħda,18.0,9.236,0.0
clip_021,json,18.0,9.236,0.0
clip_021,imma,20.0,10.089,0.0
clip_021,fih,20.0,10.089,0.0
clip_021,kien,20.0,10.089,0.0
clip_021,hemm,20.0,10.089,0.0
clip_021,il-ħwawar,22.0,11.484,0.0
clip_021,ta',22.0,11.484,0.0
clip_021,mergħa,22.0,11.484,0.0
clip_021,mġewġa,22.0,11.484,0.0
clip_021,buffalo,24.0,12.73,0.0
clip_021,qed,24.0,12.73,0.0
clip_021,jaqsmu,24.0,12.73,0.0
clip_021,s-sevenna,24.0,12.73,0.0
clip_021,u,26.0,13.858,0.0
clip_021,jekk,26.0,13.858,0.0
clip_021,la,26.0,13.858,0.0
clip_021,waħda,26.0,13.858,0.0
clip_021,u,26.0,13.858,0.0
clip_021,l-oħra,26.0,13.858,0.0
clip_021,l-oħra,28.0,14.669,0.0
clip_021,nuqqas,30.0,15.949,0.0
clip_021,ta',30.0,15.949,0.0
clip_021,deċenza,30.0,15.949,0.0
clip_021,fil-bajjiet,30.0,15.949,0.0
clip_021,tagħkom,32.0,16.975,0.0
clip_021,żewġ,32.0,16.975,0.0
clip_021,jgħaddi,32.0,16.975,0.0
clip_021,ħajtu,32.0,16.975,0.0
clip_021,iħares,34.0,17.878,0.0
clip_021,lejn,34.0,17.878,0.0
clip_021,nisa,34.0,17.878,0.0
clip_021,oħrajn,34.0,17.878,0.0
clip_021,toni,36.0,18.955,0.0
clip_021,bajjada,36.0,18.955,0.0
clip_021,kien,36.0,18.955,0.0
clip_021,ħiereġ,36.0,18.955,0.0
clip_021,minn,38.0,19.876,0.0
clip_021,dar,38.0,19.876,0.0
clip_021,missier,38.0,19.876,0.0
clip_021,ma,40.0,21.22,0.0
clip_021,nafx,40.0,21.22,0.0
clip_021,x'għamel,40.0,21.22,0.0
clip_021,għax,40.0,21.22,0.0
clip_021,dawk,40.0,21.22,0.0
clip_021,l-affarijiet,40.0,21.22,0.0
clip_021,iħobb,42.0,22.217,0.0
clip_021,iżommha,42.0,22.217,0.0
clip_021,mistura,42.0,22.217,0.0
clip_021,u,44.0,23.377,0.0
clip_021,kif,44.0,23.377,0.0
clip_021,għabtu,44.0,23.377,0.0
clip_021,ħuh,44.0,23.377,0.0
clip_021,bħal,44.0,23.377,0.0
clip_021,ma,44.0,23.377,0.0
clip_021,kellu,44.0,23.377,0.0
clip_021,ħafna,46.0,24.796,0.0
clip_021,mill-qraba,46.0,24.796,0.0
clip_021,u,46.0,24.796,0.0
clip_021,l-ħbieb,46.0,24.796,0.0
clip_021,ta',46.0,24.796,0.0
clip_021,farrow,46.0,24.796,0.0
clip_021,wisq,48.0,25.548,0.0
clip_021,drabi,48.0,25.548,0.0
clip_021,saqa,48.0,25.548,0.0
clip_021,u,50.0,26.503,0.0
clip_021,kulħadd,50.0,26.503,0.0
clip_021,kelma,50.0,26.503,0.0
clip_021,waħda,50.0,26.503,0.0
clip_021,jgħidlu,50.0,26.503,0.0
clip_021,li,50.0,26.503,0.0
clip_021,ħadd,51.904,27.504,0.0
clip_021,ma,51.904,27.504,0.0
clip_021,ħadet,51.904,27.504,0.0
clip_021,ħlief,51.904,27.504,0.0
clip_021,it-torok,51.904,27.504,0.0
clip_022,raqda,2.0,1.061,0.0
clip_022,twila,2.0,1.061,0.0
clip_022,re,2.0,1.061,0.0
clip_022,pankrat,2.0,1.061,0.0
clip_022,kienu,4.0,1.882,0.0
clip_022,l-ezempju,4.0,1.882,0.0
clip_022,disa',6.0,2.799,0.0
clip_022,tlett,6.0,2.799,0.0
clip_022,u,6.0,2.799,0.0
clip_022,sittin,6.0,2.799,0.0
clip_022,inbidel,8.0,3.475,0.0
clip_022,ħafna,8.0,3.475,0.0
clip_022,sakemm,10.0,4.304,0.0
clip_022,ma,10.0,4.304,0.0
clip_022,tridx,10.0,4.304,0.0
clip_022,noqogħdu,10.0,4.304,0.0
clip_022,t-tfittxija,12.0,5.142,0.0
clip_022,kien,14.0,6.048,0.0
clip_022,qawwi,14.0,6.048,0.0
clip_022,u,14.0,6.048,0.0
clip_022,sħiħ,14.0,6.048,0.0
clip_022,ferħ,14.0,6.048,0.0
clip_022,u,16.0,6.913,0.0
clip_022,fuq,16.0,6.913,0.0
clip_022,ruħu,16.0,6.913,0.0
clip_022,kif,16.0,6.913,0.0
clip_022,dejjem,16.0,6.913,0.0
clip_022,kien,16.0,6.913,0.0
clip_022,u,18.0,8.072,0.0
clip_022,ġilju,18.0,8.072,0.0
clip_022,li,18.0,8.072,0.0
clip_022,kienu,18.0,8.072,0.0
clip_022,jwasslu,18.0,8.072,0.0
clip_022,l-ġir,18.0,8.072,0.0
clip_022,tagħhom,20.0,8.913,0.0
clip_022,ta',20.0,8.913,0.0
clip_022,ħġar,20.0,8.913,0.0
clip_022,ħasbina,22.0,9.943,0.0
clip_022,għajnejha,22.0,9.943,0.0
clip_022,miksur,22.0,9.943,0.0
clip_022,pietru,24.0,10.811,0.0
clip_022,kien,24.0,10.811,0.0
clip_022,joqtlu,24.0,10.811,0.0
clip_022,attenzjoni,26.0,11.431,0.0
clip_022,kbira,26.0,11.431,0.0
clip_022,kien,28.0,12.561,0.0
clip_022,ta',28.0,12.561,0.0
clip_022,spiss,28.0,12.561,0.0
clip_022,u,28.0,12.561,0.0
clip_022,waqaf,28.0,12.561,0.0
clip_022,lil,28.0,12.561,0.0
clip_022,nannu,28.0,12.561,0.0
clip_022,biex,28.0,12.561,0.0
clip_022,jmexxi,30.0,13.53,0.0
clip_022,fuq,30.0,13.53,0.0
clip_022,xi,30.0,13.53,0.0
clip_022,dettalji,30.0,13.53,0.0
clip_022,u,30.0,13.53,0.0
clip_022,jagħmel,30.0,13.53,0.0
clip_022,ta',32.0,14.548,0.0
clip_022,l-għerf,32.0,14.548,0.0
clip_022,qisu,32.0,14.548,0.0
clip_022,salamm,32.0,14.548,0.0
clip_022,l-iskrivi,34.0,15.326,0.0
clip_022,ta',36.0,16.307,0.0
clip_022,missieri,36.0,16.307,0.0
clip_022,kienu,36.0,16.307,0.0
clip_022,kollha,36.0,16.307,0.0
clip_022,rġiel,36.0,16.307,0.0
clip_022,imma,38.0,17.314,0.0
clip_022,niftakar,38.0,17.314,0.0
clip_022,waħda,38.0,17.314,0.0
clip_022,ta',38.0,17.314,0.0
clip_022,tnejn,38.0,17.314,0.0
clip_022,il-qamar,40.0,18.029,0.0
clip_022,kien,42.0,18.91,0.0
clip_022,fadallu,42.0,18.91,0.0
clip_022,aktar,42.0,18.91,0.0
clip_022,minn,42.0,18.91,0.0
clip_022,siegħa,42.0,18.91,0.0
clip_022,biex,42.0,18.91,0.0
clip_022,imma,44.0,19.769,0.0
clip_022,l-ajru,44.0,19.769,0.0
clip_022,kien,44.0,19.769,0.0
clip_022,ħelu,44.0,19.769,0.0
clip_022,imma,46.0,20.55,0.0
clip_022,l-morr,46.0,20.55,0.0
clip_022,ħarġun,46.531,21.252,0.0
clip_023,konna,2.0,0.913,0.0
clip_023,nsejħulu,2.0,0.913,0.0
clip_023,ġurdien,2.0,0.913,0.0
clip_023,u,4.0,2.16,0.0
clip_023,nieħdu,4.0,2.16,0.0
clip_023,gost,4.0,2.16,0.0
clip_023,nibtuha,4.0,2.16,0.0
clip_023,b'sbuħija,4.0,2.16,0.0
clip_023,u,6.0,3.16,0.0
clip_023,narawha,6.0,3.16,0.0
clip_023,jiġri,6.0,3.16,0.0
clip_023,fuq,6.0,3.16,0.0
clip_023,wiċċ,6.0,3.16,0.0
clip_023,il-wiċċ,6.0,3.16,0.0
clip_023,u,8.0,4.087,0.0
clip_023,x'nista,8.0,4.087,0.0
clip_023,',8.0,4.087,0.0
clip_023,nagħmel,8.0,4.087,0.0
clip_023,jiena,10.0,4.676,0.0
clip_023,illum,12.0,5.483,0.0
clip_023,u,12.0,5.483,0.0
clip_023,jinnota,12.0,5.483,0.0
clip_023,għada,12.0,5.483,0.0
clip_023,skopra,14.0,6.481,0.0
clip_023,li,14.0,6.481,0.0
clip_023,janni,14.0,6.481,0.0
clip_023,ma,14.0,6.481,0.0
clip_023,kienx,14.0,6.481,0.0
clip_023,qed,14.0,6.481,0.0
clip_023,j,14.0,6.481,0.0
clip_023,ta',15.254,7.24,0.0
clip_023,toilet,15.254,7.24,0.0
clip_023,barra,15.254,7.24,0.0
clip_024,interrogajtha,2.0,0.715,0.0
clip_024,l-ewwel,4.0,1.676,0.0
clip_024,nett,4.0,1.676,0.0
clip_024,għax,4.0,1.676,0.0
clip_024,xi,4.0,1.676,0.0
clip_024,wħud,4.0,1.676,0.0
clip_024,minnhom,4.0,1.676,0.0
clip_024,aħjar,6.0,2.544,0.0
clip_024,jibqgħu,6.0,2.544,0.0
clip_024,ma,6.0,2.544,0.0
clip_024,jinkitbux,6.0,2.544,0.0
clip_024,għajnejh,8.0,3.4,0.0
clip_024,mal-in,8.0,3.4,0.0
clip_024,bi,10.0,4.278,0.0
clip_024,tbissima,10.0,4.278,0.0
clip_024,dgħajfa,10.0,4.278,0.0
clip_024,u,12.0,5.323,0.0
clip_024,daqqa,12.0,5.323,0.0
clip_024,l-i,12.0,5.323,0.0
clip_024,ta',12.0,5.323,0.0
clip_024,kienet,12.0,5.323,0.0
clip_024,hawn,12.0,5.323,0.0
clip_024,qawwija,14.0,6.262,0.0
clip_024,mill-dehra,14.0,6.262,0.0
clip_024,għax,14.0,6.262,0.0
clip_024,ħadet,14.0,6.262,0.0
clip_024,quddiem,16.0,7.457,0.0
clip_024,il-quddiem,16.0,7.457,0.0
clip_024,u,16.0,7.457,0.0
clip_024,baqgħet,16.0,7.457,0.0
clip_024,nixxieqa,16.0,7.457,0.0
clip_024,ma',18.0,8.337,0.0
clip_024,l-art,18.0,8.337,0.0
clip_024,tommy,18.0,8.337,0.0
clip_024,pietru,20.0,9.091,0.0
clip_024,baxx,20.0,9.091,0.0
clip_024,pietru,22.0,10.09,0.0
clip_024,qiegħdu,22.0,10.09,0.0
clip_024,rasha,22.0,10.09,0.0
clip_024,mnikket,22.0,10.09,0.0
clip_024,u,24.0,11.144,0.0
clip_024,baqa',24.0,11.144,0.0
clip_024,ċ-ċkejta,24.0,11.144,0.0
clip_024,ftit,24.0,11.144,0.0
clip_024,kollha,26.0,12.125,0.0
clip_024,ħassu,26.0,12.125,0.0
clip_024,jistħoqqlu,26.0,12.125,0.0
clip_024,jitkellem,28.0,12.831,0.0
clip_024,quddiemu,28.0,12.831,0.0
clip_024,tkellmu,30.0,13.536,0.0
clip_024,ftit,30.0,13.536,0.0
clip_024,iħaresha,32.0,14.583,0.0
clip_024,f'għajnejha,32.0,14.583,0.0
clip_024,u,32.0,14.583,0.0
clip_024,jara,32.0,14.583,0.0
clip_024,dik,34.0,15.508,0.0
clip_024,it-tbissima,34.0,15.508,0.0
clip_024,li,34.0,15.508,0.0
clip_024,dejjem,34.0,15.508,0.0
clip_024,ġelu,36.0,16.432,0.0
clip_024,jisti,36.0,16.432,0.0
clip_024,għax,36.0,16.432,0.0
clip_024,qisha,36.0,16.432,0.0
clip_024,qed,36.0,16.432,0.0
clip_024,tkellmu,38.0,17.423,0.0
clip_024,u,38.0,17.423,0.0
clip_024,tgħidlu,38.0,17.423,0.0
clip_024,affarijiet,38.0,17.423,0.0
clip_024,li,38.0,17.423,0.0
clip_024,huma,38.0,17.423,0.0
clip_024,u,40.0,18.391,0.0
clip_024,naqsa',40.0,18.391,0.0
clip_024,l-għaliex,40.0,18.391,0.0
clip_024,logħob,41.131,19.245,0.0
clip_024,ma',41.131,19.245,0.0
clip_024,ħu,41.131,19.245,0.0
clip_025,jattendu,2.0,0.989,0.0
clip_025,regolarment,2.0,0.989,0.0
clip_025,għall-q,2.0,0.989,0.0
clip_025,eċċetera,4.0,1.651,0.0
clip_025,kien,4.0,1.651,0.0
clip_025,numru,6.0,2.549,0.0
clip_025,ta',6.0,2.549,0.0
clip_025,numri,6.0,2.549,0.0
clip_025,ta',6.0,2.549,0.0
clip_025,punti,6.0,2.549,0.0
clip_025,il-ħsejjes,8.0,3.607,0.0
clip_025,tal-ġebel,8.0,3.607,0.0
clip_025,tagħhom,10.0,4.537,0.0
clip_025,kien,10.0,4.537,0.0
clip_025,li,10.0,4.537,0.0
clip_025,din,10.0,4.537,0.0
clip_025,l-għaqda,10.0,4.537,0.0
clip_025,flimkien,12.0,5.4,0.0
clip_025,il-maltin,12.0,5.4,0.0
clip_025,kollha,12.0,5.4,0.0
clip_025,mxerrda,14.0,6.311,0.0
clip_025,mad-dinja,14.0,6.311,0.0
clip_025,biex,14.0,6.311,0.0
clip_025,fihom,16.0,7.093,0.0
clip_025,l-imħabba,16.0,7.093,0.0
clip_025,lejn,16.0,7.093,0.0
clip_025,il-lingwa,18.0,7.751,0.0
clip_025,filgħodu,20.0,8.817,0.0
clip_025,kont,20.0,8.817,0.0
clip_025,narawh,20.0,8.817,0.0
clip_025,ibakkar,20.0,8.817,0.0
clip_025,u,20.0,8.817,0.0
clip_025,ħila,22.0,9.957,0.0
clip_025,lejn,22.0,9.957,0.0
clip_025,il-ħalli,22.0,9.957,0.0
clip_025,barra,22.0,9.957,0.0
clip_025,mill-raħal,22.0,9.957,0.0
clip_025,b'senter,24.0,10.827,0.0
clip_025,fuq,24.0,10.827,0.0
clip_025,spalla,24.0,10.827,0.0
clip_025,u,26.0,12.104,0.0
clip_025,l-barzakkak,26.0,12.104,0.0
clip_025,mdawla,26.0,12.104,0.0
clip_025,ma',26.0,12.104,0.0
clip_025,qadd,26.0,12.104,0.0
clip_025,il-bieb,28.0,12.811,0.0
clip_025,imsakkar,28.0,12.811,0.0
clip_025,u,30.0,13.584,0.0
clip_025,ma,30.0,13.584,0.0
clip_025,nistax,30.0,13.584,0.0
clip_025,nidħol,30.0,13.584,0.0
clip_025,kont,32.0,14.688,0.0
clip_025,nintefa',32.0,14.688,0.0
clip_025,f'dal,32.0,14.688,0.0
clip_025,ġnien,32.0,14.688,0.0
clip_025,abbandunat,34.0,15.587,0.0
clip_025,fejn,34.0,15.587,0.0
clip_025,kien,34.0,15.587,0.0
clip_025,hemm,34.0,15.587,0.0
clip_025,ħafna,34.0,15.587,0.0
clip_025,qtates,36.0,16.495,0.0
clip_025,u,36.0,16.495,0.0
clip_025,kont,36.0,16.495,0.0
clip_025,noqgħod,36.0,16.495,0.0
clip_025,nippritti,38.0,17.519,0.0
clip_025,nippritika,38.0,17.519,0.0
clip_025,lilhom,38.0,17.519,0.0
clip_025,dwar,40.0,18.177,0.0
clip_025,dan,40.0,18.177,0.0
clip_025,kollu,40.0,18.177,0.0
clip_025,tommy,42.0,18.954,0.0
clip_025,ma,42.0,18.954,0.0
clip_025,kien,42.0,18.954,0.0
clip_025,jaf,42.0,18.954,0.0
clip_025,xejn,42.0,18.954,0.0
clip_025,i'm,44.0,19.718,0.0
clip_025,back,44.0,19.718,0.0
clip_025,hi,44.0,19.718,0.0
clip_025,rumani,46.0,20.312,0.0
clip_025,kienu,48.0,21.094,0.0
clip_025,jmorru,48.0,21.094,0.0
clip_025,klijenti,48.0,21.094,0.0
clip_025,differenti,48.0,21.094,0.0
clip_025,taqsamhom,50.0,22.093,0.0
clip_025,fil-ġranet,50.0,22.093,0.0
clip_025,skont,50.0,22.093,0.0
clip_025,tip,50.84,22.654,0.0
clip_026,kont,2.0,0.771,0.0
clip_026,u,2.0,0.771,0.0
clip_026,hemm,2.0,0.771,0.0
clip_026,rajtu,2.0,0.771,0.0
clip_026,joseph,4.0,1.33,0.0
clip_026,inħasset,6.0,2.323,0.0
clip_026,f'kantuniera,6.0,2.323,0.0
clip_026,is-sitwazzjoni,8.0,3.074,0.0
clip_026,waqt,8.0,3.074,0.0
clip_026,li,8.0,3.074,0.0
clip_026,john,10.0,4.231,0.0
clip_026,fetaħ,10.0,4.231,0.0
clip_026,il-fajl,10.0,4.231,0.0
clip_026,li,10.0,4.231,0.0
clip_026,kellu,10.0,4.231,0.0
clip_026,fih,10.0,4.231,0.0
clip_026,u,12.0,4.891,0.0
clip_026,friska,12.0,4.891,0.0
clip_026,ix-xemx,14.0,6.043,0.0
clip_026,ma,14.0,6.043,0.0
clip_026,laħqetx,14.0,6.043,0.0
clip_026,ħasra,14.0,6.043,0.0
clip_026,anke,16.0,7.083,0.0
clip_026,meta,16.0,7.083,0.0
clip_026,ħarġet,16.0,7.083,0.0
clip_026,minn,16.0,7.083,0.0
clip_026,wara,16.0,7.083,0.0
clip_026,sħab,16.0,7.083,0.0
clip_026,u,18.0,7.962,0.0
clip_026,l-ilma,18.0,7.962,0.0
clip_026,beda,18.0,7.962,0.0
clip_026,jdi,18.0,7.962,0.0
clip_026,u,20.0,8.781,0.0
clip_026,l-għasel,20.0,8.781,0.0
clip_026,kull,22.0,9.841,0.0
clip_026,min,22.0,9.841,0.0
clip_026,kien,22.0,9.841,0.0
clip_026,fuq,22.0,9.841,0.0
clip_026,il-vapur,22.0,9.841,0.0
clip_026,resaq,22.0,9.841,0.0
clip_026,folla,24.0,10.723,0.0
clip_026,lejn,24.0,10.723,0.0
clip_026,il-bibien,24.0,10.723,0.0
clip_026,daħħalna,26.0,11.534,0.0
clip_026,fis-sala,26.0,11.534,0.0
clip_026,jilqgħu,28.0,12.527,0.0
clip_026,n-nies,28.0,12.527,0.0
clip_026,u,28.0,12.527,0.0
clip_026,l-ewwel,28.0,12.527,0.0
clip_026,li,30.0,13.55,0.0
clip_026,wrewna,30.0,13.55,0.0
clip_026,kienu,30.0,13.55,0.0
clip_026,l-vetri,30.0,13.55,0.0
clip_026,mimlija,32.0,14.417,0.0
clip_026,bċejjeċ,32.0,14.417,0.0
clip_026,tal-gwerra,34.0,15.427,0.0
clip_026,kif,34.0,15.427,0.0
clip_026,deher,34.0,15.427,0.0
clip_026,dejjem,36.0,16.52,0.0
clip_026,taħdem,36.0,16.52,0.0
clip_026,meta,36.0,16.52,0.0
clip_026,jkunu,36.0,16.52,0.0
clip_026,bl-adam,36.0,16.52,0.0
clip_026,fl-għada,36.0,16.52,0.0
clip_026,flimkien,38.0,17.48,0.0
clip_026,jew,38.0,17.48,0.0
clip_026,kull,38.0,17.48,0.0
clip_026,meta,38.0,17.48,0.0
clip_026,jkunu,38.0,17.48,0.0
clip_026,fis-salar,38.0,17.48,0.0
clip_026,u,40.0,18.405,0.0
clip_026,rqajt,40.0,18.405,0.0
clip_026,hi,40.0,18.405,0.0
clip_026,ma,40.0,18.405,0.0
clip_026,tistax,40.0,18.405,0.0
clip_026,issib,42.0,19.368,0.0
clip_026,kwiet,42.0,19.368,0.0
clip_026,minħabba,42.0,19.368,0.0
clip_026,l-inħawi,42.0,19.368,0.0
clip_026,tiegħu,42.0,19.368,0.0
clip_026,raw,44.0,20.154,0.0
clip_026,folla,44.0,20.154,0.0
clip_026,immarkata,44.0,20.154,0.0
clip_026,iggranfati,46.0,21.216,0.0
clip_026,f'xulxin,46.0,21.216,0.0
clip_026,xi,48.0,22.432,0.0
clip_026,xbieha,48.0,22.432,0.0
clip_026,tal-barbaġan,48.0,22.432,0.0
clip_026,jittajjar,48.0,22.432,0.0
clip_026,dwarhom,50.0,23.208,0.0
clip_026,ma,50.0,23.208,0.0
clip_026,kellux,50.0,23.208,0.0
clip_026,wisq,52.0,24.285,0.0
clip_026,ma,52.0,24.285,0.0
clip_026,kellux,52.0,24.285,0.0
clip_026,wisq,52.0,24.285,0.0
clip_026,x'jagħmel,52.0,24.285,0.0
clip_026,ħlief,54.0,24.924,0.0
clip_026,meta,54.0,24.924,0.0
clip_026,kien,54.0,24.924,0.0
clip_026,jiġu,56.0,25.642,0.0
clip_026,xi,56.0,25.642,0.0
clip_026,nies,56.0,25.642,0.0
clip_026,interessati,56.0,25.642,0.0
clip_026,biex,58.0,26.462,0.0
clip_026,jixtru,58.0,26.462,0.0
clip_026,l-post,58.0,26.462,0.0
clip_026,kamra,60.0,27.309,0.0
clip_026,hija,60.0,27.309,0.0
clip_026,d-dar,60.0,27.309,0.0
clip_026,li,62.0,28.195,0.0
clip_026,tieħu,62.0,28.195,0.0
clip_026,minn,62.0,28.195,0.0
clip_026,isfel,62.0,28.195,0.0
clip_026,għal,62.0,28.195,0.0
clip_026,fuq,62.0,28.195,0.0
clip_026,u,64.0,29.172,0.0
clip_026,bil-kuntrarju,64.0,29.172,0.0
clip_026,fi,64.0,29.172,0.0
clip_026,ftit,64.0,29.172,0.0
clip_026,ħin,64.0,29.172,0.0
clip_026,ma,66.0,29.887,0.0
clip_026,nagħmlux,66.0,29.887,0.0
clip_026,mod,66.0,29.887,0.0
clip_026,u,66.257,30.45,0.0
clip_027,teacher,2.0,0.658,0.0
clip_027,u,2.0,0.658,0.0
clip_027,aktar,2.0,0.658,0.0
clip_027,tard,4.0,1.937,0.0
clip_027,daħlet,4.0,1.937,0.0
clip_027,il-kulleġġ,4.0,1.937,0.0
clip_027,tal-kulleġġ,4.0,1.937,0.0
clip_027,qisha,6.0,2.586,0.0
clip_027,qed,6.0,2.586,0.0
clip_027,ħabiba,8.0,3.589,0.0
clip_027,qatt,8.0,3.589,0.0
clip_027,taħt,8.0,3.589,0.0
clip_027,il-wiċċ,8.0,3.589,0.0
clip_027,sagħadung,10.0,4.28,0.0
clip_027,bint,12.0,5.134,0.0
clip_027,qed,12.0,5.134,0.0
clip_027,tgħaġġel,12.0,5.134,0.0
clip_027,xi,14.0,5.894,0.0
clip_027,darba,14.0,5.894,0.0
clip_027,niltaqgħu,14.0,5.894,0.0
clip_027,nieħdu,16.0,6.704,0.0
clip_027,drink,16.0,6.704,0.0
clip_027,flimkien,16.0,6.704,0.0
clip_027,xi,16.0,6.704,0.0
clip_027,tgħid,16.0,6.704,0.0
clip_027,ħallib,18.0,7.352,0.0
clip_027,sinjur,20.0,8.172,0.0
clip_027,manini,20.0,8.172,0.0
clip_027,sejjaħ,20.0,8.172,0.0
clip_027,malajr,22.0,9.111,0.0
clip_027,it-tabib,22.0,9.111,0.0
clip_027,tagħha,22.0,9.111,0.0
clip_027,grieg,22.0,9.111,0.0
clip_027,kien,24.0,9.909,0.0
clip_027,ilu,24.0,9.909,0.0
clip_027,ħafna,24.0,9.909,0.0
clip_027,snin,24.0,9.909,0.0
clip_027,malta,24.0,9.909,0.0
clip_027,u,26.0,10.83,0.0
clip_027,kien,26.0,10.83,0.0
clip_027,imsemmi,26.0,10.83,0.0
clip_027,wisq,26.0,10.83,0.0
clip_027,għal,26.0,10.83,0.0
clip_027,għerf,26.0,10.83,0.0
clip_027,fejn,28.0,11.43,0.0
clip_027,wara,30.0,12.362,0.0
clip_027,qatt,30.0,12.362,0.0
clip_027,ma,30.0,12.362,0.0
clip_027,terġa',30.0,12.362,0.0
clip_027,taħseb,30.0,12.362,0.0
clip_027,x'ma,32.0,13.111,0.0
clip_027,ma,32.0,13.111,0.0
clip_027,kerri,33.603,13.938,0.0
clip_027,ad-dik,33.603,13.938,0.0
clip_028,l-i,2.0,1.206,0.0
clip_028,tipproduċi,2.0,1.206,0.0
clip_028,din,2.0,1.206,0.0
clip_028,l-għodda,2.0,1.206,0.0
clip_028,xi,2.0,1.206,0.0
clip_028,wħud,2.0,1.206,0.0
clip_028,mill-istampi,4.0,2.217,0.0
clip_028,ħarġu,4.0,2.217,0.0
clip_028,skur,4.0,2.217,0.0
clip_028,wisq,4.0,2.217,0.0
clip_028,b'hekk,6.0,4.184,0.0
clip_028,il-qaddis,6.0,4.184,0.0
clip_028,ta,6.0,4.184,0.0
clip_028,'l-għalqa,6.0,4.184,0.0
clip_028,tal-ġebel,6.0,4.184,0.0
clip_028,u,6.0,4.184,0.0
clip_028,l-ħwejjeġ,6.0,4.184,0.0
clip_028,jieħu,8.0,5.063,0.0
clip_028,nifs,8.0,5.063,0.0
clip_028,twil,8.0,5.063,0.0
clip_028,biex,8.0,5.063,0.0
clip_028,jikkalma,8.0,5.063,0.0
clip_028,ġewwa,10.0,5.72,0.0
clip_028,dejjem,12.0,6.569,0.0
clip_028,jew,12.0,6.569,0.0
clip_028,ma,12.0,6.569,0.0
clip_028,jarahomx,12.0,6.569,0.0
clip_028,qatt,12.0,6.569,0.0
clip_028,let's,14.0,7.395,0.0
clip_028,have,14.0,7.395,0.0
clip_028,some,14.0,7.395,0.0
clip_028,fun,14.0,7.395,0.0
clip_028,f'dik,16.0,8.41,0.0
clip_028,il-ħemda,16.0,8.41,0.0
clip_028,taqa,16.0,8.41,0.0
clip_028,fuq,16.0,8.41,0.0
clip_028,kollox,18.0,9.429,0.0
clip_028,fl-aħħar,18.0,9.429,0.0
clip_028,sigħat,18.0,9.429,0.0
clip_028,qabel,18.0,9.429,0.0
clip_028,jispiċċa,18.0,9.429,0.0
clip_028,moħħ,20.0,10.429,0.0
clip_028,pietru,20.0,10.429,0.0
clip_028,jinstema',20.0,10.429,0.0
clip_028,ċar,20.0,10.429,0.0
clip_028,u,22.0,11.153,0.0
clip_028,luċidu,22.0,11.153,0.0
clip_028,baqa',24.0,12.018,0.0
clip_028,tlabt,24.0,12.018,0.0
clip_028,il-ħaseb,26.0,12.954,0.0
clip_028,għal,26.0,12.954,0.0
clip_028,hin,26.0,12.954,0.0
clip_028,twil,26.0,12.954,0.0
clip_028,jiġri,28.0,13.694,0.0
clip_028,bla,28.0,13.694,0.0
clip_028,waqfien,28.0,13.694,0.0
clip_028,kienu,30.0,14.745,0.0
clip_028,telgħu,30.0,14.745,0.0
clip_028,l-għoli,30.0,14.745,0.0
clip_028,kollha,30.0,14.745,0.0
clip_028,u,30.0,14.745,0.0
clip_028,issa,30.0,14.745,0.0
clip_028,u,32.0,15.901,0.0
clip_028,rwieħhom,32.0,15.901,0.0
clip_028,sejrin,32.0,15.901,0.0
clip_028,lejn,32.0,15.901,0.0
clip_028,il-wardi,32.0,15.901,0.0
clip_028,jew,34.0,16.722,0.0
clip_028,fil-ħwienet,34.0,16.722,0.0
clip_028,forsi,36.0,18.004,0.0
clip_028,b'xi,36.0,18.004,0.0
clip_028,mod,36.0,18.004,0.0
clip_028,irnexxielek,36.0,18.004,0.0
clip_028,tikkonvinċi,36.0,18.004,0.0
clip_028,ta',38.0,19.04,0.0
clip_028,rappa,38.0,19.04,0.0
clip_028,kompliet,38.0,19.04,0.0
clip_028,il-fidi,38.0,19.04,0.0
clip_028,ħalli,40.0,19.927,0.0
clip_028,x'jagħmel,40.0,19.927,0.0
clip_028,jgħid,42.0,21.12,0.0
clip_028,ma',42.0,21.12,0.0
clip_028,xi,42.0,21.12,0.0
clip_028,ħadd,42.0,21.12,0.0
clip_028,u,42.0,21.12,0.0
clip_028,f'nofs,42.0,21.12,0.0
clip_028,l-argument,42.0,21.12,0.0
clip_028,it-trijanglu,44.0,22.275,0.0
clip_028,tal-biljard,44.0,22.275,0.0
clip_028,u,44.0,22.275,0.0
clip_028,ħabbatha,46.0,23.321,0.0
clip_028,mal-art,46.0,23.321,0.0
clip_028,u,46.0,23.321,0.0
clip_028,ġab,46.0,23.321,0.0
clip_028,żewġ,46.0,23.321,0.0
clip_028,aleksandra,48.0,24.378,0.0
clip_028,nżomm,48.0,24.378,0.0
clip_028,il-zebgħa,48.0,24.378,0.0
clip_028,u,50.0,25.581,0.0
clip_028,l-fjuri,50.0,25.581,0.0
clip_028,ta',50.0,25.581,0.0
clip_028,ġo,50.0,25.581,0.0
clip_028,xara,50.0,25.581,0.0
clip_028,u,50.0,25.581,0.0
clip_028,kien,50.0,25.581,0.0
clip_028,kienet,52.0,26.671,0.0
clip_028,tqatta',52.0,26.671,0.0
clip_028,ġranet,52.0,26.671,0.0
clip_028,maġenbu,52.0,26.671,0.0
clip_028,mħabbat,52.741,27.427,0.0
clip_029,hemm,2.0,0.727,0.0
clip_029,xi,2.0,0.727,0.0
clip_029,ħaġa,2.0,0.727,0.0
clip_029,interessanti,2.0,0.727,0.0
clip_029,i,4.0,1.593,0.0
clip_029,staqsiet,4.0,1.593,0.0
clip_029,għajnejk,4.0,1.593,0.0
clip_029,l-investiment,6.0,2.408,0.0
clip_029,li,6.0,2.408,0.0
clip_029,kienet,6.0,2.408,0.0
clip_029,għadha,6.0,2.408,0.0
clip_029,ħarġet,8.0,3.785,0.0
clip_029,min-n,8.0,3.785,0.0
clip_029,fuq,8.0,3.785,0.0
clip_029,is-sodda,8.0,3.785,0.0
clip_029,għall-ġett,8.0,3.785,0.0
clip_029,tal-bjankerija,10.0,4.776,0.0
clip_029,ħasil,10.0,4.776,0.0
clip_029,sebgħatax,12.0,5.613,0.0
clip_029,it-tfal,12.0,5.613,0.0
clip_029,ta',14.0,6.464,0.0
clip_029,ġannina,14.0,6.464,0.0
clip_029,sajf,14.0,6.464,0.0
clip_029,il-kaptan,16.0,7.174,0.0
clip_029,rikazzi,18.0,7.828,0.0
clip_029,lattat,20.0,8.641,0.0
clip_029,spara,20.0,8.641,0.0
clip_029,kanun,20.0,8.641,0.0
clip_029,fuq,22.0,9.635,0.0
clip_029,ġibien,22.0,9.635,0.0
clip_029,franċiż,22.0,9.635,0.0
clip_029,li,22.0,9.635,0.0
clip_029,resq,22.0,9.635,0.0
clip_029,il-port,24.0,10.436,0.0
clip_029,izzejjed,24.0,10.436,0.0
clip_029,estella,26.0,11.539,0.0
clip_029,ħares,26.0,11.539,0.0
clip_029,lejn,26.0,11.539,0.0
clip_029,ix-xita,26.0,11.539,0.0
clip_029,l-i,26.0,11.539,0.0
clip_029,l-i,28.0,12.452,0.0
clip_029,kellha,28.0,12.452,0.0
clip_029,fil-ġnien,28.0,12.452,0.0
clip_029,bil-ħajt,30.0,13.489,0.0
clip_029,li,30.0,13.489,0.0
clip_029,jagħti,30.0,13.489,0.0
clip_029,l-ħalq,30.0,13.489,0.0
clip_029,l-infern,32.0,14.207,0.0
clip_029,lanqas,34.0,15.147,0.0
clip_029,idea,34.0,15.147,0.0
clip_029,ta',34.0,15.147,0.0
clip_029,xiex,34.0,15.147,0.0
clip_029,jista,34.0,15.147,0.0
clip_029,jsir,34.0,15.147,0.0
clip_029,issa,36.0,15.715,0.0
clip_029,intom,38.0,16.698,0.0
clip_029,kollha,38.0,16.698,0.0
clip_029,xhieda,38.0,16.698,0.0
clip_029,l-i,38.0,16.698,0.0
clip_029,jien,38.0,16.698,0.0
clip_029,ma,40.0,17.875,0.0
clip_029,kelli,40.0,17.875,0.0
clip_029,l-ebda,40.0,17.875,0.0
clip_029,tort,40.0,17.875,0.0
clip_029,f'dan,40.0,17.875,0.0
clip_029,li,40.0,17.875,0.0
clip_029,ġara,40.0,17.875,0.0
clip_029,qal,42.0,19.104,0.0
clip_029,li,42.0,19.104,0.0
clip_029,n-nies,42.0,19.104,0.0
clip_029,b'wiċċu,42.0,19.104,0.0
clip_029,u,42.0,19.104,0.0
clip_029,jċaqlaq,42.0,19.104,0.0
clip_029,ta',44.0,19.925,0.0
clip_029,sodisfazzjon,44.0,19.925,0.0
clip_029,naf,46.0,20.854,0.0
clip_029,kemm,46.0,20.854,0.0
clip_029,jogger,46.0,20.854,0.0
clip_029,jaħarqu,46.0,20.854,0.0
clip_029,kalorija,46.0,20.854,0.0
clip_029,waqt,47.742,21.755,0.0
clip_029,il-ġirja,47.742,21.755,0.0
clip_029,tiegħu,47.742,21.755,0.0
clip_030,biex,2.0,1.051,0.0
clip_030,immorru,2.0,1.051,0.0
clip_030,warajhom,2.0,1.051,0.0
clip_030,irridu,2.0,1.051,0.0
clip_030,nitkellmu,2.0,1.051,0.0
clip_030,fuq,4.0,2.021,0.0
clip_030,il-fuq,4.0,2.021,0.0
clip_030,u,4.0,2.021,0.0
clip_030,ried,4.0,2.021,0.0
clip_030,u,6.0,2.843,0.0
clip_030,barra,6.0,2.843,0.0
clip_030,l-imna,6.0,2.843,0.0
clip_030,l-idea,8.0,3.796,0.0
clip_030,tagħna,8.0,3.796,0.0
clip_030,kienet,8.0,3.796,0.0
clip_030,ġiet,8.0,3.796,0.0
clip_030,milqugħa,8.0,3.796,0.0
clip_030,t-tarf,10.0,4.545,0.0
clip_030,ieħor,10.0,4.545,0.0
clip_030,ġibilha,12.0,5.498,0.0
clip_030,dik,12.0,5.498,0.0
clip_030,il-karba,12.0,5.498,0.0
clip_030,tagħha,12.0,5.498,0.0
clip_030,ħarġet,14.0,6.587,0.0
clip_030,lejn,14.0,6.587,0.0
clip_030,sorra,14.0,6.587,0.0
clip_030,żgħira,14.0,6.587,0.0
clip_030,li,14.0,6.587,0.0
clip_030,kienet,14.0,6.587,0.0
clip_030,qajmet,16.0,7.908,0.0
clip_030,ftit,16.0,7.908,0.0
clip_030,qabel,16.0,7.908,0.0
clip_030,fuq,16.0,7.908,0.0
clip_030,ix-xiri,16.0,7.908,0.0
clip_030,tal-bċ,16.0,7.908,0.0
clip_030,u,18.0,8.983,0.0
clip_030,abblija,18.0,8.983,0.0
clip_030,ħdmi,18.0,8.983,0.0
clip_030,minn,18.0,8.983,0.0
clip_030,għajnejna,18.0,8.983,0.0
clip_030,x'għamlu,20.0,10.176,0.0
clip_030,-sibt,20.0,10.176,0.0
clip_030,li,20.0,10.176,0.0
clip_030,hemm,20.0,10.176,0.0
clip_030,xi,20.0,10.176,0.0
clip_030,ħaġa,20.0,10.176,0.0
clip_030,ta',22.0,11.198,0.0
clip_030,ġorni,22.0,11.198,0.0
clip_030,u,22.0,11.198,0.0
clip_030,minn,22.0,11.198,0.0
clip_030,hemm,22.0,11.198,0.0
clip_030,ħadt,22.0,11.198,0.0
clip_030,l-għawwiġ,24.0,12.511,0.0
clip_030,bejn,24.0,12.511,0.0
clip_030,san,24.0,12.511,0.0
clip_030,ġwanni,24.0,12.511,0.0
clip_030,u,24.0,12.511,0.0
clip_030,swieqi,24.0,12.511,0.0
clip_030,l-amerikani,26.0,13.31,0.0
clip_030,bdew,26.0,13.31,0.0
clip_030,jitilfu,28.0,14.327,0.0
clip_030,spiss,28.0,14.327,0.0
clip_030,f'diskussjonijiet,28.0,14.327,0.0
clip_030,dwar,30.0,15.256,0.0
clip_030,il-politika,30.0,15.256,0.0
clip_030,u,30.0,15.256,0.0
clip_030,filosofija,30.0,15.256,0.0
clip_030,li,32.0,16.108,0.0
clip_030,pietru,32.0,16.108,0.0
clip_030,ma,32.0,16.108,0.0
clip_030,tantx,32.0,16.108,0.0
clip_030,jieħu,34.0,16.759,0.0
clip_030,sehem,34.0,16.759,0.0
clip_030,fihom,34.0,16.759,0.0
clip_030,jum,36.0,17.658,0.0
clip_030,jumejn,36.0,17.658,0.0
clip_030,tlieta,36.0,17.658,0.0
clip_030,ilek,38.0,18.354,0.0
clip_030,ma,38.0,18.354,0.0
clip_030,tistax,38.0,18.354,0.0
clip_030,imma,40.0,19.005,0.0
clip_030,min,40.0,19.005,0.0
clip_030,għandu,40.0,19.005,0.0
clip_030,politikament,42.0,19.877,0.0
clip_030,ma,42.0,19.877,0.0
clip_030,konna,42.0,19.877,0.0
clip_030,naqblu,42.0,19.877,0.0
clip_030,xejn,44.0,20.693,0.0
clip_030,imma,44.0,20.693,0.0
clip_030,kont,44.0,20.693,0.0
clip_030,naf,44.0,20.693,0.0
clip_030,li,44.0,20.693,0.0
clip_030,kien,44.0,20.693,0.0
clip_030,u,46.0,21.717,0.0
clip_030,stajt,46.0,21.717,0.0
clip_030,nafda,46.0,21.717,0.0
clip_030,fil-ġirja,46.0,21.717,0.0
clip_030,xi,48.0,22.382,0.0
clip_030,ħinijiet,48.0,22.382,0.0
clip_030,jaraw,50.0,23.451,0.0
clip_030,l-istejjer,50.0,23.451,0.0
clip_030,ferħan,50.0,23.451,0.0
clip_030,tar-reġiet,52.0,24.502,0.0
clip_030,ta',52.0,24.502,0.0
clip_030,qalbhom,52.0,24.502,0.0
clip_030,tajba,52.0,24.502,0.0
clip_030,u,54.0,25.394,0.0
clip_030,nies,54.0,25.394,0.0
clip_030,tagħhom,54.0,25.394,0.0
clip_030,biddlu,54.0,25.394,0.0
clip_030,zmien,54.0,25.394,0.0
clip_030,u,56.0,26.171,0.0
clip_030,hawn,56.0,26.171,0.0
clip_030,ukoll,56.0,26.171,0.0
clip_030,nixtieq,56.0,26.171,0.0
clip_030,insemmi,58.0,26.993,0.0
clip_030,anedott,58.0,26.993,0.0
clip_030,żgħir,58.0,26.993,0.0
clip_030,u,58.295,27.554,0.0
clip_031,il-jum,2.0,1.176,0.0
clip_031,tal-erbgħa,2.0,1.176,0.0
clip_031,l-i,2.0,1.176,0.0
clip_031,għadda,2.0,1.176,0.0
clip_031,sitta,4.0,2.26,0.0
clip_031,u,4.0,2.26,0.0
clip_031,għoxrin,4.0,2.26,0.0
clip_031,ta',4.0,2.26,0.0
clip_031,ġunju,4.0,2.26,0.0
clip_031,ġġib,4.0,2.26,0.0
clip_031,miegħu,6.0,2.983,0.0
clip_031,nikket,6.0,2.983,0.0
clip_031,kbir,6.0,2.983,0.0
clip_031,għaliex,8.0,4.079,0.0
clip_031,fih,8.0,4.079,0.0
clip_031,inqerdu,8.0,4.079,0.0
clip_031,ħafna,8.0,4.079,0.0
clip_031,nies,8.0,4.079,0.0
clip_031,tal-ħaddiema,8.0,4.079,0.0
clip_031,kien,10.0,4.683,0.0
clip_031,għadu,10.0,4.683,0.0
clip_031,nimxi,12.0,5.5,0.0
clip_031,dak,12.0,5.5,0.0
clip_031,iż-żmien,12.0,5.5,0.0
clip_031,l-arloġġ,14.0,6.634,0.0
clip_031,qatt,14.0,6.634,0.0
clip_031,ma,14.0,6.634,0.0
clip_031,jitreġa',14.0,6.634,0.0
clip_031,lura,14.0,6.634,0.0
clip_031,u,16.0,8.026,0.0
clip_031,n-nies,16.0,8.026,0.0
clip_031,li,16.0,8.026,0.0
clip_031,lna,16.0,8.026,0.0
clip_031,poġġejt,16.0,8.026,0.0
clip_031,fuq,16.0,8.026,0.0
clip_031,il-qiegħ,16.0,8.026,0.0
clip_031,hija,18.0,8.931,0.0
clip_031,li,18.0,8.931,0.0
clip_031,tifhimni,18.0,8.931,0.0
clip_031,mill-ewwel,18.0,8.931,0.0
clip_031,u,20.0,10.687,0.0
clip_031,kemm-xma,20.0,10.687,0.0
clip_031,l-air,20.0,10.687,0.0
clip_031,fil-mument,20.0,10.687,0.0
clip_031,tal-għeluq,20.0,10.687,0.0
clip_031,ta',20.0,10.687,0.0
clip_031,dan,20.0,10.687,0.0
clip_031,il-jum,20.0,10.687,0.0
clip_031,jaqbel,22.0,11.798,0.0
clip_031,il-ġid,22.0,11.798,0.0
clip_031,li,22.0,11.798,0.0
clip_031,tkun,22.0,11.798,0.0
clip_031,għamiltlu,22.0,11.798,0.0
clip_031,kontra,24.0,12.74,0.0
clip_031,kif,24.0,12.74,0.0
clip_031,taħsebha,24.0,12.74,0.0
clip_031,s-stra,24.0,12.74,0.0
clip_031,soltu,26.0,13.782,0.0
clip_031,n-naħda,26.0,13.782,0.0
clip_031,ddeċieda,26.0,13.782,0.0
clip_031,li,28.0,14.901,0.0
clip_031,ma,28.0,14.901,0.0
clip_031,toqgħodx,28.0,14.901,0.0
clip_031,ċempillu,28.0,14.901,0.0
clip_031,minn,28.0,14.901,0.0
clip_031,qabel,28.0,14.901,0.0
clip_031,mustard,30.0,15.654,0.0
clip_031,ċifol,30.0,15.654,0.0
clip_031,mibruma,32.0,16.586,0.0
clip_031,fuq,32.0,16.586,0.0
clip_031,il-fuq,32.0,16.586,0.0
clip_031,ħġieġ,34.0,17.649,0.0
clip_031,ta',34.0,17.649,0.0
clip_031,ġo,34.0,17.649,0.0
clip_031,għafra,34.0,17.649,0.0
clip_031,ħdejn,36.0,18.613,0.0
clip_031,għajn,36.0,18.613,0.0
clip_031,in-nannu,36.0,18.613,0.0
clip_031,salva,36.0,18.613,0.0
clip_031,għall-biċċa,38.0,19.744,0.0
clip_031,l-kbira,38.0,19.744,0.0
clip_031,tal-maltin,38.0,19.744,0.0
clip_031,passata,40.0,20.704,0.0
clip_031,fit-triq,40.0,20.704,0.0
clip_031,tar-repubblika,40.0,20.704,0.0
clip_031,sabta,42.0,21.634,0.0
clip_031,filgħodu,42.0,21.634,0.0
clip_031,aktarx,42.0,21.634,0.0
clip_031,tfisser,42.0,21.634,0.0
clip_031,diversi,44.0,22.247,0.0
clip_031,nies,44.0,22.247,0.0
clip_031,ra,46.0,23.242,0.0
clip_031,dak,46.0,23.242,0.0
clip_031,l-ilma,46.0,23.242,0.0
clip_031,kollu,46.0,23.242,0.0
clip_031,ma,46.0,23.242,0.0
clip_031,kienx,46.0,23.242,0.0
clip_031,jaf,46.0,23.242,0.0
clip_031,x'qed,48.0,24.16,0.0
clip_031,jaqbad,48.0,24.16,0.0
clip_031,jagħmel,48.0,24.16,0.0
clip_031,ma,49.185,24.988,0.0
clip_031,niftakarx,49.185,24.988,0.0
clip_032,kien,2.0,1.123,0.0
clip_032,għadu,2.0,1.123,0.0
clip_032,ma,2.0,1.123,0.0
clip_032,ġiex,2.0,1.123,0.0
clip_032,tiegħu,2.0,1.123,0.0
clip_032,mija,2.0,1.123,0.0
clip_032,fil-m,2.0,1.123,0.0
clip_032,sakemm,4.0,1.769,0.0
clip_032,ħin,4.0,1.769,0.0
clip_032,minnhom,4.0,1.769,0.0
clip_032,f'dak,6.0,2.889,0.0
clip_032,li,6.0,2.889,0.0
clip_032,ħaseb,6.0,2.889,0.0
clip_032,li,6.0,2.889,0.0
clip_032,kienet,6.0,2.889,0.0
clip_032,qaddira,6.0,2.889,0.0
clip_032,marija,8.0,3.555,0.0
clip_032,ħas,8.0,3.555,0.0
clip_032,li,10.0,4.332,0.0
clip_032,seta',10.0,4.332,0.0
clip_032,jgħid,10.0,4.332,0.0
clip_032,kollox,10.0,4.332,0.0
clip_032,jien,12.0,5.155,0.0
clip_032,niflaħ,12.0,5.155,0.0
clip_032,nimxi,12.0,5.155,0.0
clip_032,hawn,14.0,5.997,0.0
clip_032,lest,14.0,5.997,0.0
clip_032,biex,14.0,5.997,0.0
clip_032,tiġi,14.0,5.997,0.0
clip_032,miegħek,14.0,5.997,0.0
clip_032,u,16.0,7.011,0.0
clip_032,jekk,16.0,7.011,0.0
clip_032,jasma,16.0,7.011,0.0
clip_032,twila,16.0,7.011,0.0
clip_032,tittrik,16.0,7.011,0.0
clip_032,ta',16.0,7.011,0.0
clip_032,iktar,18.0,7.938,0.0
clip_032,ħares,18.0,7.938,0.0
clip_032,lura,18.0,7.938,0.0
clip_032,u,18.0,7.938,0.0
clip_032,daħqu,18.0,7.938,0.0
clip_032,x'in,18.441,8.619,0.0
clip_033,iżda,2.0,0.762,0.0
clip_033,attur,2.0,0.762,0.0
clip_033,professjonali,2.0,0.762,0.0
clip_033,kull,4.0,1.676,0.0
clip_033,sagrifiċċju,4.0,1.676,0.0
clip_033,għall-arti,4.0,1.676,0.0
clip_033,tiegħu,4.0,1.676,0.0
clip_033,u,6.0,2.641,0.0
clip_033,bla,6.0,2.641,0.0
clip_033,data,6.0,2.641,0.0
clip_033,tat-twelid,6.0,2.641,0.0
clip_033,taħt,8.0,3.407,0.0
clip_033,l-ittra,8.0,3.407,0.0
clip_033,kien,10.0,4.401,0.0
clip_033,hemm,10.0,4.401,0.0
clip_033,fil-ġenb,10.0,4.401,0.0
clip_033,miktub,10.0,4.401,0.0
clip_033,bħala,10.0,4.401,0.0
clip_033,il-felaħja,12.0,5.443,0.0
clip_033,l-fergħa,12.0,5.443,0.0
clip_033,minn,14.0,6.642,0.0
clip_033,malta,14.0,6.642,0.0
clip_033,fl-erba',14.0,6.642,0.0
clip_033,u,14.0,6.642,0.0
clip_033,għoxrin,14.0,6.642,0.0
clip_033,ta',14.0,6.642,0.0
clip_033,ottubru,14.0,6.642,0.0
clip_033,bil-barnuża,16.0,7.564,0.0
clip_033,ħamra,16.0,7.564,0.0
clip_033,u,18.0,8.785,0.0
clip_033,l-qofra,18.0,8.785,0.0
clip_033,ġġorr,18.0,8.785,0.0
clip_033,fil-bosk,18.0,8.785,0.0
clip_033,tgħaqqad,20.0,9.948,0.0
clip_033,is-smied,20.0,9.948,0.0
clip_033,mill-platti,20.0,9.948,0.0
clip_033,ħamsa,22.0,10.665,0.0
clip_033,u,22.0,10.665,0.0
clip_033,sitt,22.0,10.665,0.0
clip_033,serja,24.0,11.628,0.0
clip_033,ta',24.0,11.628,0.0
clip_033,u,24.0,11.628,0.0
clip_033,qal,24.0,11.628,0.0
clip_033,li,24.0,11.628,0.0
clip_033,se,24.0,11.628,0.0
clip_033,jibda,24.0,11.628,0.0
clip_033,jew,26.0,12.448,0.0
clip_033,jagħmlu,26.0,12.448,0.0
clip_033,l-għassa,26.0,12.448,0.0
clip_033,mara,28.0,13.057,0.0
clip_033,oħra,28.0,13.057,0.0
clip_033,issa,30.0,14.265,0.0
clip_033,s-sur,30.0,14.265,0.0
clip_033,gerf,30.0,14.265,0.0
clip_033,kien,30.0,14.265,0.0
clip_033,qed,30.0,14.265,0.0
clip_033,jaqla',30.0,14.265,0.0
clip_033,minn,30.0,14.265,0.0
clip_033,post,30.0,14.265,0.0
clip_033,qabel,32.0,15.369,0.0
clip_033,jidħol,32.0,15.369,0.0
clip_033,jorqod,32.0,15.369,0.0
clip_033,biex,32.0,15.369,0.0
clip_033,min,32.0,15.369,0.0
clip_033,jċemplu,32.0,15.369,0.0
clip_033,bil-lejl,34.0,16.295,0.0
clip_033,isibu,34.0,16.295,0.0
clip_033,engaged,34.0,16.295,0.0
clip_033,bla,36.0,17.456,0.0
clip_033,kliem,36.0,17.456,0.0
clip_033,bdew,36.0,17.456,0.0
clip_033,mixjin,36.0,17.456,0.0
clip_033,il-ħwienet,36.0,17.456,0.0
clip_033,fuq,38.0,18.28,0.0
clip_033,fringija,38.0,18.28,0.0
clip_033,wieħed,38.0,18.28,0.0
clip_033,wara,38.0,18.28,0.0
clip_033,ieħor,40.0,19.336,0.0
clip_033,u,40.0,19.336,0.0
clip_033,lilu,40.0,19.336,0.0
clip_033,imbuttah,40.0,19.336,0.0
clip_033,f'nofs,40.0,19.336,0.0
clip_033,x'inhu,42.0,20.114,0.0
clip_033,skont,42.0,20.114,0.0
clip_033,ħasbet,44.0,21.145,0.0
clip_033,bejnha,44.0,21.145,0.0
clip_033,u,44.0,21.145,0.0
clip_033,bejniethom,44.0,21.145,0.0
clip_033,audrey,46.0,21.789,0.0
clip_033,mendel,46.0,21.789,0.0
clip_033,mħabbra,46.474,22.563,0.0
clip_034,għax,2.0,0.988,0.0
clip_034,lill-irġiel,2.0,0.988,0.0
clip_034,ħallihom,2.0,0.988,0.0
clip_034,ftit,2.0,0.988,0.0
clip_034,u,2.0,0.988,0.0
clip_034,u,4.0,2.005,0.0
clip_034,l-dm,4.0,2.005,0.0
clip_034,u,4.0,2.005,0.0
clip_034,jibdew,4.0,2.005,0.0
clip_034,ismu,4.0,2.005,0.0
clip_034,dak,6.0,2.954,0.0
clip_034,x'għandu,6.0,2.954,0.0
clip_034,ma,6.0,2.954,0.0
clip_034,kienx,6.0,2.954,0.0
clip_034,ippreparat,8.0,3.912,0.0
clip_034,għal,8.0,3.912,0.0
clip_034,missila,8.0,3.912,0.0
clip_034,bħal,8.0,3.912,0.0
clip_034,dik,8.0,3.912,0.0
clip_034,ovvjament,10.0,4.776,0.0
clip_034,xogħol,10.0,4.776,0.0
clip_034,xi,10.0,4.776,0.0
clip_034,ġid,10.0,4.776,0.0
clip_034,ġardinar,12.0,5.654,0.0
clip_034,tajjeb,12.0,5.654,0.0
clip_034,ħafna,12.0,5.654,0.0
clip_034,għax,12.0,5.654,0.0
clip_034,kien,12.0,5.654,0.0
clip_034,it-tieġ,14.0,6.481,0.0
clip_034,kien,14.0,6.481,0.0
clip_034,hemm,14.0,6.481,0.0
clip_034,wasal,16.0,7.46,0.0
clip_034,imma,16.0,7.46,0.0
clip_034,t-torok,16.0,7.46,0.0
clip_034,ġew,16.0,7.46,0.0
clip_034,malta,16.0,7.46,0.0
clip_034,u,18.0,8.653,0.0
clip_034,kien,18.0,8.653,0.0
clip_034,hemm,18.0,8.653,0.0
clip_034,bzonn,18.0,8.653,0.0
clip_034,l-i,18.0,8.653,0.0
clip_034,jwaqqaf,18.0,8.653,0.0
clip_034,kollox,18.0,8.653,0.0
clip_034,imma,20.0,9.432,0.0
clip_034,b'differenza,20.0,9.432,0.0
clip_034,kbira,20.99,9.977,0.0
clip_035,bazilju,2.0,1.0,0.0
clip_035,ma,2.0,1.0,0.0
clip_035,qalbix,2.0,1.0,0.0
clip_035,malta,2.0,1.0,0.0
clip_035,kollha,2.0,1.0,0.0
clip_035,kienet,4.0,1.768,0.0
clip_035,ħobbtu,4.0,1.768,0.0
clip_035,jirrakkonta,6.0,3.1,0.0
clip_035,l-istejjer,6.0,3.1,0.0
clip_035,u,6.0,3.1,0.0
clip_035,l-ħwejjeġ,6.0,3.1,0.0
clip_035,li,8.0,4.16,0.0
clip_035,nibtu,8.0,4.16,0.0
clip_035,minn,8.0,4.16,0.0
clip_035,dan,8.0,4.16,0.0
clip_035,il-danubju,8.0,4.16,0.0
clip_035,stejjer,10.0,5.106,0.0
clip_035,odma,10.0,5.106,0.0
clip_035,u,10.0,5.106,0.0
clip_035,sbieħ,10.0,5.106,0.0
clip_035,xana,12.0,5.936,0.0
clip_035,wara,12.0,5.936,0.0
clip_035,l-oħra,12.0,5.936,0.0
clip_035,ġabet,14.0,6.846,0.0
clip_035,ċappċip,14.0,6.846,0.0
clip_035,li,14.0,6.846,0.0
clip_035,il-kostum,16.0,7.567,0.0
clip_035,laqgħathom,18.0,8.438,0.0
clip_035,kif,18.0,8.438,0.0
clip_035,stajna,18.0,8.438,0.0
clip_035,tiexkem,20.0,9.458,0.0
clip_035,etni,20.0,9.458,0.0
clip_035,ħogħost,20.0,9.458,0.0
clip_035,għamlet,22.0,10.192,0.0
clip_035,sforz,22.0,10.192,0.0
clip_035,biex,22.0,10.192,0.0
clip_035,tneħħi,24.0,11.015,0.0
clip_035,d-dawl,24.0,11.015,0.0
clip_035,neħħiet,26.0,12.305,0.0
clip_035,il-żarbun,26.0,12.305,0.0
clip_035,min-n,26.0,12.305,0.0
clip_035,saqajha,26.0,12.305,0.0
clip_035,u,28.0,13.529,0.0
clip_035,mthedded,28.0,13.529,0.0
clip_035,bil-ħwejjeġ,28.0,13.529,0.0
clip_035,f'kollox,28.0,13.529,0.0
clip_035,x'sodda,30.0,14.525,0.0
clip_035,kemm,30.0,14.525,0.0
clip_035,ħasbu,30.0,14.525,0.0
clip_035,u,32.0,15.367,0.0
clip_035,iblaħ,32.0,15.367,0.0
clip_035,ommu,32.0,15.367,0.0
clip_035,għidli,34.0,16.181,0.0
clip_035,ma,34.0,16.181,0.0
clip_035,kif,34.0,16.181,0.0
clip_035,nista',34.0,16.181,0.0
clip_035,nibqa',36.0,17.264,0.0
clip_035,ngħix,36.0,17.264,0.0
clip_035,ta',36.0,17.264,0.0
clip_035,żewġ,36.0,17.264,0.0
clip_035,ħajjiet,36.0,17.264,0.0
clip_035,ħa,38.0,18.036,0.0
clip_035,x-xogħol,38.0,18.036,0.0
clip_035,l-i,40.0,19.199,0.0
clip_035,ma,40.0,19.199,0.0
clip_035,kinux,40.0,19.199,0.0
clip_035,dawk,40.0,19.199,0.0
clip_035,il-ħġejjeġ,40.0,19.199,0.0
clip_035,li,42.0,19.943,0.0
clip_035,jkun,42.0,19.943,0.0
clip_035,jista',42.0,19.943,0.0
clip_035,jgħid,42.0,19.943,0.0
clip_035,fil-paċi,44.0,20.807,0.0
clip_035,l-akbar,44.0,20.807,0.0
clip_035,tlaqna,46.0,21.716,0.0
clip_035,aida,46.0,21.716,0.0
clip_035,estella,46.0,21.716,0.0
clip_035,u,46.0,21.716,0.0
clip_035,niżel,48.0,22.99,0.0
clip_035,l-taraġ,48.0,22.99,0.0
clip_035,biex,48.0,22.99,0.0
clip_035,jisma',48.0,22.99,0.0
clip_035,jismagħha,48.0,22.99,0.0
clip_035,tommi,49.801,23.791,0.0
clip_035,u,49.801,23.791,0.0
clip_035,jitilqu,49.801,23.791,0.0
clip_036,ħa,2.0,0.787,0.0
clip_036,nerġa',2.0,0.787,0.0
clip_036,nidħol,2.0,0.787,0.0
clip_036,iltqajt,4.0,1.88,0.0
clip_036,mal-ħabib,4.0,1.88,0.0
clip_036,tiegħi,4.0,1.88,0.0
clip_036,alfred,4.0,1.88,0.0
clip_036,x'ġara,6.0,2.597,0.0
clip_036,ħadthom,8.0,3.673,0.0
clip_036,xortihom,8.0,3.673,0.0
clip_036,biex,8.0,3.673,0.0
clip_036,jilbsu,8.0,3.673,0.0
clip_036,u,10.0,4.568,0.0
clip_036,jippruvaw,10.0,4.568,0.0
clip_036,isuqu,10.0,4.568,0.0
clip_036,tħares,12.0,5.52,0.0
clip_036,lura,12.0,5.52,0.0
clip_036,lejn,12.0,5.52,0.0
clip_036,ħwejjeġha,12.0,5.52,0.0
clip_036,l-xkiet,14.0,6.64,0.0
clip_036,u,14.0,6.64,0.0
clip_036,ħallihom,14.0,6.64,0.0
clip_036,fl-art,14.0,6.64,0.0
clip_036,fil-librerija,16.0,7.672,0.0
clip_036,ta',16.0,7.672,0.0
clip_036,nubia,16.0,7.672,0.0
clip_036,hawn,18.0,8.327,0.0
clip_036,fuq,18.0,8.327,0.0
clip_036,nur,18.0,8.327,0.0
clip_036,poġġa,20.0,9.367,0.0
clip_036,tajjeb,20.0,9.367,0.0
clip_036,imsaħħaħ,20.0,9.367,0.0
clip_036,bil-ħin,20.0,9.367,0.0
clip_036,iżda,22.0,10.089,0.0
clip_036,issa,22.0,10.089,0.0
clip_036,strieq,22.0,10.089,0.0
clip_036,ħudu,24.0,10.798,0.0
clip_036,paċenzja,24.0,10.798,0.0
clip_036,imma,26.0,11.637,0.0
clip_036,mhux,26.0,11.637,0.0
clip_036,se,26.0,11.637,0.0
clip_036,nilgħab,26.0,11.637,0.0
clip_036,iktar,26.0,11.637,0.0
clip_036,dwar,28.0,12.619,0.0
clip_036,il-biċċa,28.0,12.619,0.0
clip_036,ma',28.0,12.619,0.0
clip_036,viktor,28.0,12.619,0.0
clip_036,qal,30.0,13.291,0.0
clip_036,de,30.0,13.291,0.0
clip_036,carlo,30.0,13.291,0.0
clip_036,jgħin,32.0,14.232,0.0
clip_036,lil,32.0,14.232,0.0
clip_036,charli,32.0,14.232,0.0
clip_036,u,32.0,14.232,0.0
clip_036,inti,32.0,14.232,0.0
clip_036,pawl,32.0,14.232,0.0
clip_036,irranġali,34.0,15.237,0.0
clip_036,dawn,34.0,15.237,0.0
clip_036,l-għarjiet,34.0,15.237,0.0
clip_036,mcmer,36.0,15.906,0.0
clip_036,kienet,38.0,16.967,0.0
clip_036,l-ewwel,38.0,16.967,0.0
clip_036,darba,38.0,16.967,0.0
clip_036,l-i,38.0,16.967,0.0
clip_036,stajt,38.0,16.967,0.0
clip_036,ħares,40.0,18.25,0.0
clip_036,b'isfida,40.0,18.25,0.0
clip_036,f'dawk,40.0,18.25,0.0
clip_036,l-għajnejn,40.0,18.25,0.0
clip_036,ta',42.0,19.307,0.0
clip_036,saqra,42.0,19.307,0.0
clip_036,bla,42.0,19.307,0.0
clip_036,ma,42.0,19.307,0.0
clip_036,nibżax,42.0,19.307,0.0
clip_036,minnhom,42.0,19.307,0.0
clip_036,u,44.0,20.055,0.0
clip_036,ħafna,44.0,20.055,0.0
clip_036,laqu,44.0,20.055,0.0
clip_036,attenzjoni,44.0,20.055,0.0
clip_036,biex,46.0,20.929,0.0
clip_036,tara,46.0,20.929,0.0
clip_036,x'tgħid,46.0,20.929,0.0
clip_036,u,48.0,21.908,0.0
clip_036,biex,48.0,21.908,0.0
clip_036,lil,48.0,21.908,0.0
clip_036,kulħadd,48.0,21.908,0.0
clip_036,tagħtih,48.0,21.908,0.0
clip_036,li,48.0,21.908,0.0
clip_036,hu,48.0,21.908,0.0
clip_036,t'għel,48.829,22.653,0.0
clip_037,aħna,2.0,1.118,0.0
clip_037,dorna,2.0,1.118,0.0
clip_037,s-sular,2.0,1.118,0.0
clip_037,t'isfel,2.0,1.118,0.0
clip_037,kull,2.0,1.118,0.0
clip_037,kollu,4.0,2.052,0.0
clip_037,u,4.0,2.052,0.0
clip_037,ma,4.0,2.052,0.0
clip_037,rajniex,4.0,2.052,0.0
clip_037,kompliet,4.0,2.052,0.0
clip_037,mill-li,6.0,2.791,0.0
clip_037,qal,6.0,2.791,0.0
clip_037,li,6.0,2.791,0.0
clip_037,fehem,8.0,3.852,0.0
clip_037,l-bastiment,8.0,3.852,0.0
clip_037,ingliżi,8.0,3.852,0.0
clip_037,ġew,10.0,4.793,0.0
clip_037,maħbubin,10.0,4.793,0.0
clip_037,minn,10.0,4.793,0.0
clip_037,xi,10.0,4.793,0.0
clip_037,xilanġ,10.0,4.793,0.0
clip_037,taljani,12.0,5.678,0.0
clip_037,u,12.0,5.678,0.0
clip_037,mill-qtugħ,12.0,5.678,0.0
clip_037,ajruplani,14.0,6.566,0.0
clip_037,ġermaniżi,14.0,6.566,0.0
clip_037,u,16.0,7.402,0.0
clip_037,ġarrbu,16.0,7.402,0.0
clip_037,ħafna,16.0,7.402,0.0
clip_037,ħsara,16.0,7.402,0.0
clip_037,imma,18.0,8.401,0.0
clip_037,bil-ħoss,18.0,8.401,0.0
clip_037,tax-xita,18.0,8.401,0.0
clip_037,il-peter,20.0,9.979,0.0
clip_037,ras,20.0,9.979,0.0
clip_037,bilkemm,20.0,9.979,0.0
clip_037,se,20.0,9.979,0.0
clip_037,jifhem,20.0,9.979,0.0
clip_037,x'inhu,20.0,9.979,0.0
clip_037,l-mument,20.0,9.979,0.0
clip_037,tal-mewt,20.0,9.979,0.0
clip_037,xi,22.0,10.906,0.0
clip_037,jkun,22.0,10.906,0.0
clip_037,qed,22.0,10.906,0.0
clip_037,jgħidlu,22.0,10.906,0.0
clip_037,miexi,22.0,10.906,0.0
clip_037,meta,24.0,12.035,0.0
clip_037,dan,24.0,12.035,0.0
clip_037,ikellem,24.0,12.035,0.0
clip_037,min,24.0,12.035,0.0
clip_037,ġo,24.0,12.035,0.0
clip_037,l-għeluq,24.0,12.035,0.0
clip_037,xorta,25.02,12.675,0.0
clip_038,il-laqgħa,2.0,0.819,0.0
clip_038,se,2.0,0.819,0.0
clip_038,tkun,2.0,0.819,0.0
clip_038,oriġinali,2.0,0.819,0.0
clip_038,ħalli,4.0,1.806,0.0
clip_038,l-ħbieb,4.0,1.806,0.0
clip_038,ma,4.0,1.806,0.0
clip_038,naraw,4.0,1.806,0.0
clip_038,bil-mqabbel,6.0,2.647,0.0
clip_038,kbira,8.0,3.548,0.0
clip_038,bil-ħadida,8.0,3.548,0.0
clip_038,tagħha,8.0,3.548,0.0
clip_038,u,10.0,4.564,0.0
clip_038,l-forma,10.0,4.564,0.0
clip_038,ta',10.0,4.564,0.0
clip_038,maqtugħ,10.0,4.564,0.0
clip_038,minn,12.0,5.501,0.0
clip_038,dawk,12.0,5.501,0.0
clip_038,li,12.0,5.501,0.0
clip_038,meta,12.0,5.501,0.0
clip_038,tirrakkontahom,12.0,5.501,0.0
clip_038,ikomplu,14.0,6.354,0.0
clip_038,jkomplu,14.0,6.354,0.0
clip_038,huma,14.0,6.354,0.0
clip_038,u,16.0,7.633,0.0
clip_038,t-tfossok,16.0,7.633,0.0
clip_038,ħamar,16.0,7.633,0.0
clip_038,bil-mistaħija,16.0,7.633,0.0
clip_038,xi,18.0,8.442,0.0
clip_038,ħaġa,18.0,8.442,0.0
clip_038,qed,18.0,8.442,0.0
clip_038,tiċċaqlaq,18.0,8.442,0.0
clip_038,aw,20.0,9.085,0.0
clip_038,nieen,20.0,9.085,0.0
clip_038,u,22.0,10.011,0.0
clip_038,onjin,22.0,10.011,0.0
clip_038,fl-għeluq,22.0,10.011,0.0
clip_038,il-ġurnata,24.0,11.544,0.0
clip_038,ta',24.0,11.544,0.0
clip_038,ħajti,24.0,11.544,0.0
clip_038,hija,24.0,11.544,0.0
clip_038,l-ewwel,24.0,11.544,0.0
clip_038,ġurnata,24.0,11.544,0.0
clip_038,li,24.0,11.544,0.0
clip_038,għandi,24.0,11.544,0.0
clip_038,biex,24.0,11.544,0.0
clip_038,ngħix,24.0,11.544,0.0
clip_038,u,26.0,12.543,0.0
clip_038,jgħajjar,26.0,12.543,0.0
clip_038,mal-pistelli,26.0,12.543,0.0
clip_038,tal-bliet,28.0,13.614,0.0
clip_038,ta',28.0,13.614,0.0
clip_038,l-espert,28.0,13.614,0.0
clip_038,u,30.0,14.485,0.0
clip_038,kif,30.0,14.485,0.0
clip_038,kull,30.0,14.485,0.0
clip_038,wieħed,30.0,14.485,0.0
clip_038,jgħid,30.0,14.485,0.0
clip_038,an,32.0,15.493,0.0
clip_038,askna,32.0,15.493,0.0
clip_038,tombe,32.0,15.493,0.0
clip_038,beinietom,32.0,15.493,0.0
clip_038,b'dak,34.0,16.591,0.0
clip_038,il-ġibda,34.0,16.591,0.0
clip_038,ta',34.0,16.591,0.0
clip_038,qabel,34.0,16.591,0.0
clip_038,forsi,36.0,17.659,0.0
clip_038,għax,36.0,17.659,0.0
clip_038,iżomm,36.0,17.659,0.0
clip_038,wieħed,36.0,17.659,0.0
clip_038,ta',36.0,17.659,0.0
clip_038,professjoni,36.0,17.659,0.0
clip_038,fejn,38.0,18.516,0.0
clip_038,jidħol,38.0,18.516,0.0
clip_038,it-tagħlim,38.0,18.516,0.0
clip_038,jew,38.0,18.516,0.0
clip_038,għax,40.0,19.603,0.0
clip_038,m'għandhiex,40.0,19.603,0.0
clip_038,triq,40.0,19.603,0.0
clip_038,oħra,40.0,19.603,0.0
clip_038,minn,40.0,19.603,0.0
clip_038,fejn,40.0,19.603,0.0
clip_038,x'inhi,42.0,20.646,0.0
clip_038,l-iktar,42.0,20.646,0.0
clip_038,kampanja,42.0,20.646,0.0
clip_038,staqsiet,44.0,21.451,0.0
clip_038,estella,44.0,21.451,0.0
clip_038,malta,46.0,22.381,0.0
clip_038,tal-ġurnata,46.0,22.381,0.0
clip_038,ta',46.0,22.381,0.0
clip_038,qabel,46.0,22.381,0.0
clip_039,ir-ramel,2.0,0.945,0.0
clip_039,taħt,2.0,0.945,0.0
clip_039,saqajhom,2.0,0.945,0.0
clip_039,kien,2.0,0.945,0.0
clip_039,jinħass,4.0,1.864,0.0
clip_039,jikwi,4.0,1.864,0.0
clip_039,u,4.0,1.864,0.0
clip_039,meta,4.0,1.864,0.0
clip_039,jħalluhom,6.0,2.899,0.0
clip_039,jiftħuh,6.0,2.899,0.0
clip_039,mill-ġdid,6.0,2.899,0.0
clip_039,mija,8.0,3.681,0.0
clip_039,u,8.0,3.681,0.0
clip_039,sittin,8.0,3.681,0.0
clip_039,xogħol,10.0,4.578,0.0
clip_039,tal-injam,10.0,4.578,0.0
clip_039,għax-xogħol,10.0,4.578,0.0
clip_039,tal-ħadid,12.0,5.404,0.0
clip_039,workshop,12.0,5.404,0.0
clip_039,ieħor,14.0,6.236,0.0
clip_039,bit-tornijiet,14.0,6.236,0.0
clip_039,mija,16.0,7.08,0.0
clip_039,u,16.0,7.08,0.0
clip_039,erbgħin,16.0,7.08,0.0
clip_039,tal-injam,18.0,8.081,0.0
clip_039,għall-ħidma,18.0,8.081,0.0
clip_039,tax-xogħol,18.0,8.081,0.0
clip_039,workshop,20.0,8.689,0.0
clip_039,ieħor,20.0,8.689,0.0
clip_039,bit-tornijiet,22.0,9.459,0.0
clip_039,tnejn,24.0,10.577,0.0
clip_039,u,24.0,10.577,0.0
clip_039,erbgħin,24.0,10.577,0.0
clip_039,xogħol,24.0,10.577,0.0
clip_039,ta',24.0,10.577,0.0
clip_039,l-ħidma,24.0,10.577,0.0
clip_039,ħamra,26.0,11.654,0.0
clip_039,għax-xogħol,26.0,11.654,0.0
clip_039,tal-ħadid,26.0,11.654,0.0
clip_039,workshop,28.0,12.748,0.0
clip_039,ieħor,28.0,12.748,0.0
clip_039,bit-toroq,28.0,12.748,0.0
clip_039,tal-qattus,28.0,12.748,0.0
clip_039,ma',30.0,13.519,0.0
clip_039,ġonjiet,30.0,13.519,0.0
clip_039,ma,32.0,14.56,0.0
clip_039,kienx,32.0,14.56,0.0
clip_039,hemm,32.0,14.56,0.0
clip_039,banek,32.0,14.56,0.0
clip_039,jew,32.0,14.56,0.0
clip_039,siġġijiet,32.0,14.56,0.0
clip_039,taf,34.0,15.157,0.0
clip_039,int,34.0,15.157,0.0
clip_039,qxurli,36.0,16.033,0.0
clip_039,xagħri,36.0,16.033,0.0
clip_039,soltu,38.0,16.7,0.0
clip_039,sod,38.0,16.7,0.0
clip_039,konfinament,40.0,17.408,0.0
clip_039,affarijiet,40.0,17.408,0.0
clip_039,taf,42.0,18.148,0.0
clip_039,li,42.0,18.148,0.0
clip_039,mhux,42.0,18.148,0.0
clip_039,qiegħed,42.0,18.148,0.0
clip_039,post,44.0,18.768,0.0
clip_039,u,44.0,18.768,0.0
clip_039,li,46.0,19.704,0.0
clip_039,qalbek,46.0,19.704,0.0
clip_039,ħadet,46.0,19.704,0.0
clip_039,battita,46.0,19.704,0.0
clip_039,kbira,46.0,19.704,0.0
clip_039,mija,48.0,20.309,0.0
clip_039,wieħed,50.0,21.382,0.0
clip_039,hu,50.0,21.382,0.0
clip_039,l-ġenju,50.0,21.382,0.0
clip_039,ma,50.0,21.382,0.0
clip_039,jistax,50.0,21.382,0.0
clip_039,supporti,52.0,22.154,0.0
clip_039,l-press,52.0,22.154,0.0
clip_039,dejjem,54.0,22.754,0.0
clip_039,iktar,54.0,22.754,0.0
clip_039,taħseb,56.0,23.614,0.0
clip_039,l-i,56.0,23.614,0.0
clip_039,qabblek,56.0,23.614,0.0
clip_039,ma,57.679,24.432,0.0
clip_039,kellhiex,57.679,24.432,0.0
clip_039,nisa,57.679,24.432,0.0
clip_039,oħra,57.679,24.432,0.0
clip_039,jew,57.679,24.432,0.0
clip_040,fil-waqt,2.0,1.313,0.0
clip_040,l-i,2.0,1.313,0.0
clip_040,huma,2.0,1.313,0.0
clip_040,tlieta,2.0,1.313,0.0
clip_040,jinħawwad,2.0,1.313,0.0
clip_040,ħawwel,4.0,2.243,0.0
clip_040,fil-pales,4.0,2.243,0.0
clip_040,u,4.0,2.243,0.0
clip_040,fuq,6.0,2.988,0.0
clip_040,dawk,6.0,2.988,0.0
clip_040,iż-żewġ,6.0,2.988,0.0
clip_040,ċerta,8.0,3.6,0.0
clip_040,staqsi,10.0,4.424,0.0
clip_040,għal,10.0,4.424,0.0
clip_040,ġuvni,10.0,4.424,0.0
clip_040,iż-żjat,12.0,5.133,0.0
clip_040,ma,14.0,5.999,0.0
clip_040,laħqitx,14.0,5.999,0.0
clip_040,kielet,14.0,5.999,0.0
clip_040,minn,16.0,6.811,0.0
clip_040,erba',16.0,6.811,0.0
clip_040,marħbiet,16.0,6.811,0.0
clip_040,ma,18.0,7.768,0.0
clip_040,jerġax,18.0,7.768,0.0
clip_040,ħassu,18.0,7.768,0.0
clip_040,ħażin,18.0,7.768,0.0
clip_040,l-aħwa,20.0,8.836,0.0
clip_040,għajjat,20.0,8.836,0.0
clip_040,ir-raħal,20.0,8.836,0.0
clip_040,kif,22.0,9.76,0.0
clip_040,raħ,22.0,9.76,0.0
clip_040,hawn,22.0,9.76,0.0
clip_040,x'għin,22.0,9.76,0.0
clip_040,imma,24.0,10.375,0.0
clip_040,biex,24.0,10.375,0.0
clip_040,kompli,26.0,11.316,0.0
clip_040,dwar,26.0,11.316,0.0
clip_040,l-azzjoni,26.0,11.316,0.0
clip_040,katolika,26.0,11.316,0.0
clip_040,irrid,28.0,12.205,0.0
clip_040,inżid,28.0,12.205,0.0
clip_040,li,28.0,12.205,0.0
clip_040,għalkemm,28.0,12.205,0.0
clip_040,kienu,30.0,12.984,0.0
clip_040,jieħdu,30.0,12.984,0.0
clip_040,ħadna,30.0,12.984,0.0
clip_040,għal,30.0,12.984,0.0
clip_040,tal-ġunta,32.0,13.694,0.0
clip_040,seħbu,34.0,14.575,0.0
clip_040,mark,34.0,14.575,0.0
clip_040,se,34.0,14.575,0.0
clip_040,jsuq,34.0,14.575,0.0
clip_040,kien,36.0,15.724,0.0
clip_040,u,36.0,15.724,0.0
clip_040,t-tir,36.0,15.724,0.0
clip_040,ta',36.0,15.724,0.0
clip_040,l-għada,36.0,15.724,0.0
clip_040,tal-kanuni,38.0,16.481,0.0
clip_040,tagħna,38.0,16.481,0.0
clip_040,tliet,40.0,17.413,0.0
clip_040,ġimgħat,40.0,17.413,0.0
clip_040,imqabbad,40.0,17.413,0.0
clip_040,ma',40.0,17.413,0.0
clip_040,blat,42.0,18.303,0.0
clip_040,fejn,42.0,18.303,0.0
clip_040,kien,42.0,18.303,0.0
clip_040,jitraħ,42.0,18.303,0.0
clip_040,bi,44.0,19.284,0.0
clip_040,ftit,44.0,19.284,0.0
clip_040,ħaxix,44.0,19.284,0.0
clip_040,ħażin,44.0,19.284,0.0
clip_040,ma,46.0,20.279,0.0
clip_040,tawx,46.0,20.279,0.0
clip_040,ġewwa,46.0,20.279,0.0
clip_040,daqs,46.0,20.279,0.0
clip_040,il-ġabra,46.0,20.279,0.0
clip_040,taħt,48.0,21.178,0.0
clip_040,idejn,48.0,21.178,0.0
clip_040,l-insara,48.0,21.178,0.0
clip_040,imbagħad,50.0,22.012,0.0
clip_040,min-n,50.0,22.012,0.0
clip_040,taħt,50.0,22.012,0.0
clip_040,il-ilsien,52.0,23.036,0.0
clip_040,donnu,52.0,23.036,0.0
clip_040,qed,52.0,23.036,0.0
clip_040,iddejja,52.0,23.036,0.0
clip_040,jgħidlu,54.0,23.853,0.0
clip_040,li,54.0,23.853,0.0
clip_040,s-s,54.0,23.853,0.0
clip_040,din,55.958,24.789,0.0
clip_040,id-darba,55.958,24.789,0.0
clip_040,xort,55.958,24.789,0.0
clip_040,oħra,55.958,24.789,0.0
clip_041,fosxommok,2.0,0.642,0.0
clip_041,hu,4.0,1.596,0.0
clip_041,kompla,4.0,1.596,0.0
clip_041,kkaxxa,4.0,1.596,0.0
clip_041,kollox,4.0,1.596,0.0
clip_041,billi,6.0,2.539,0.0
clip_041,bagħthom,6.0,2.539,0.0
clip_041,jisimgħu,6.0,2.539,0.0
clip_041,taħt,8.0,3.328,0.0
clip_041,it-tieqa,8.0,3.328,0.0
clip_041,kif,10.0,4.447,0.0
clip_041,tbiegħdu,10.0,4.447,0.0
clip_041,kollha,10.0,4.447,0.0
clip_041,u,10.0,4.447,0.0
clip_041,ma,10.0,4.447,0.0
clip_041,deher,10.0,4.447,0.0
clip_041,ħadd,10.0,4.447,0.0
clip_041,dak,12.0,5.421,0.0
clip_041,il-bniedem,12.0,5.421,0.0
clip_041,qajjem,12.0,5.421,0.0
clip_041,minn,12.0,5.421,0.0
clip_041,fejn,12.0,5.421,0.0
clip_041,u,14.0,6.145,0.0
clip_041,t-tu,14.0,6.145,0.0
clip_041,u,16.0,7.002,0.0
clip_041,tefgħalu,16.0,7.002,0.0
clip_041,ftit,16.0,7.002,0.0
clip_041,trab,18.0,7.87,0.0
clip_041,sewdieni,18.0,7.87,0.0
clip_041,li,18.0,7.87,0.0
clip_041,malajr,18.0,7.87,0.0
clip_041,ħall,20.0,9.009,0.0
clip_041,u,20.0,9.009,0.0
clip_041,tħallat,20.0,9.009,0.0
clip_041,mal-kafè,20.0,9.009,0.0
clip_041,kien,21.497,9.92,0.0
clip_041,hemm,21.497,9.92,0.0
clip_041,fil-kikra,21.497,9.92,0.0
clip_042,imma,2.0,1.102,0.0
clip_042,meta,2.0,1.102,0.0
clip_042,l-għada,2.0,1.102,0.0
clip_042,fil-għodu,2.0,1.102,0.0
clip_042,jacky,2.0,1.102,0.0
clip_042,f'għajn,4.0,2.006,0.0
clip_042,ħajna,4.0,2.006,0.0
clip_042,kim,6.0,2.752,0.0
clip_042,jew,6.0,2.752,0.0
clip_042,kimberly,6.0,2.752,0.0
clip_042,kienet,8.0,3.554,0.0
clip_042,saret,8.0,3.554,0.0
clip_042,taf,8.0,3.554,0.0
clip_042,lil,8.0,3.554,0.0
clip_042,raħ,8.0,3.554,0.0
clip_042,lezzjonijiet,10.0,4.474,0.0
clip_042,tal-ġustizzja,10.0,4.474,0.0
clip_042,li,10.0,4.474,0.0
clip_042,kien,10.0,4.474,0.0
clip_042,jattendu,12.0,5.496,0.0
clip_042,minn,12.0,5.496,0.0
clip_042,n,12.0,5.496,0.0
clip_042,xi,12.0,5.496,0.0
clip_042,ftit,12.0,5.496,0.0
clip_042,xhur,12.0,5.496,0.0
clip_042,qabel,12.0,5.496,0.0
clip_042,dam,14.0,6.452,0.0
clip_042,ġi,14.0,6.452,0.0
clip_042,messi,14.0,6.452,0.0
clip_042,ħayat,14.0,6.452,0.0
clip_042,bilan,14.0,6.452,0.0
clip_042,bil-mewt,16.0,7.649,0.0
clip_042,ħabbat,16.0,7.649,0.0
clip_042,wiċċu,16.0,7.649,0.0
clip_042,u,16.0,7.649,0.0
clip_042,l-ħin,16.0,7.649,0.0
clip_042,kollu,16.0,7.649,0.0
clip_042,u,18.0,8.814,0.0
clip_042,waqa',18.0,8.814,0.0
clip_042,min-n,18.0,8.814,0.0
clip_042,tul,18.0,8.814,0.0
clip_042,ma,18.0,8.814,0.0
clip_042,jmexxi,18.0,8.814,0.0
clip_042,ma',20.0,9.66,0.0
clip_042,l-għadu,20.0,9.66,0.0
clip_042,x'liek,22.0,10.553,0.0
clip_042,b'xejn,22.0,10.553,0.0
clip_042,wieħed,24.0,11.814,0.0
clip_042,u,24.0,11.814,0.0
clip_042,tletin,24.0,11.814,0.0
clip_042,u,24.0,11.814,0.0
clip_042,ħolma,24.0,11.814,0.0
clip_042,nitla',24.0,11.814,0.0
clip_042,n-ni,24.0,11.814,0.0
clip_042,il-ħbieb,26.0,12.67,0.0
clip_042,tal-familja,26.0,12.67,0.0
clip_042,tista',28.0,13.454,0.0
clip_042,tibda,28.0,13.454,0.0
clip_042,qed,30.0,14.485,0.0
clip_042,tara,30.0,14.485,0.0
clip_042,x-xatt,30.0,14.485,0.0
clip_042,u,30.0,14.485,0.0
clip_042,ma,30.0,14.485,0.0
clip_042,tagħti,30.0,14.485,0.0
clip_042,marret,32.0,15.301,0.0
clip_042,il-ħanut,32.0,15.301,0.0
clip_042,x,34.0,15.846,0.0
clip_042,antikaracha,35.183,16.495,0.0
clip_043,fejn,2.0,0.974,0.0
clip_043,poġġejni,2.0,0.974,0.0
clip_043,għal,2.0,0.974,0.0
clip_043,xtraj,2.0,0.974,0.0
clip_043,t-tweġiba,4.0,2.098,0.0
clip_043,għal,4.0,2.098,0.0
clip_043,din,4.0,2.098,0.0
clip_043,l-eżami,4.0,2.098,0.0
clip_043,ma',6.0,3.403,0.0
clip_043,qagħda,6.0,3.403,0.0
clip_043,billi,6.0,3.403,0.0
clip_043,joqtlu,6.0,3.403,0.0
clip_043,l-qgħada,6.0,3.403,0.0
clip_043,l-għeruq,8.0,4.33,0.0
clip_043,tagħha,8.0,4.33,0.0
clip_043,billi,8.0,4.33,0.0
clip_043,hija,8.0,4.33,0.0
clip_043,nisa,10.0,5.219,0.0
clip_043,billi,10.0,5.219,0.0
clip_043,nieħduha,10.0,5.219,0.0
clip_043,bilfors,10.0,5.219,0.0
clip_043,dgħak,12.0,6.217,0.0
clip_043,fuq,12.0,6.217,0.0
clip_043,il-koppja,12.0,6.217,0.0
clip_043,kont,14.0,7.339,0.0
clip_043,t'għonqhom,14.0,7.339,0.0
clip_043,u,14.0,7.339,0.0
clip_043,lanqas,14.0,7.339,0.0
clip_043,naħseb,14.0,7.339,0.0
clip_043,marġin,16.0,8.22,0.0
clip_043,ma,16.0,8.22,0.0
clip_043,jafx,16.0,8.22,0.0
clip_043,kif,16.0,8.22,0.0
clip_043,ħabat,18.0,8.997,0.0
clip_043,iwieġbu,18.0,8.997,0.0
clip_043,ebda,20.0,9.95,0.0
clip_043,soroklar,20.0,9.95,0.0
clip_043,issa,20.0,9.95,0.0
clip_043,ma,20.0,9.95,0.0
clip_043,kienet,20.0,9.95,0.0
clip_043,tidher,20.0,9.95,0.0
clip_043,atmuż,22.0,10.914,0.0
clip_043,id-word,22.0,10.914,0.0
clip_043,you,22.0,10.914,0.0
clip_043,want,22.0,10.914,0.0
clip_043,mhux,24.0,11.691,0.0
clip_043,tad-grokk,24.0,11.691,0.0
clip_043,kinegis,26.0,12.504,0.0
clip_043,jew,26.0,12.504,0.0
clip_043,tqal,26.0,12.504,0.0
clip_043,il-ħajt,28.0,13.216,0.0
clip_043,sebgħin,30.0,14.53,0.0
clip_043,u,30.0,14.53,0.0
clip_043,għoxrin,30.0,14.53,0.0
clip_043,fil-ħidma,30.0,14.53,0.0
clip_043,u,30.0,14.53,0.0
clip_043,l-figura,30.0,14.53,0.0
clip_043,li,32.0,15.472,0.0
clip_043,toħloq,32.0,15.472,0.0
clip_043,l-ostakli,32.0,15.472,0.0
clip_043,ġirja,34.0,16.358,0.0
clip_043,tiegħu,34.0,16.358,0.0
clip_043,biex,34.0,16.358,0.0
clip_043,jaħdem,34.0,16.358,0.0
clip_043,iktar,34.0,16.358,0.0
clip_043,xantko,36.0,17.499,0.0
clip_043,kien,36.0,17.499,0.0
clip_043,u,36.0,17.499,0.0
clip_043,qadim,36.0,17.499,0.0
clip_043,bil-għajn,36.0,17.499,0.0
clip_043,fuq,38.0,18.624,0.0
clip_043,il-blata,38.0,18.624,0.0
clip_043,kbira,38.0,18.624,0.0
clip_043,l-i,38.0,18.624,0.0
clip_043,kienet,38.0,18.624,0.0
clip_043,ftit,38.0,18.624,0.0
clip_043,nies,40.0,19.541,0.0
clip_043,biex,40.0,19.541,0.0
clip_043,b'hekk,40.0,19.541,0.0
clip_043,kulħadd,40.0,19.541,0.0
clip_043,ikun,40.0,19.541,0.0
clip_043,jista',40.0,19.541,0.0
clip_043,meta,41.501,20.209,0.0
clip_043,jitkellmu,41.501,20.209,0.0
clip_044,ma,2.0,1.279,0.0
clip_044,naħsibx,2.0,1.279,0.0
clip_044,li,2.0,1.279,0.0
clip_044,mort,2.0,1.279,0.0
clip_044,ħafna,2.0,1.279,0.0
clip_044,żball,2.0,1.279,0.0
clip_044,u,2.0,1.279,0.0
clip_044,x'aktar,2.0,1.279,0.0
clip_044,li,4.0,1.934,0.0
clip_044,zmien,4.0,1.934,0.0
clip_044,ukoll,4.0,1.934,0.0
clip_044,u,6.0,2.872,0.0
clip_044,l-ġid,6.0,2.872,0.0
clip_044,li,6.0,2.872,0.0
clip_044,kien,6.0,2.872,0.0
clip_044,hemm,6.0,2.872,0.0
clip_044,waqfa,8.0,4.085,0.0
clip_044,fil-quċċata,8.0,4.085,0.0
clip_044,ta',8.0,4.085,0.0
clip_044,dak,8.0,4.085,0.0
clip_044,l-għoli,8.0,4.085,0.0
clip_044,u,10.0,4.988,0.0
clip_044,l-bidu,10.0,4.988,0.0
clip_044,fuq,10.0,4.988,0.0
clip_044,il-,10.0,4.988,0.0
clip_044,ta',12.0,6.24,0.0
clip_044,xabbra,12.0,6.24,0.0
clip_044,u,12.0,6.24,0.0
clip_044,l-ieħor,12.0,6.24,0.0
clip_044,bil-swaba,12.0,6.24,0.0
clip_044,dan,14.0,7.224,0.0
clip_044,kien,14.0,7.224,0.0
clip_044,il-ħin,14.0,7.224,0.0
clip_044,li,14.0,7.224,0.0
clip_044,l-bniedem,14.0,7.224,0.0
clip_044,qed,16.0,8.157,0.0
clip_044,jitkellmu,16.0,8.157,0.0
clip_044,bil-lingwa,16.0,8.157,0.0
clip_044,barranin,16.0,8.157,0.0
clip_044,kin,18.0,9.187,0.0
clip_044,stead,18.0,9.187,0.0
clip_044,and,18.0,9.187,0.0
clip_044,dauk,18.0,9.187,0.0
clip_044,li,18.0,9.187,0.0
clip_044,l-lallu,18.0,9.187,0.0
clip_044,xi,20.0,10.178,0.0
clip_044,stejjer,20.0,10.178,0.0
clip_044,tfal,20.0,10.178,0.0
clip_044,biex,20.0,10.178,0.0
clip_044,jibagħtuhom,20.0,10.178,0.0
clip_044,imma,22.0,10.901,0.0
clip_044,kienu,22.0,10.901,0.0
clip_044,jmorru,22.0,10.901,0.0
clip_044,taf,24.0,11.884,0.0
clip_044,sew,24.0,11.884,0.0
clip_044,mid-daqs,24.0,11.884,0.0
clip_044,u,24.0,11.884,0.0
clip_044,l-piż,24.0,11.884,0.0
clip_044,għin,26.0,12.861,0.0
clip_044,sa,26.0,12.861,0.0
clip_044,fejn,26.0,12.861,0.0
clip_044,daqsxejn,26.0,12.861,0.0
clip_044,ta',26.0,12.861,0.0
clip_044,tabib,26.0,12.861,0.0
clip_044,ikun,28.0,13.725,0.0
clip_044,maħbub,28.0,13.725,0.0
clip_044,minn,28.0,13.725,0.0
clip_044,kulħadd,28.0,13.725,0.0
clip_044,u,30.0,14.619,0.0
clip_044,ħadd,30.0,14.619,0.0
clip_044,ma,30.0,14.619,0.0
clip_044,jħares,30.0,14.619,0.0
clip_044,lejha,30.0,14.619,0.0
clip_044,juralu,31.947,15.449,0.0
clip_044,shahjaz,31.947,15.449,0.0
clip_044,gur,31.947,15.449,0.0
clip_045,u,2.0,1.186,0.0
clip_045,kappa,2.0,1.186,0.0
clip_045,f'rasu,2.0,1.186,0.0
clip_045,biex,2.0,1.186,0.0
clip_045,imur,2.0,1.186,0.0
clip_045,jaqbad,2.0,1.186,0.0
clip_045,u,4.0,2.122,0.0
clip_045,jagħlaqhom,4.0,2.122,0.0
clip_045,f'posthom,4.0,2.122,0.0
clip_045,u,6.0,2.874,0.0
clip_045,għandu,6.0,2.874,0.0
clip_045,b'xejn,6.0,2.874,0.0
clip_045,wara,8.0,3.532,0.0
clip_045,daru,8.0,3.532,0.0
clip_045,ried,10.0,4.437,0.0
clip_045,jitbiegħed,10.0,4.437,0.0
clip_045,xi,10.0,4.437,0.0
clip_045,mod,10.0,4.437,0.0
clip_045,min-n,12.0,5.284,0.0
clip_045,dan,12.0,5.284,0.0
clip_045,il-post,12.0,5.284,0.0
clip_045,ħalli,14.0,6.001,0.0
clip_045,ngħidlek,14.0,6.001,0.0
clip_045,ma'st,16.0,6.824,0.0
clip_045,beda,16.0,6.824,0.0
clip_045,jħar,16.0,6.824,0.0
clip_045,x-xwieħ,18.0,7.872,0.0
clip_045,ton,18.0,7.872,0.0
clip_045,aktar,18.0,7.872,0.0
clip_045,serju,18.0,7.872,0.0
clip_045,daqqa,20.0,8.551,0.0
clip_045,qatt,22.0,9.501,0.0
clip_045,ma,22.0,9.501,0.0
clip_045,nkun,22.0,9.501,0.0
clip_045,irrid,22.0,9.501,0.0
clip_045,narahom,22.0,9.501,0.0
clip_045,ma,24.0,10.393,0.0
clip_045,nafx,24.0,10.393,0.0
clip_045,il-kitba,24.0,10.393,0.0
clip_045,iżda,26.0,11.196,0.0
clip_045,deheret,26.0,11.196,0.0
clip_045,xogħol,26.0,11.196,0.0
clip_045,id,26.0,11.196,0.0
clip_045,u,28.0,11.933,0.0
clip_045,dan,28.0,11.933,0.0
clip_045,kien,28.0,11.933,0.0
clip_045,kien,28.0,11.933,0.0
clip_045,li,30.0,12.637,0.0
clip_045,beżgħu,30.0,12.637,0.0
clip_045,hemm,32.0,13.45,0.0
clip_045,nies,32.0,13.45,0.0
clip_045,jigranfgħu,32.0,13.45,0.0
clip_045,miegħu,32.0,13.45,0.0
clip_045,jitilgħu,34.0,14.349,0.0
clip_045,bilqiegħda,34.0,14.349,0.0
clip_045,fuq,34.0,14.349,0.0
clip_045,u,36.0,14.905,0.0
clip_045,ħalla,38.0,15.83,0.0
clip_045,jitlaq,38.0,15.83,0.0
clip_045,beda,38.0,15.83,0.0
clip_045,jgħajjat,38.0,15.83,0.0
clip_045,f'daqqa,40.0,16.594,0.0
clip_045,waħda,40.0,16.594,0.0
clip_045,ħabtu,42.0,17.413,0.0
clip_045,paniku,42.0,17.413,0.0
clip_045,kbir,42.0,17.413,0.0
clip_045,x'ħalli,44.0,18.423,0.0
clip_045,l-bqija,44.0,18.423,0.0
clip_045,bieb,46.0,19.393,0.0
clip_045,tal-gallinar,46.0,19.393,0.0
clip_045,miftuħ,46.0,19.393,0.0
clip_045,u,48.0,20.392,0.0
clip_045,bla,48.0,20.392,0.0
clip_045,qatt,48.0,20.392,0.0
clip_045,ma,48.0,20.392,0.0
clip_045,jaħsebha,48.0,20.392,0.0
clip_045,darbtejn,48.0,20.392,0.0
clip_045,fuq,49.344,21.062,0.0
clip_045,fuqu,49.344,21.062,0.0
clip_046,imbagħad,2.0,0.797,0.0
clip_046,fil-għodu,2.0,0.797,0.0
clip_046,konna,4.0,1.611,0.0
clip_046,mmorru,4.0,1.611,0.0
clip_046,nikxfu,4.0,1.611,0.0
clip_046,xkorra,6.0,2.487,0.0
clip_046,biċċa,6.0,2.487,0.0
clip_046,biċċa,6.0,2.487,0.0
clip_046,il-mużika,8.0,3.507,0.0
clip_046,aktar,8.0,3.507,0.0
clip_046,mgħaġġla,8.0,3.507,0.0
clip_046,u,10.0,4.182,0.0
clip_046,intom,10.0,4.182,0.0
clip_046,baqa',12.0,5.027,0.0
clip_046,bħal,12.0,5.027,0.0
clip_046,xorb,12.0,5.027,0.0
clip_046,u,14.0,5.837,0.0
clip_046,jhares,14.0,5.837,0.0
clip_046,lejh,14.0,5.837,0.0
clip_046,iktar,16.0,6.713,0.0
clip_046,ma,16.0,6.713,0.0
clip_046,tkun,16.0,6.713,0.0
clip_046,qed,16.0,6.713,0.0
clip_046,tweġġa',16.0,6.713,0.0
clip_046,tkun,18.0,7.49,0.0
clip_046,qed,18.0,7.49,0.0
clip_046,tagħmel,18.0,7.49,0.0
clip_046,dak,18.0,7.49,0.0
clip_046,li,18.0,7.49,0.0
clip_046,ir-ritratt,20.0,8.269,0.0
clip_046,ir,20.0,8.269,0.0
clip_046,kulħadd,22.0,9.572,0.0
clip_046,kien,22.0,9.572,0.0
clip_046,bil-wieqfa,22.0,9.572,0.0
clip_046,u,22.0,9.572,0.0
clip_046,m'tgħidx,22.0,9.572,0.0
clip_046,ta',24.0,10.55,0.0
clip_046,tensjoni,24.0,10.55,0.0
clip_046,fil-waqt,24.0,10.55,0.0
clip_046,li,24.0,10.55,0.0
clip_046,il-minuti,26.0,11.7,0.0
clip_046,bdew,26.0,11.7,0.0
clip_046,għaddejjin,26.0,11.7,0.0
clip_046,bil-mod,26.0,11.7,0.0
clip_046,x'jidhrilkom,28.0,12.769,0.0
clip_046,l-aħbarijiet,28.0,12.769,0.0
clip_046,kniema,30.0,13.474,0.0
clip_046,biss,30.0,13.474,0.0
clip_046,kompliet,32.0,14.505,0.0
clip_046,il-kors,32.0,14.505,0.0
clip_046,tal-pittura,32.0,14.505,0.0
clip_046,bil,32.0,14.505,0.0
clip_046,u,34.0,15.374,0.0
clip_046,ma,34.0,15.374,0.0
clip_046,qajmet,34.0,15.374,0.0
clip_046,xejn,34.0,15.374,0.0
clip_046,li,34.0,15.374,0.0
clip_046,preġudika,36.0,16.342,0.0
clip_046,l-ħila,36.0,16.342,0.0
clip_046,tagħha,36.0,16.342,0.0
clip_046,daqshekk,38.0,17.207,0.0
clip_046,għal,38.0,17.207,0.0
clip_046,qalbha,38.0,17.207,0.0
clip_046,tassew,40.0,18.213,0.0
clip_046,ġieni,40.0,18.213,0.0
clip_046,tajjeb,40.0,18.213,0.0
clip_046,imma,40.0,18.213,0.0
clip_046,ma,40.0,18.213,0.0
clip_046,kienx,40.0,18.213,0.0
clip_046,hemm,40.0,18.213,0.0
clip_046,darbun,42.0,19.092,0.0
clip_046,li,42.0,19.092,0.0
clip_046,bagħtli,42.0,19.092,0.0
clip_046,iż-żewġ,44.0,20.101,0.0
clip_046,kashi,44.0,20.101,0.0
clip_046,kienu,44.0,20.101,0.0
clip_046,mqabbin,44.0,20.101,0.0
clip_046,f'karti,46.0,21.165,0.0
clip_046,bħal,46.0,21.165,0.0
clip_046,xulxin,46.0,21.165,0.0
clip_046,u,46.0,21.165,0.0
clip_046,marbutin,46.0,21.165,0.0
clip_046,bl-ispakk,48.0,22.074,0.0
clip_046,qishom,48.0,22.074,0.0
clip_046,xorta,48.0,22.074,0.0
clip_046,tom,50.0,23.038,0.0
clip_046,jiftakar,50.0,23.038,0.0
clip_046,l-i,50.0,23.038,0.0
clip_046,dan,50.0,23.038,0.0
clip_046,kien,50.0,23.038,0.0
clip_046,għadu,52.0,24.093,0.0
clip_046,ma,52.0,24.093,0.0
clip_046,tlestix,52.0,24.093,0.0
clip_046,il-proġett,52.0,24.093,0.0
clip_046,tagħna,52.0,24.093,0.0
clip_046,it-tnejn,52.676,24.753,0.0
clip_047,il-bieb,2.0,1.023,0.0
clip_047,ta',2.0,1.023,0.0
clip_047,darmet,2.0,1.023,0.0
clip_047,sejra,2.0,1.023,0.0
clip_047,sa,4.0,2.171,0.0
clip_047,s-sigħat,4.0,2.171,0.0
clip_047,bikrin,4.0,2.171,0.0
clip_047,ta',4.0,2.171,0.0
clip_047,filgħodu,4.0,2.171,0.0
clip_047,l-imħabba,6.0,3.014,0.0
clip_047,kienet,6.0,3.014,0.0
clip_047,għadha,6.0,3.014,0.0
clip_047,ma',6.0,3.014,0.0
clip_047,ma,8.0,4.068,0.0
clip_047,ħabbitx,8.0,4.068,0.0
clip_047,fuq,8.0,4.068,0.0
clip_047,il-bieb,8.0,4.068,0.0
clip_047,tagħha,8.0,4.068,0.0
clip_047,din,10.0,4.951,0.0
clip_047,kienet,10.0,4.951,0.0
clip_047,tilgħab,10.0,4.951,0.0
clip_047,biha,10.0,4.951,0.0
clip_047,ommok,10.0,4.951,0.0
clip_047,meta,12.0,6.06,0.0
clip_047,kienet,12.0,6.06,0.0
clip_047,ta',12.0,6.06,0.0
clip_047,parek,12.0,6.06,0.0
clip_047,għidtlu,12.0,6.06,0.0
clip_047,nanna,12.0,6.06,0.0
clip_047,meta,14.0,6.797,0.0
clip_047,telaq,14.0,6.797,0.0
clip_047,kulħadd,14.0,6.797,0.0
clip_047,u,16.0,7.92,0.0
clip_047,hawn,16.0,7.92,0.0
clip_047,in-nervi,16.0,7.92,0.0
clip_047,ta',16.0,7.92,0.0
clip_047,l-għajn,16.0,7.92,0.0
clip_047,aħna,18.0,8.738,0.0
clip_047,nibdew,18.0,8.738,0.0
clip_047,telgħin,18.0,8.738,0.0
clip_047,klara,20.0,9.572,0.0
clip_047,hekk,20.0,9.572,0.0
clip_047,kif,20.0,9.572,0.0
clip_047,naraw,20.0,9.572,0.0
clip_047,dak,22.0,10.613,0.0
clip_047,l-espressjoni,22.0,10.613,0.0
clip_047,stramba,22.0,10.613,0.0
clip_047,fuq,22.0,10.613,0.0
clip_047,wiċċu,22.0,10.613,0.0
clip_047,konna,24.0,11.747,0.0
clip_047,lkoll,24.0,11.747,0.0
clip_047,naqgħu,24.0,11.747,0.0
clip_047,bil-ħasra,24.0,11.747,0.0
clip_047,u,24.0,11.747,0.0
clip_047,xi,24.0,11.747,0.0
clip_047,ħadd,26.0,12.645,0.0
clip_047,min-n,26.0,12.645,0.0
clip_047,wara,26.0,12.645,0.0
clip_047,kien,26.0,12.645,0.0
clip_047,jgħid,26.0,12.645,0.0
clip_047,sir,28.0,13.355,0.0
clip_047,atitcha,28.0,13.355,0.0
clip_047,kienet,30.0,14.455,0.0
clip_047,tħossha,30.0,14.455,0.0
clip_047,konvinta,30.0,14.455,0.0
clip_047,l-i,30.0,14.455,0.0
clip_047,ommu,30.0,14.455,0.0
clip_047,missierha,32.0,15.618,0.0
clip_047,ma,32.0,15.618,0.0
clip_047,jirrifjuta,32.0,15.618,0.0
clip_047,qatt,32.0,15.618,0.0
clip_047,li,32.0,15.618,0.0
clip_047,jrabbu,32.0,15.618,0.0
clip_047,ma,34.0,16.279,0.0
clip_047,nafx,34.0,16.279,0.0
clip_047,dak,36.0,17.426,0.0
clip_047,il-waqt,36.0,17.426,0.0
clip_047,insew,36.0,17.426,0.0
clip_047,kitba,36.0,17.426,0.0
clip_047,l-i,36.0,17.426,0.0
clip_047,kienet,36.0,17.426,0.0
clip_047,u,38.0,18.1,0.0
clip_047,ħad,38.0,18.1,0.0
clip_047,ħalik,39.359,18.807,0.0
clip_047,minn,39.359,18.807,0.0
clip_047,dik,39.359,18.807,0.0
clip_048,illum,2.0,1.079,0.0
clip_048,m'għadux,2.0,1.079,0.0
clip_048,ikollhom,2.0,1.079,0.0
clip_048,ħafna,2.0,1.079,0.0
clip_048,ġlied,2.0,1.079,0.0
clip_048,u,4.0,2.13,0.0
clip_048,anke,4.0,2.13,0.0
clip_048,jekk,4.0,2.13,0.0
clip_048,ma,4.0,2.13,0.0
clip_048,jaqblux,4.0,2.13,0.0
clip_048,f'kollox,4.0,2.13,0.0
clip_048,b'kollox,6.0,3.239,0.0
clip_048,xorta,6.0,3.239,0.0
clip_048,waħda,6.0,3.239,0.0
clip_048,jirrispettaw,6.0,3.239,0.0
clip_048,ħafna,6.0,3.239,0.0
clip_048,kien,8.0,3.827,0.0
clip_048,hemm,8.0,3.827,0.0
clip_048,ħniena,10.0,4.661,0.0
clip_048,b'nuqqas,10.0,4.661,0.0
clip_048,ma,12.0,5.385,0.0
clip_048,tweġibha,12.0,5.385,0.0
clip_048,f'dirien,14.0,6.438,0.0
clip_048,il-madalena,14.0,6.438,0.0
clip_048,il-biża',16.0,7.403,0.0
clip_048,tiegħu,16.0,7.403,0.0
clip_048,kien,16.0,7.403,0.0
clip_048,imħallat,16.0,7.403,0.0
clip_048,ma,18.0,8.268,0.0
clip_048,eċċitament,18.0,8.268,0.0
clip_048,u,18.0,8.268,0.0
clip_048,tama,18.0,8.268,0.0
clip_048,li,18.0,8.268,0.0
clip_048,forsi,20.0,9.306,0.0
clip_048,se,20.0,9.306,0.0
clip_048,jkun,20.0,9.306,0.0
clip_048,jista',20.0,9.306,0.0
clip_048,jsib,20.0,9.306,0.0
clip_048,xi,20.0,9.306,0.0
clip_048,risposta,20.0,9.306,0.0
clip_048,spjegazzjoni,22.0,10.374,0.0
clip_048,għal,22.0,10.374,0.0
clip_048,dawn,22.0,10.374,0.0
clip_048,l-affarijiet,22.0,10.374,0.0
clip_048,stramba,22.0,10.374,0.0
clip_048,kollha,24.0,11.312,0.0
clip_048,l-i,24.0,11.312,0.0
clip_048,kienu,24.0,11.312,0.0
clip_048,qed,24.0,11.312,0.0
clip_048,jiġru,24.0,11.312,0.0
clip_048,agħtini,25.25,12.081,0.0
clip_048,tliet,25.25,12.081,0.0
clip_048,snin,25.25,12.081,0.0
clip_049,gradwajna,2.0,0.637,0.0
clip_049,flimkien,2.0,0.637,0.0
clip_049,issa,4.0,1.448,0.0
clip_049,jfittxu,4.0,1.448,0.0
clip_049,min-n,4.0,1.448,0.0
clip_049,hawn,4.0,1.448,0.0
clip_049,x'se,6.0,2.332,0.0
clip_049,jidhru,6.0,2.332,0.0
clip_049,min-min,6.0,2.332,0.0
clip_049,filli,8.0,3.398,0.0
clip_049,ma,8.0,3.398,0.0
clip_049,tarahomx,8.0,3.398,0.0
clip_049,fil-ħalq,8.0,3.398,0.0
clip_049,ġo,10.0,4.264,0.0
clip_049,toqba,10.0,4.264,0.0
clip_049,kbira,10.0,4.264,0.0
clip_049,u,10.0,4.264,0.0
clip_049,kemm-il,12.0,5.262,0.0
clip_049,ħin,12.0,5.262,0.0
clip_049,għaddew,12.0,5.262,0.0
clip_049,fil-logħob,12.0,5.262,0.0
clip_049,min,14.0,5.928,0.0
clip_049,iva,14.0,5.928,0.0
clip_049,riqu,16.0,6.75,0.0
clip_049,għall-aspaltu,16.0,6.75,0.0
clip_049,fuq,18.0,7.641,0.0
clip_049,sinjal,18.0,7.641,0.0
clip_049,li,18.0,7.641,0.0
clip_049,għalih,18.0,7.641,0.0
clip_049,kien,18.0,7.641,0.0
clip_049,tajjeb,18.0,7.641,0.0
clip_049,u,20.0,8.395,0.0
clip_049,xandar,20.0,8.395,0.0
clip_049,lejn,20.0,8.395,0.0
clip_049,abram,20.0,8.395,0.0
clip_049,mitejn,22.0,9.194,0.0
clip_049,u,22.0,9.194,0.0
clip_049,disa',22.0,9.194,0.0
clip_049,wara,22.0,9.194,0.0
clip_049,milied,24.0,9.911,0.0
clip_049,erba',26.0,10.799,0.0
clip_049,mija,26.0,10.799,0.0
clip_049,u,26.0,10.799,0.0
clip_049,ħamsa,26.0,10.799,0.0
clip_049,ħawwad,28.0,11.9,0.0
clip_049,mal-portata,28.0,11.9,0.0
clip_049,tal-xagħar,28.0,11.9,0.0
clip_049,qalilha,30.0,12.968,0.0
clip_049,bil-ftit,30.0,12.968,0.0
clip_049,l-i,30.0,12.968,0.0
clip_049,kien,30.0,12.968,0.0
clip_049,jaf,30.0,12.968,0.0
clip_049,ħażina,32.0,13.7,0.0
clip_049,ta',34.0,14.439,0.0
clip_049,grażju,34.0,14.439,0.0
clip_049,ir-rġiel,36.0,15.455,0.0
clip_049,żammew,36.0,15.455,0.0
clip_049,ruħhom,36.0,15.455,0.0
clip_049,fil-bogħod,38.0,16.541,0.0
clip_049,kemm,38.0,16.541,0.0
clip_049,setgħu,38.0,16.541,0.0
clip_049,u,38.0,16.541,0.0
clip_049,l-belt,38.0,16.541,0.0
clip_049,f'daqqa,40.0,17.619,0.0
clip_049,waħda,40.0,17.619,0.0
clip_049,kamp,40.0,17.619,0.0
clip_049,tal-franċiż,40.0,17.619,0.0
clip_049,kien,42.0,18.382,0.0
clip_049,jasal,42.0,18.382,0.0
clip_049,dejjem,42.0,18.382,0.0
clip_049,qabel,42.0,18.382,0.0
clip_049,kulħadd,44.0,19.146,0.0
clip_049,biex,44.0,19.146,0.0
clip_049,jiflaħ,44.0,19.146,0.0
clip_049,skola,46.0,20.145,0.0
clip_049,jinħiex,46.0,20.145,0.0
clip_049,kollox,46.0,20.145,0.0
clip_049,sa,46.0,20.145,0.0
clip_049,ma,46.0,20.145,0.0
clip_049,jidħlu,46.0,20.145,0.0
clip_049,tfal,46.0,20.145,0.0
clip_049,kunċett,48.0,20.795,0.0
clip_049,x'in,48.729,21.443,0.0
clip_050,irine,2.0,0.964,0.0
clip_050,xtaqet,2.0,0.964,0.0
clip_050,tibilaw,2.0,0.964,0.0
clip_050,merkur,4.0,2.029,0.0
clip_050,kien,4.0,2.029,0.0
clip_050,l-iktar,4.0,2.029,0.0
clip_050,wieħed,4.0,2.029,0.0
clip_050,intelliġenti,4.0,2.029,0.0
clip_050,fosthom,6.0,2.974,0.0
clip_050,u,6.0,2.974,0.0
clip_050,dan,6.0,2.974,0.0
clip_050,il-fatt,6.0,2.974,0.0
clip_050,kien,6.0,2.974,0.0
clip_050,jipprova,8.0,3.861,0.0
clip_050,jiftakarhom,8.0,3.861,0.0
clip_050,kull,8.0,3.861,0.0
clip_050,l-i,10.0,4.649,0.0
clip_050,kien,10.0,4.649,0.0
clip_050,jista',10.0,4.649,0.0
clip_050,jipprova,12.0,5.592,0.0
clip_050,jlaqqam,12.0,5.592,0.0
clip_050,wiċċu,12.0,5.592,0.0
clip_050,u,14.0,6.582,0.0
clip_050,jikteb,14.0,6.582,0.0
clip_050,l-erba',14.0,6.582,0.0
clip_050,linji,14.0,6.582,0.0
clip_050,ta',14.0,6.582,0.0
clip_050,u,16.0,7.407,0.0
clip_050,l-ġurxin,16.0,7.407,0.0
clip_050,minn,18.0,8.438,0.0
clip_050,ta',18.0,8.438,0.0
clip_050,jien,18.0,8.438,0.0
clip_050,u,18.0,8.438,0.0
clip_050,kellu,18.0,8.438,0.0
clip_050,ħafna,18.0,8.438,0.0
clip_050,ġu,18.0,8.438,0.0
clip_050,ġismu,20.0,9.312,0.0
clip_050,kien,20.0,9.312,0.0
clip_050,ukoll,20.0,9.312,0.0
clip_050,muġiegħ,20.0,9.312,0.0
clip_050,u,22.0,10.231,0.0
clip_050,rasu,22.0,10.231,0.0
clip_050,riedet,22.0,10.231,0.0
clip_050,tisplodi,22.0,10.231,0.0
clip_050,s'issa,24.0,11.04,0.0
clip_050,ma,24.0,11.04,0.0
clip_050,nafx,24.0,11.04,0.0
clip_050,ma,26.0,11.757,0.0
clip_050,'hadich,26.0,11.757,0.0
clip_050,ra,28.0,12.819,0.0
clip_050,l-festi,28.0,12.819,0.0
clip_050,ta',28.0,12.819,0.0
clip_050,dmija,28.0,12.819,0.0
clip_050,il-ħitan,30.0,14.033,0.0
clip_050,ħamrija,30.0,14.033,0.0
clip_050,ma',30.0,14.033,0.0
clip_050,madonna,30.0,14.033,0.0
clip_050,abjad,30.0,14.033,0.0
clip_050,dmija,32.0,15.073,0.0
clip_050,fuq,32.0,15.073,0.0
clip_050,il-ħwejjeġ,32.0,15.073,0.0
clip_050,il-bibien,34.0,15.999,0.0
clip_050,tal-karozzi,34.0,15.999,0.0
clip_050,mill-espressjoni,36.0,16.963,0.0
clip_050,ta',36.0,16.963,0.0
clip_050,niket,36.0,16.963,0.0
clip_050,fuq,36.0,16.963,0.0
clip_050,wiċċha,38.0,18.09,0.0
clip_050,ġanni,38.0,18.09,0.0
clip_050,ħaseb,38.0,18.09,0.0
clip_050,li,38.0,18.09,0.0
clip_050,l-i,38.0,18.09,0.0
clip_050,u,40.0,18.959,0.0
clip_050,xejn,40.0,18.959,0.0
clip_050,ma,40.0,18.959,0.0
clip_050,jiekol,40.0,18.959,0.0
clip_050,kienet,42.0,19.887,0.0
clip_050,issibha,42.0,19.887,0.0
clip_050,tqila,42.0,19.887,0.0
clip_050,biex,42.0,19.887,0.0
clip_050,titlaq,42.0,19.887,0.0
clip_050,kuljum,44.0,20.73,0.0
clip_050,kull,44.0,20.73,0.0
clip_050,jum,44.0,20.73,0.0
clip_050,min,44.0,20.73,0.0
clip_050,jaf,44.0,20.73,0.0
clip_050,għalkemm,44.0,20.73,0.0
clip_050,forsi,46.0,21.337,0.0
clip_050,għalik,48.0,22.129,0.0
clip_050,riedu,48.0,22.129,0.0
clip_050,jgħidulu,48.0,22.129,0.0
clip_050,għadek,50.0,23.171,0.0
clip_050,żagħżugħ,50.0,23.171,0.0
clip_050,ħajtek,50.0,23.171,0.0
clip_050,quddiemni,50.0,23.171,0.0
clip_050,dak,52.0,23.998,0.0
clip_050,il-ħalliel,52.0,23.998,0.0
clip_050,kien,53.67,25.125,0.0
clip_050,se,53.67,25.125,0.0
clip_050,jġibha,53.67,25.125,0.0
clip_050,ferħ,53.67,25.125,0.0
clip_050,ta',53.67,25.125,0.0
clip_050,ġenn,53.67,25.125,0.0
clip_051,jason,2.0,0.719,0.0
clip_051,u,2.0,0.719,0.0
clip_051,estella,2.0,0.719,0.0
clip_051,kienu,4.0,1.822,0.0
clip_051,jinsabu,4.0,1.822,0.0
clip_051,fl-arja,4.0,1.822,0.0
clip_051,faċċata,4.0,1.822,0.0
clip_051,ta',4.0,1.822,0.0
clip_051,xulxin,4.0,1.822,0.0
clip_051,imma,6.0,2.519,0.0
clip_051,kienu,6.0,2.519,0.0
clip_051,jidhru,6.0,2.519,0.0
clip_051,differenti,6.0,2.519,0.0
clip_051,jista',8.0,3.179,0.0
clip_051,jkun,8.0,3.179,0.0
clip_051,mħabbra,10.0,3.993,0.0
clip_051,ħbieb,12.0,4.952,0.0
clip_051,tal-bieraħ,12.0,4.952,0.0
clip_051,rajt,12.0,4.952,0.0
clip_051,taħdem,12.0,4.952,0.0
clip_051,għall-ewwel,14.0,6.033,0.0
clip_051,darba,14.0,6.033,0.0
clip_051,dak,14.0,6.033,0.0
clip_051,li,14.0,6.033,0.0
clip_051,hawn,14.0,6.033,0.0
clip_051,fl-iskala,14.0,6.033,0.0
clip_051,sejjaħha,16.0,6.861,0.0
clip_051,operazzjoni,16.0,6.861,0.0
clip_051,room,16.0,6.861,0.0
clip_051,f'din,18.0,7.897,0.0
clip_051,il-gżira,18.0,7.897,0.0
clip_051,hemm,18.0,7.897,0.0
clip_051,sejjer,18.0,7.897,0.0
clip_051,ħanuba,20.0,8.991,0.0
clip_051,kien,20.0,8.991,0.0
clip_051,jgħix,20.0,8.991,0.0
clip_051,il-fargħun,20.0,8.991,0.0
clip_051,li,22.0,9.909,0.0
clip_051,kien,22.0,9.909,0.0
clip_051,imexxi,22.0,9.909,0.0
clip_051,mexxej,22.0,9.909,0.0
clip_051,nies,24.0,10.992,0.0
clip_051,kollha,24.0,10.992,0.0
clip_051,li,24.0,10.992,0.0
clip_051,jgħixu,24.0,10.992,0.0
clip_051,fir-raba',24.0,10.992,0.0
clip_051,dinja,24.0,10.992,0.0
clip_051,kif,26.0,11.813,0.0
clip_051,qalilna,26.0,11.813,0.0
clip_051,l-gvern,26.0,11.813,0.0
clip_051,jagħti,26.0,11.813,0.0
clip_051,jaħsbu,28.0,12.793,0.0
clip_051,l-ġermaniżi,28.0,12.793,0.0
clip_051,jistgħu,30.0,13.646,0.0
clip_051,jibdew,30.0,13.646,0.0
clip_051,bil-lejl,30.0,13.646,0.0
clip_051,li,32.0,14.531,0.0
clip_051,ġejjin,32.0,14.531,0.0
clip_051,biex,32.0,14.531,0.0
clip_051,jaqbdu,32.0,14.531,0.0
clip_051,għalina,32.0,14.531,0.0
clip_051,bl-ajru,33.809,15.394,0.0
clip_051,u,33.809,15.394,0.0
clip_051,bil-baħar,33.809,15.394,0.0
clip_052,kull,2.0,1.154,0.0
clip_052,sulfarina,2.0,1.154,0.0
clip_052,kienet,2.0,1.154,0.0
clip_052,terġa',2.0,1.154,0.0
clip_052,tirrakkonta,2.0,1.154,0.0
clip_052,kontali,4.0,1.978,0.0
clip_052,l-istorja,4.0,1.978,0.0
clip_052,tagħha,4.0,1.978,0.0
clip_052,ħafna,6.0,2.993,0.0
clip_052,diġà,6.0,2.993,0.0
clip_052,qed,6.0,2.993,0.0
clip_052,ibassru,6.0,2.993,0.0
clip_052,l-i,6.0,2.993,0.0
clip_052,il-biċċa,8.0,4.187,0.0
clip_052,se,8.0,4.187,0.0
clip_052,tiġri,8.0,4.187,0.0
clip_052,fl-ilfejn,8.0,4.187,0.0
clip_052,u,8.0,4.187,0.0
clip_052,tnejn,8.0,4.187,0.0
clip_052,malli,10.0,4.919,0.0
clip_052,jasal,10.0,4.919,0.0
clip_052,mhux,12.0,5.783,0.0
clip_052,se,12.0,5.783,0.0
clip_052,jkollu,12.0,5.783,0.0
clip_052,bżonn,12.0,5.783,0.0
clip_052,jiftakar,12.0,5.783,0.0
clip_052,xejn,12.0,5.783,0.0
clip_052,forsi,14.0,6.579,0.0
clip_052,anqas,14.0,6.579,0.0
clip_052,lil,14.0,6.579,0.0
clip_052,min,14.0,6.579,0.0
clip_052,l-i,16.0,7.432,0.0
clip_052,ma,16.0,7.432,0.0
clip_052,selimlux,16.0,7.432,0.0
clip_052,ritornell,18.0,8.146,0.0
clip_052,kitch,18.0,8.146,0.0
clip_052,dehru,20.0,9.18,0.0
clip_052,l-i,20.0,9.18,0.0
clip_052,tnejn,20.0,9.18,0.0
clip_052,min-nies,20.0,9.18,0.0
clip_052,għaddew,22.0,10.183,0.0
clip_052,kemm-il,22.0,10.183,0.0
clip_052,darba,22.0,10.183,0.0
clip_052,min-n,22.0,10.183,0.0
clip_052,dan,24.0,11.993,0.0
clip_052,il-mriedu,24.0,11.993,0.0
clip_052,jisimha,24.0,11.993,0.0
clip_052,'midja',24.0,11.993,0.0
clip_052,u,24.0,11.993,0.0
clip_052,l-bqija,24.0,11.993,0.0
clip_052,ta',24.0,11.993,0.0
clip_052,tnejn,24.0,11.993,0.0
clip_052,ma,26.0,13.082,0.0
clip_052,hemmx,26.0,13.082,0.0
clip_052,x'qiegħed,26.0,13.082,0.0
clip_052,jingħad,26.0,13.082,0.0
clip_052,ġewwa,26.0,13.082,0.0
clip_052,dawk,28.0,14.015,0.0
clip_052,il-platti,28.0,14.015,0.0
clip_052,daħħalhom,28.0,14.015,0.0
clip_052,għax,30.0,14.844,0.0
clip_052,nimtlew,30.0,14.844,0.0
clip_052,nemmel,30.0,14.844,0.0
clip_052,qatt,32.0,15.812,0.0
clip_052,ftit,32.0,15.812,0.0
clip_052,fuq,32.0,15.812,0.0
clip_052,l-għadba,32.0,15.812,0.0
clip_052,ħalli,34.0,17.102,0.0
clip_052,l-antiporta,34.0,17.102,0.0
clip_052,warajha,34.0,17.102,0.0
clip_052,u,34.0,17.102,0.0
clip_052,x'xiex,34.0,17.102,0.0
clip_052,il-bieb,36.0,17.976,0.0
clip_052,anassassin,36.0,17.976,0.0
clip_052,f'dak,38.0,18.758,0.0
clip_052,il-waqt,38.0,18.758,0.0
clip_052,ajruplan,40.0,19.956,0.0
clip_052,ingliż,40.0,19.956,0.0
clip_052,ta',40.0,19.956,0.0
clip_052,bil-lejl,40.0,19.956,0.0
clip_052,ħassu,40.0,19.956,0.0
clip_052,wieħed,42.0,20.751,0.0
clip_052,minnhom,42.0,20.751,0.0
clip_052,ħabbat,42.0,20.751,0.0
clip_052,għalih,42.0,20.751,0.0
clip_052,u,44.0,21.463,0.0
clip_052,l-baħar,44.0,21.463,0.0
clip_052,sena,46.0,22.41,0.0
clip_052,l-patrijotti,46.0,22.41,0.0
clip_052,li,46.0,22.41,0.0
clip_052,kien,46.0,22.41,0.0
clip_052,hemm,48.0,23.519,0.0
clip_052,il-konvent,48.0,23.519,0.0
clip_052,ta',48.0,23.519,0.0
clip_052,frammodest,48.0,23.519,0.0
clip_052,kienu,50.0,24.582,0.0
clip_052,jingħaqdu,50.0,24.582,0.0
clip_052,ma',50.0,24.582,0.0
clip_052,patrijotti,50.0,24.582,0.0
clip_052,oħra,50.0,24.582,0.0
clip_052,u,51.592,25.512,0.0
clip_052,jattendu,51.592,25.512,0.0
clip_052,għall-irtirar,51.592,25.512,0.0
clip_053,x'ħin,2.0,1.171,0.0
clip_053,waslet,2.0,1.171,0.0
clip_053,fl-indana,2.0,1.171,0.0
clip_053,tal-ewwel,2.0,1.171,0.0
clip_053,l-ewwel,4.0,2.118,0.0
clip_053,sular,4.0,2.118,0.0
clip_053,dar,4.0,2.118,0.0
clip_053,għal,4.0,2.118,0.0
clip_053,kuritur,4.0,2.118,0.0
clip_053,fejn,6.0,3.19,0.0
clip_053,kien,6.0,3.19,0.0
clip_053,hemm,6.0,3.19,0.0
clip_053,il-kamra,6.0,3.19,0.0
clip_053,ta',6.0,3.19,0.0
clip_053,tommy,6.0,3.19,0.0
clip_053,il-kamra,8.0,4.186,0.0
clip_053,tagħha,8.0,4.186,0.0
clip_053,u,8.0,4.186,0.0
clip_053,dik,8.0,4.186,0.0
clip_053,ta',8.0,4.186,0.0
clip_053,t,8.0,4.186,0.0
clip_053,jew,10.0,5.214,0.0
clip_053,x'inhu,10.0,5.214,0.0
clip_053,l-għaliex,10.0,5.214,0.0
clip_053,meta,12.0,5.945,0.0
clip_053,fl-aħħar,12.0,5.945,0.0
clip_053,waqaf,14.0,7.061,0.0
clip_053,u,14.0,7.061,0.0
clip_053,ħareġ,14.0,7.061,0.0
clip_053,mill-landrover,14.0,7.061,0.0
clip_053,is-sewwieq,16.0,8.208,0.0
clip_053,ra,16.0,8.208,0.0
clip_053,liż-żewġ,16.0,8.208,0.0
clip_053,żagħżugħ,16.0,8.208,0.0
clip_053,jiġru,18.0,9.129,0.0
clip_053,fid-direzzjoni,18.0,9.129,0.0
clip_053,minn,18.0,9.129,0.0
clip_053,min,18.0,9.129,0.0
clip_053,fejn,20.0,9.779,0.0
clip_053,kien,20.0,9.779,0.0
clip_053,ġej,20.0,9.779,0.0
clip_053,marki,22.0,10.901,0.0
clip_053,u,22.0,10.901,0.0
clip_053,sinjali,22.0,10.901,0.0
clip_053,li,22.0,10.901,0.0
clip_053,ħallew,22.0,10.901,0.0
clip_053,warajhom,22.0,10.901,0.0
clip_053,u,24.0,11.797,0.0
clip_053,rnexxieli,24.0,11.797,0.0
clip_053,nsib,24.0,11.797,0.0
clip_053,ftit,24.0,11.797,0.0
clip_053,forsi,26.0,12.579,0.0
clip_053,anke,26.0,12.579,0.0
clip_053,dawwar,26.0,12.579,0.0
clip_053,rasu,26.0,12.579,0.0
clip_053,u,28.0,13.412,0.0
clip_053,jara,28.0,13.412,0.0
clip_053,x'hemm,28.0,13.412,0.0
clip_053,wara,28.0,13.412,0.0
clip_053,jew,30.0,14.358,0.0
clip_053,qum,30.0,14.358,0.0
clip_053,bil-wieqfa,30.0,14.358,0.0
clip_053,kemm,32.0,15.531,0.0
clip_053,jara,32.0,15.531,0.0
clip_053,fejn,32.0,15.531,0.0
clip_053,kien,32.0,15.531,0.0
clip_053,se,32.0,15.531,0.0
clip_053,jgħaddi,32.0,15.531,0.0
clip_053,s-sigħat,32.0,15.531,0.0
clip_053,li,32.0,15.531,0.0
clip_053,u,32.822,16.071,0.0
clip_054,qisha,2.0,0.727,0.0
clip_054,ħrafa,2.0,0.727,0.0
clip_054,wara,4.0,1.643,0.0
clip_054,tlett,4.0,1.643,0.0
clip_054,ijiem,4.0,1.643,0.0
clip_054,ta',4.0,1.643,0.0
clip_054,kura,4.0,1.643,0.0
clip_054,u,4.0,1.643,0.0
clip_054,f,4.0,1.643,0.0
clip_054,ħoss,6.0,2.356,0.0
clip_054,tajjeb,6.0,2.356,0.0
clip_054,biżżejjed,6.0,2.356,0.0
clip_054,biex,8.0,3.455,0.0
clip_054,iqum,8.0,3.455,0.0
clip_054,bil-waqfa,8.0,3.455,0.0
clip_054,għal,8.0,3.455,0.0
clip_054,ftit,8.0,3.455,0.0
clip_054,minuti,8.0,3.455,0.0
clip_054,imma,10.0,4.592,0.0
clip_054,fil-ħdud,10.0,4.592,0.0
clip_054,ta',10.0,4.592,0.0
clip_054,sħaħ,10.0,4.592,0.0
clip_054,il-qaddis,12.0,5.694,0.0
clip_054,filgħodu,12.0,5.694,0.0
clip_054,kien,12.0,5.694,0.0
clip_054,joħroġ,12.0,5.694,0.0
clip_054,u,14.0,6.637,0.0
clip_054,l-viatku,14.0,6.637,0.0
clip_054,solenni,14.0,6.637,0.0
clip_054,sur,16.0,7.409,0.0
clip_054,guillermo,16.0,7.409,0.0
clip_054,lorenzi,16.0,7.409,0.0
clip_054,erba',18.0,8.362,0.0
clip_054,xhieda,18.0,8.362,0.0
clip_054,fuq,18.0,8.362,0.0
clip_054,kien,18.0,8.362,0.0
clip_054,qed,18.0,8.362,0.0
clip_054,jieħu,18.0,8.362,0.0
clip_054,sentenza,20.0,9.217,0.0
clip_054,tal-mewt,20.0,9.217,0.0
clip_054,bħala,20.0,9.217,0.0
clip_054,ka,20.0,9.217,0.0
clip_054,tal-kon,22.0,9.971,0.0
clip_054,foffa,22.0,9.971,0.0
clip_054,ma,24.0,10.794,0.0
clip_054,tweġibx,24.0,10.794,0.0
clip_054,lanqas,24.0,10.794,0.0
clip_054,biss,24.0,10.794,0.0
clip_054,kelma,26.0,11.714,0.0
clip_054,ma,26.0,11.714,0.0
clip_054,timmarkax,26.0,11.714,0.0
clip_054,ruħu,26.0,11.714,0.0
clip_054,f'moħħu,28.0,12.657,0.0
clip_054,għaliex,28.0,12.657,0.0
clip_054,kien,28.0,12.657,0.0
clip_054,band,28.0,12.657,0.0
clip_054,ieħor,28.0,12.657,0.0
clip_054,u,30.0,13.639,0.0
clip_054,l-ħsieb,30.0,13.639,0.0
clip_054,jimxi,30.0,13.639,0.0
clip_054,bil-mod,30.0,13.639,0.0
clip_054,wisq,30.0,13.639,0.0
clip_054,biex,32.0,14.55,0.0
clip_054,ilaħħaq,32.0,14.55,0.0
clip_054,mal-ħtieġa,32.0,14.55,0.0
clip_054,is-sempliċita',34.0,15.423,0.0
clip_054,julium,36.0,16.101,0.0
clip_054,indipendenti,36.0,16.101,0.0
clip_054,tfal,38.0,17.111,0.0
clip_054,fl-imperu,38.0,17.111,0.0
clip_054,brittaniku,38.0,17.111,0.0
clip_054,l-horse,40.0,17.883,0.0
clip_054,waqaf,40.0,17.883,0.0
clip_054,issa,42.0,18.948,0.0
clip_054,ġielu,42.0,18.948,0.0
clip_054,l-opportunita,42.0,18.948,0.0
clip_054,perfetta,42.0,18.948,0.0
clip_054,perfetta,42.0,18.948,0.0
clip_054,li,44.0,20.079,0.0
clip_054,jwettaq,44.0,20.079,0.0
clip_054,din,44.0,20.079,0.0
clip_054,il-ħolma,44.0,20.079,0.0
clip_054,igawdi,44.0,20.079,0.0
clip_054,qamar,46.0,21.041,0.0
clip_054,għal,46.0,21.041,0.0
clip_054,xagħar,46.0,21.041,0.0
clip_054,anke,46.0,21.041,0.0
clip_054,jekk,46.0,21.041,0.0
clip_054,ikollu,46.0,21.041,0.0
clip_054,joħroġ,48.0,22.133,0.0
clip_054,il-flus,48.0,22.133,0.0
clip_054,kollha,48.0,22.133,0.0
clip_054,li,48.0,22.133,0.0
clip_054,kellu,48.0,22.133,0.0
clip_054,l-bank,48.0,22.133,0.0
clip_054,bħala,50.0,22.86,0.0
clip_054,depożitu,50.0,22.86,0.0
clip_054,ta',50.966,23.569,0.0
clip_054,bieb,50.966,23.569,0.0
clip_055,mela,2.0,0.898,0.0
clip_055,t-tieni,2.0,0.898,0.0
clip_055,bewsa,2.0,0.898,0.0
clip_055,ħalli,4.0,1.979,0.0
clip_055,li,4.0,1.979,0.0
clip_055,ma,4.0,1.979,0.0
clip_055,tkunx,4.0,1.979,0.0
clip_055,ta',4.0,1.979,0.0
clip_055,ħadd,4.0,1.979,0.0
clip_055,ħlief,4.0,1.979,0.0
clip_055,tiegħi,4.0,1.979,0.0
clip_055,iġri,6.0,2.867,0.0
clip_055,ġiri,6.0,2.867,0.0
clip_055,tarax,8.0,3.917,0.0
clip_055,li,8.0,3.917,0.0
clip_055,ġejjin,8.0,3.917,0.0
clip_055,żewġ,8.0,3.917,0.0
clip_055,suldati,8.0,3.917,0.0
clip_055,warajna,8.0,3.917,0.0
clip_055,bid-doni,10.0,5.031,0.0
clip_055,tiegħu,10.0,5.031,0.0
clip_055,sħaħ,10.0,5.031,0.0
clip_055,mill-m,10.0,5.031,0.0
clip_055,ġdid,12.0,6.139,0.0
clip_055,ħadd,12.0,6.139,0.0
clip_055,u,12.0,6.139,0.0
clip_055,xejn,12.0,6.139,0.0
clip_055,ma,12.0,6.139,0.0
clip_055,seta',12.0,6.139,0.0
clip_055,jgħaqqad,12.0,6.139,0.0
clip_055,l-anqas,14.0,7.209,0.0
clip_055,ħut,14.0,7.209,0.0
clip_055,kollha,14.0,7.209,0.0
clip_055,f'daqqa,14.0,7.209,0.0
clip_055,għax,16.0,8.176,0.0
clip_055,dawk,16.0,8.176,0.0
clip_055,ma,16.0,8.176,0.0
clip_055,kinux,16.0,8.176,0.0
clip_055,aħjar,16.0,8.176,0.0
clip_055,minn,16.0,8.176,0.0
clip_055,min-n,16.0,8.176,0.0
clip_055,x'kienu,18.0,9.276,0.0
clip_055,issa,18.0,9.276,0.0
clip_055,f'liema,18.0,9.276,0.0
clip_055,skola,18.0,9.276,0.0
clip_055,ta',20.0,10.257,0.0
clip_055,attendi,20.0,10.257,0.0
clip_055,u,20.0,10.257,0.0
clip_055,meta,20.0,10.257,0.0
clip_055,nkun,20.0,10.257,0.0
clip_055,li,22.0,11.296,0.0
clip_055,ġabret,22.0,11.296,0.0
clip_055,l-informazzjoni,22.0,11.296,0.0
clip_055,kollha,22.0,11.296,0.0
clip_055,dwarha,22.0,11.296,0.0
clip_055,x'aktarx,24.0,12.5,0.0
clip_055,nibgħatilha,24.0,12.5,0.0
clip_055,ittra,24.0,12.5,0.0
clip_055,jew,24.0,12.5,0.0
clip_055,messaġġ,24.0,12.5,0.0
clip_055,aktar,26.0,13.346,0.0
clip_055,x'xehed,26.0,13.346,0.0
clip_055,kienet,28.0,14.287,0.0
clip_055,qed,28.0,14.287,0.0
clip_055,tistenna,28.0,14.287,0.0
clip_055,li,28.0,14.287,0.0
clip_055,tagħmel,28.0,14.287,0.0
clip_055,kollox,28.0,14.287,0.0
clip_055,mħabbat,28.304,15.019,0.0
clip_056,u,2.0,1.007,0.0
clip_056,s-sinjur,2.0,1.007,0.0
clip_056,ħalaq,2.0,1.007,0.0
clip_056,lil,2.0,1.007,0.0
clip_056,eva,2.0,1.007,0.0
clip_056,għadna,4.0,1.917,0.0
clip_056,nħarsu,4.0,1.917,0.0
clip_056,lejn,4.0,1.917,0.0
clip_056,faxxin,4.0,1.917,0.0
clip_056,xi,4.0,1.917,0.0
clip_056,vjola,6.0,2.705,0.0
clip_056,jġorru,6.0,2.705,0.0
clip_056,is-sema,8.0,3.643,0.0
clip_056,qed,8.0,3.643,0.0
clip_056,jisħura,8.0,3.643,0.0
clip_056,beda,10.0,4.87,0.0
clip_056,jerġa',10.0,4.87,0.0
clip_056,jieħu,10.0,4.87,0.0
clip_056,kors,10.0,4.87,0.0
clip_056,f'dik,10.0,4.87,0.0
clip_056,il-faċċata,10.0,4.87,0.0
clip_056,f'daqqa,12.0,5.996,0.0
clip_056,induna,12.0,5.996,0.0
clip_056,li,12.0,5.996,0.0
clip_056,kien,12.0,5.996,0.0
clip_056,qed,12.0,5.996,0.0
clip_056,jitlaq,12.0,5.996,0.0
clip_056,ir-riżoluzzjoni,14.0,7.176,0.0
clip_056,li,14.0,7.176,0.0
clip_056,tlaqqa',14.0,7.176,0.0
clip_056,b'li,14.0,7.176,0.0
clip_056,reġa',16.0,7.937,0.0
clip_056,lura,16.0,7.937,0.0
clip_056,lura,16.0,7.937,0.0
clip_056,u,18.0,9.077,0.0
clip_056,kompla,18.0,9.077,0.0
clip_056,jsegwi,18.0,9.077,0.0
clip_056,riħha,18.0,9.077,0.0
clip_056,sakemm,18.0,9.077,0.0
clip_056,wasal,18.0,9.077,0.0
clip_056,quddiem,20.0,10.425,0.0
clip_056,il-bieb,20.0,10.425,0.0
clip_056,tal-librerija,20.0,10.425,0.0
clip_056,li,20.0,10.425,0.0
clip_056,kien,20.0,10.425,0.0
clip_056,ftit,20.0,10.425,0.0
clip_056,imxarrab,20.0,10.425,0.0
clip_056,vieli,22.0,11.025,0.0
clip_056,martu,24.0,12.186,0.0
clip_056,kienet,24.0,12.186,0.0
clip_056,bniet,24.0,12.186,0.0
clip_056,ma',24.0,12.186,0.0
clip_056,vili,24.0,12.186,0.0
clip_056,biex,24.0,12.186,0.0
clip_056,waslet,24.0,12.186,0.0
clip_056,nżilt,26.0,13.073,0.0
clip_056,sa,26.0,13.073,0.0
clip_056,fejn,26.0,13.073,0.0
clip_056,waslet,26.0,13.073,0.0
clip_056,sal-man,28.0,14.057,0.0
clip_056,sab,28.0,14.057,0.0
clip_056,ta',28.0,14.057,0.0
clip_056,ċali,28.0,14.057,0.0
clip_056,sal-mansa,30.0,15.207,0.0
clip_056,ta',30.0,15.207,0.0
clip_056,ċajt,30.0,15.207,0.0
clip_056,iswed,30.0,15.207,0.0
clip_056,u,30.0,15.207,0.0
clip_056,l-għawlu,32.0,16.507,0.0
clip_056,fuq,32.0,16.507,0.0
clip_056,is-saqaf,32.0,16.507,0.0
clip_056,tad-dura,32.0,16.507,0.0
clip_056,kien,34.0,17.483,0.0
clip_056,donnu,34.0,17.483,0.0
clip_056,qiegħed,34.0,17.483,0.0
clip_056,joħlom,34.0,17.483,0.0
clip_056,xi,34.0,17.483,0.0
clip_056,ħaġa,34.0,17.483,0.0
clip_056,u,36.0,18.197,0.0
clip_056,l-għan,36.0,18.197,0.0
clip_056,ma,38.0,19.222,0.0
clip_056,tinkwieta,38.0,19.222,0.0
clip_056,jekk,38.0,19.222,0.0
clip_056,nofs,38.0,19.222,0.0
clip_056,il-qsim,38.0,19.222,0.0
clip_056,sakemm,40.0,20.168,0.0
clip_056,joħroġ,40.0,20.168,0.0
clip_056,mill-isptar,40.0,20.168,0.0
clip_056,konna,42.0,21.149,0.0
clip_056,nagħmlu,42.0,21.149,0.0
clip_056,platti,42.0,21.149,0.0
clip_056,fond,42.0,21.149,0.0
clip_056,tal-suf,42.0,21.149,0.0
clip_056,fuq,44.0,22.142,0.0
clip_056,dawk,44.0,22.142,0.0
clip_056,ċatti,44.0,22.142,0.0
clip_056,tal-għaġin,44.0,22.142,0.0
clip_056,l-forn,46.0,23.386,0.0
clip_056,iddawwar,46.0,23.386,0.0
clip_056,il-ħanut,46.0,23.386,0.0
clip_056,tal-furn,46.0,23.386,0.0
clip_056,baqa',48.0,24.482,0.0
clip_056,tazza,48.0,24.482,0.0
clip_056,vojta,48.0,24.482,0.0
clip_056,mill-kbar,48.0,24.482,0.0
clip_056,u,50.0,25.788,0.0
clip_056,npoġġu,50.0,25.788,0.0
clip_056,l-baqar,50.0,25.788,0.0
clip_056,tal-ilma,50.0,25.788,0.0
clip_056,fil-nofs,50.0,25.788,0.0
clip_056,jgħixu,52.0,26.521,0.0
clip_056,ħajja,52.0,26.521,0.0
clip_056,virtwali,52.0,26.521,0.0
clip_056,jiċċajta,54.0,27.625,0.0
clip_056,u,54.0,27.625,0.0
clip_056,jidħlu,54.0,27.625,0.0
clip_056,f'avventura,54.0,27.625,0.0
clip_056,wara,54.909,28.226,0.0
clip_056,oħra,54.909,28.226,0.0
clip_057,bis-saħħa,2.0,1.024,0.0
clip_057,hekk,2.0,1.024,0.0
clip_057,il-ktieb,2.0,1.024,0.0
clip_057,kontinent,4.0,1.938,0.0
clip_057,li,4.0,1.938,0.0
clip_057,kont,4.0,1.938,0.0
clip_057,ippubblikat,4.0,1.938,0.0
clip_057,sena,6.0,3.03,0.0
clip_057,ta',6.0,3.03,0.0
clip_057,qabel,6.0,3.03,0.0
clip_057,beda,6.0,3.03,0.0
clip_057,jiġbed,6.0,3.03,0.0
clip_057,l-attenzjoni,6.0,3.03,0.0
clip_057,tal-pubbliku,8.0,4.017,0.0
clip_057,u,8.0,4.017,0.0
clip_057,ma,8.0,4.017,0.0
clip_057,damx,8.0,4.017,0.0
clip_057,bdiet,8.0,4.017,0.0
clip_057,xtaqt,10.0,4.833,0.0
clip_057,taqbadni,10.0,4.833,0.0
clip_057,ħalliha,12.0,5.75,0.0
clip_057,bikini,12.0,5.75,0.0
clip_057,quddiem,12.0,5.75,0.0
clip_057,kulħadd,12.0,5.75,0.0
clip_057,kien,14.0,6.447,0.0
clip_057,qed,14.0,6.447,0.0
clip_057,iħares,14.0,6.447,0.0
clip_057,darba,16.0,7.668,0.0
clip_057,nserta,16.0,7.668,0.0
clip_057,mal-temp,16.0,7.668,0.0
clip_057,kbir,16.0,7.668,0.0
clip_057,u,16.0,7.668,0.0
clip_057,konna,16.0,7.668,0.0
clip_057,bdejna,16.0,7.668,0.0
clip_057,u,18.0,8.438,0.0
clip_057,jmorru,18.0,8.438,0.0
clip_057,jew,18.0,8.438,0.0
clip_057,le,18.0,8.438,0.0
clip_057,imbagħad,20.0,9.583,0.0
clip_057,meta,20.0,9.583,0.0
clip_057,jbusa,20.0,9.583,0.0
clip_057,bil-ħwejjeġ,20.0,9.583,0.0
clip_057,ma,22.0,10.53,0.0
clip_057,kienet,22.0,10.53,0.0
clip_057,tħossha,22.0,10.53,0.0
clip_057,qed,22.0,10.53,0.0
clip_057,titlaq,22.0,10.53,0.0
clip_057,ħelu,24.0,11.45,0.0
clip_057,fuq,24.0,11.45,0.0
clip_057,l-ispjaġġ,24.0,11.45,0.0
clip_057,xehdet,26.0,12.261,0.0
clip_057,minnha,26.0,12.261,0.0
clip_057,kien,28.0,13.251,0.0
clip_057,ikollu,28.0,13.251,0.0
clip_057,kaxxa,28.0,13.251,0.0
clip_057,tal-kartun,28.0,13.251,0.0
clip_057,jew,28.0,13.251,0.0
clip_057,u,30.0,14.032,0.0
clip_057,fuq,30.0,14.032,0.0
clip_057,xi,30.0,14.032,0.0
clip_057,ftit,30.0,14.032,0.0
clip_057,minnhom,30.0,14.032,0.0
clip_057,kien,32.0,15.119,0.0
clip_057,ikollna,32.0,15.119,0.0
clip_057,numru,32.0,15.119,0.0
clip_057,ta',32.0,15.119,0.0
clip_057,qtates,32.0,15.119,0.0
clip_057,kwadri,32.0,15.119,0.0
clip_057,nofs,34.0,15.969,0.0
clip_057,kemm,34.0,15.969,0.0
clip_057,jgħaddi,34.0,15.969,0.0
clip_057,boċċi,34.0,15.969,0.0
clip_057,ftit,36.0,16.748,0.0
clip_057,imlaħlaq,36.0,16.748,0.0
clip_057,moħħok,38.0,17.651,0.0
clip_057,hawn,38.0,17.651,0.0
clip_057,ara,38.0,17.651,0.0
clip_057,li,38.0,17.651,0.0
clip_057,ra,38.0,17.651,0.0
clip_057,jiekol,40.0,18.941,0.0
clip_057,kollox,40.0,18.941,0.0
clip_057,x'jieklu,40.0,18.941,0.0
clip_057,u,40.0,18.941,0.0
clip_057,x'xorb,40.0,18.941,0.0
clip_057,il-box,42.0,19.828,0.0
clip_057,file,42.0,19.828,0.0
clip_057,kien,42.0,19.828,0.0
clip_057,vojt,42.0,19.828,0.0
clip_057,darba,44.0,20.617,0.0
clip_057,waħda,44.0,20.617,0.0
clip_057,qaltlu,44.0,20.617,0.0
clip_057,l-i,46.0,21.731,0.0
clip_057,kien,46.0,21.731,0.0
clip_057,hemm,46.0,21.731,0.0
clip_057,il-fatt,46.0,21.731,0.0
clip_057,ħaseb,46.0,21.731,0.0
clip_057,l-i,48.0,23.119,0.0
clip_057,hu,48.0,23.119,0.0
clip_057,l-isbaħ,48.0,23.119,0.0
clip_057,ħlejjaq,48.0,23.119,0.0
clip_057,fil-ġnien,48.0,23.119,0.0
clip_057,min,50.0,24.012,0.0
clip_057,qatel,50.0,24.012,0.0
clip_057,lil,50.0,24.012,0.0
clip_057,farrug,50.0,24.012,0.0
clip_057,jinsab,50.0,24.012,0.0
clip_057,maqtul,51.974,24.957,0.0
clip_057,gerger,51.974,24.957,0.0
clip_057,għajla,51.974,24.957,0.0
