clip_id,word,audio_arrival_sec,commit_time_sec,word_latency_sec
clip_000,ġiet,4.0,44.063,40.063
clip_000,il-wejtras,4.0,44.063,40.063
clip_000,u,4.0,44.063,40.063
clip_000,poġġitilhom,6.0,45.317,39.317
clip_000,it-tazzi,6.0,45.317,39.317
clip_000,fuq,6.0,45.317,39.317
clip_000,il-mejda,6.0,45.317,39.317
clip_000,ġejsin,8.0,46.748,38.748
clip_000,eqsar,8.0,46.748,38.748
clip_000,mir-robert,8.0,46.748,38.748
clip_000,sa,10.0,49.943,39.943
clip_000,fl-aħħar,10.0,49.943,39.943
clip_000,xon,10.0,49.943,39.943
clip_000,ħass,12.0,56.939,44.939
clip_000,dan,12.0,56.939,44.939
clip_000,il,12.0,56.939,44.939
clip_000,-ħliem,14.0,62.97,48.97
clip_000,jieħu,14.0,62.97,48.97
clip_000,sura,14.0,62.97,48.97
clip_000,ġo,14.0,62.97,48.97
clip_000,moħħu,14.0,62.97,48.97
clip_000,nħasad,14.0,62.97,48.97
clip_000,tant,14.0,62.97,48.97
clip_000,li,14.0,62.97,48.97
clip_000,waqaf,14.0,62.97,48.97
clip_000,sobtu,16.0,88.684,72.684
clip_000,u,16.0,88.684,72.684
clip_000,l-oħnejn,16.0,88.684,72.684
clip_000,daħlu,16.0,88.684,72.684
clip_000,ġo,16.0,88.684,72.684
clip_000,fih,18.0,91.996,73.996
clip_000,daqq,18.0,91.996,73.996
clip_000,biċċa,18.0,91.996,73.996
clip_000,għal,20.0,95.602,75.602
clip_000,ġerin,20.0,95.602,75.602
clip_000,li,20.0,95.602,75.602
clip_000,tant,20.0,95.602,75.602
clip_000,ħa,20.0,95.602,75.602
clip_000,grazzja,22.0,100.17,78.17
clip_000,magħha,22.0,100.17,78.17
clip_000,li,22.0,100.17,78.17
clip_000,tal-abbad,24.0,105.608,81.608
clip_000,immudellalu,24.0,105.608,81.608
clip_000,u,24.0,105.608,81.608
clip_000,ħallieha,24.0,105.608,81.608
clip_000,warajh,24.0,105.608,81.608
clip_000,sta,24.0,105.608,81.608
clip_000,twetta,24.0,105.608,81.608
clip_000,imma,26.0,110.981,84.981
clip_000,ma,26.0,110.981,84.981
clip_000,jafx,26.0,110.981,84.981
clip_000,min,28.0,140.429,112.429
clip_000,jaf,28.0,140.429,112.429
clip_000,forsi,28.0,140.429,112.429
clip_000,kien,28.0,140.429,112.429
clip_000,hemm,28.0,140.429,112.429
clip_000,iżda,30.0,144.643,114.643
clip_000,ma,30.0,144.643,114.643
clip_000,ppruvajċ,32.0,169.189,137.189
clip_000,wixq,32.0,169.189,137.189
clip_000,surġent,32.0,169.189,137.189
clip_000,oħroġ,32.0,169.189,137.189
clip_000,lil,32.0,169.189,137.189
clip_000,ħati,32.0,169.189,137.189
clip_000,jistenna,32.0,169.189,137.189
clip_000,barra,34.0,197.143,163.143
clip_000,welaq,34.0,197.143,163.143
clip_000,il-bieb,34.0,197.143,163.143
clip_000,tas-sala,34.0,197.143,163.143
clip_000,u,36.0,205.664,169.664
clip_000,mbagħad,36.0,205.664,169.664
clip_000,jiss,38.0,230.908,192.908
clip_000,baqa',38.0,230.908,192.908
clip_000,surġent,38.0,230.908,192.908
clip_000,fil-kumpanija,38.0,230.908,192.908
clip_000,tal-imdinau,40.0,237.333,197.333
clip_000,kien,40.0,237.333,197.333
clip_000,dejjem,40.0,237.333,197.333
clip_000,l-ewwel,40.0,237.333,197.333
clip_000,wieħed,42.0,239.215,197.215
clip_000,meta,42.0,239.215,197.215
clip_000,mżonnu,42.0,239.215,197.215
clip_000,biex,42.0,239.215,197.215
clip_000,ifiraq,42.0,239.215,197.215
clip_000,xi,44.0,241.862,197.862
clip_000,ġlieda,44.0,241.862,197.862
clip_000,jew,44.0,241.862,197.862
clip_000,biex,44.0,241.862,197.862
clip_000,jaqbeż,44.0,241.862,197.862
clip_000,f',44.0,241.862,197.862
clip_000,xi,44.0,241.862,197.862
clip_000,għelt,42.454,241.862,199.408
clip_000,ieħor,42.454,241.862,199.408
clip_000,biex,42.454,241.862,199.408
clip_000,ifiraq,42.454,241.862,199.408
clip_000,xi,42.454,241.862,199.408
clip_000,biex,42.454,241.862,199.408
clip_000,ifiraq,42.454,241.862,199.408
clip_000,xi,42.454,241.862,199.408
clip_000,b',42.454,241.862,199.408
clip_001,dgħajjes,4.0,20.159,16.159
clip_001,oħra,4.0,20.159,16.159
clip_001,m',4.0,20.159,16.159
clip_001,għanniex,8.0,46.168,38.168
clip_001,ta',8.0,46.168,38.168
clip_001,meta,8.0,46.168,38.168
clip_001,kienu,8.0,46.168,38.168
clip_001,jmorru,8.0,46.168,38.168
clip_001,jżuru,8.0,46.168,38.168
clip_001,lin-nanniet,8.0,46.168,38.168
clip_001,fil-milied,8.0,46.168,38.168
clip_001,leles,10.0,58.654,48.654
clip_001,guraw,10.0,58.654,48.654
clip_001,xi,12.0,62.531,50.531
clip_001,wieħed,12.0,62.531,50.531
clip_001,tal-klikka,12.0,62.531,50.531
clip_001,tagħha,12.0,62.531,50.531
clip_001,xon,14.0,76.669,62.669
clip_001,li,16.0,79.056,63.056
clip_001,kieku,16.0,79.056,63.056
clip_001,għonna,16.0,79.056,63.056
clip_001,mibte,16.0,79.056,63.056
clip_001,min,16.0,79.056,63.056
clip_001,ma',16.0,79.056,63.056
clip_001,sister,16.0,79.056,63.056
clip_001,katerina,18.0,98.234,80.234
clip_001,u,18.0,98.234,80.234
clip_001,sister,18.0,98.234,80.234
clip_001,luwiġina,20.0,101.806,81.806
clip_001,l-ġurnata,20.0,101.806,81.806
clip_001,ta',20.0,101.806,81.806
clip_001,qabel,20.0,101.806,81.806
clip_001,kienu,20.0,101.806,81.806
clip_001,kkanċellew,26.0,122.86,96.86
clip_001,l-appuntament,26.0,122.86,96.86
clip_001,wara,26.0,122.86,96.86
clip_001,marret,26.0,122.86,96.86
clip_001,u,26.0,122.86,96.86
clip_001,ġabret,28.0,132.322,104.322
clip_001,il-ġewlaq,28.0,132.322,104.322
clip_001,li,28.0,132.322,104.322
clip_001,kienet,28.0,132.322,104.322
clip_001,ġabbet,30.0,144.628,114.628
clip_001,magħha,30.0,144.628,114.628
clip_001,u,30.0,144.628,114.628
clip_001,minn,30.0,144.628,114.628
clip_001,ġewwa,30.0,144.628,114.628
clip_001,fih,30.0,144.628,114.628
clip_001,ħarġet,30.0,144.628,114.628
clip_001,fl-ixkun,30.0,144.628,114.628
clip_001,ċkejken,30.0,144.628,114.628
clip_001,dan,30.0,144.628,114.628
clip_001,żejt,30.0,144.628,114.628
clip_001,taż-żaruna,30.0,144.628,114.628
clip_001,ifejjaq,30.0,144.628,114.628
clip_001,il-ġrieħi,32.0,160.967,128.967
clip_001,li,32.0,160.967,128.967
clip_001,għandkomejja,32.0,160.967,128.967
clip_001,mela,34.0,162.641,128.641
clip_001,kompli,34.0,162.641,128.641
clip_001,urina,34.0,162.641,128.641
clip_001,xi,34.0,162.641,128.641
clip_001,swew,34.0,162.641,128.641
clip_001,tal,34.0,162.641,128.641
clip_001,-partit,36.0,171.244,135.244
clip_001,tiegħek,36.0,171.244,135.244
clip_001,iżda,36.0,171.244,135.244
clip_001,ġralu,38.0,173.052,135.052
clip_001,l-istess,38.0,173.052,135.052
clip_001,daħalura,40.0,175.878,135.878
clip_001,d-dan,40.0,175.878,135.878
clip_001,id-dar,40.0,175.878,135.878
clip_001,attent,42.0,182.236,140.236
clip_001,li,42.0,182.236,140.236
clip_001,ma,42.0,182.236,140.236
clip_001,jaminx,42.0,182.236,140.236
clip_001,ħoss,42.0,182.236,140.236
clip_001,b',42.0,182.236,140.236
clip_001,sabarnejn,42.0,182.236,140.236
clip_001,mhux,44.0,209.396,165.396
clip_001,qamet,44.0,209.396,165.396
clip_001,ineż,44.0,209.396,165.396
clip_001,fil-frattemp,44.0,209.396,165.396
clip_001,u,44.0,209.396,165.396
clip_001,niżlet,42.818,209.396,166.578
clip_001,isfer,42.818,209.396,166.578
clip_001,b',42.818,209.396,166.578
clip_001,b',42.818,209.396,166.578
clip_001,b',42.818,209.396,166.578
clip_001,b',42.818,209.396,166.578
clip_001,b',42.818,209.396,166.578
clip_001,b',42.818,209.396,166.578
clip_001,b',42.818,209.396,166.578
clip_001,b',42.818,209.396,166.578
clip_001,b',42.818,209.396,166.578
clip_002,imma,4.0,19.29,15.29
clip_002,kellu,4.0,19.29,15.29
clip_002,joqgħod,4.0,19.29,15.29
clip_002,u,4.0,19.29,15.29
clip_002,dawk,4.0,19.29,15.29
clip_002,it-tiri,4.0,19.29,15.29
clip_002,tal,4.0,19.29,15.29
clip_002,-kanuni,6.0,21.187,15.187
clip_002,li,6.0,21.187,15.187
clip_002,b',6.0,21.187,15.187
clip_002,sinjal,6.0,21.187,15.187
clip_002,ta',6.0,21.187,15.187
clip_002,verħ,6.0,21.187,15.187
clip_002,sparaw,6.0,21.187,15.187
clip_002,f',6.0,21.187,15.187
clip_002,nafsinhar,10.0,35.969,25.969
clip_002,il-franċiżi,10.0,35.969,25.969
clip_002,ħasshom,10.0,35.969,25.969
clip_002,bħall-imrietel,10.0,35.969,25.969
clip_002,li,12.0,68.972,56.972
clip_002,sabtu,16.0,80.037,64.037
clip_002,fuq,16.0,80.037,64.037
clip_002,qalbu,16.0,80.037,64.037
clip_002,marija,16.0,80.037,64.037
clip_002,ġie,16.0,80.037,64.037
clip_002,tal-għalija,18.0,83.646,65.646
clip_002,bil-karozza,18.0,83.646,65.646
clip_002,u,18.0,83.646,65.646
clip_002,ħaditni,18.0,83.646,65.646
clip_002,narah,18.0,83.646,65.646
clip_002,josef,18.0,83.646,65.646
clip_002,ma,18.0,83.646,65.646
clip_002,naqas,18.0,83.646,65.646
clip_002,li,18.0,83.646,65.646
clip_002,semmilu,18.0,83.646,65.646
clip_002,wkoll,18.0,83.646,65.646
clip_002,miska,18.0,83.646,65.646
clip_002,tanja,20.0,99.484,79.484
clip_002,u,20.0,99.484,79.484
clip_002,jiddiskrivilu,20.0,99.484,79.484
clip_002,l-mod,20.0,99.484,79.484
clip_002,kif,20.0,99.484,79.484
clip_002,tilbes,20.0,99.484,79.484
clip_002,kif,20.0,99.484,79.484
clip_002,titkellem,22.0,106.675,84.675
clip_002,u,22.0,106.675,84.675
clip_002,kif,22.0,106.675,84.675
clip_002,inuffissa,22.0,106.675,84.675
clip_002,tfuqha,22.0,106.675,84.675
clip_002,f',20.925,106.675,85.749
clip_002,f',20.925,106.675,85.749
clip_003,l-iżjed,4.0,2.626,0.0
clip_003,meta,4.0,2.626,0.0
clip_003,kien,8.0,22.644,14.644
clip_003,ijaf,8.0,22.644,14.644
clip_003,sewwa,8.0,22.644,14.644
clip_003,minn,8.0,22.644,14.644
clip_003,huwa,8.0,22.644,14.644
clip_003,u,8.0,22.644,14.644
clip_003,xi,8.0,22.644,14.644
clip_003,ġralu,8.0,22.644,14.644
clip_003,u,8.0,22.644,14.644
clip_003,dan,8.0,22.644,14.644
clip_003,ħabbu,8.0,22.644,14.644
clip_003,kien,8.0,22.644,14.644
clip_003,iżommu,8.0,22.644,14.644
clip_003,bħal,8.0,22.644,14.644
clip_003,kieku,8.0,22.644,14.644
clip_003,ħuh,8.0,22.644,14.644
clip_003,għappuntu,10.0,24.646,14.646
clip_003,surmas,10.0,24.646,14.646
clip_003,kompla,10.0,24.646,14.646
clip_003,jpespes,12.0,26.973,14.973
clip_003,kassar,12.0,26.973,14.973
clip_003,għarra,20.0,66.897,46.897
clip_003,li,20.0,66.897,46.897
clip_003,aħna,20.0,66.897,46.897
clip_003,nkumnu,20.0,66.897,46.897
clip_003,dejjem,20.0,66.897,46.897
clip_003,irġiel,20.0,66.897,46.897
clip_003,wiġbu,20.0,66.897,46.897
clip_003,l,20.0,66.897,46.897
clip_003,-bul,22.0,71.152,49.152
clip_003,nar,22.0,71.152,49.152
clip_003,filwaqt,22.0,71.152,49.152
clip_003,li,22.0,71.152,49.152
clip_003,raġa',22.0,71.152,49.152
clip_003,tafha,22.0,71.152,49.152
clip_003,l-pipa,22.0,71.152,49.152
clip_003,fil-but,22.0,71.152,49.152
clip_003,u,22.0,71.152,49.152
clip_003,qabad,22.0,71.152,49.152
clip_003,il-ħabel,22.0,71.152,49.152
clip_003,tal-kappestru,22.0,71.152,49.152
clip_003,f',22.0,71.152,49.152
clip_003,idu,22.0,71.152,49.152
clip_003,intefgħu,22.0,71.152,49.152
clip_003,jistrieħu,22.0,71.152,49.152
clip_003,hemmhekk,22.0,71.152,49.152
clip_003,issa,24.0,101.522,77.522
clip_003,sew,24.0,101.522,77.522
clip_003,għal,24.0,101.522,77.522
clip_003,bejnu,26.0,105.783,79.783
clip_003,u,26.0,105.783,79.783
clip_003,bejn,26.0,105.783,79.783
clip_003,ruħu,26.0,105.783,79.783
clip_003,fra,26.0,105.783,79.783
clip_003,mudest,26.0,105.783,79.783
clip_003,irrid,28.0,111.528,83.528
clip_003,immur,28.0,111.528,83.528
clip_003,miss,28.0,111.528,83.528
clip_003,qalilha,28.0,111.528,83.528
clip_003,roberto,28.0,111.528,83.528
clip_003,bċerta,30.0,116.961,86.961
clip_003,urġenza,30.0,116.961,86.961
clip_003,minħabba,30.0,116.961,86.961
clip_003,li,30.0,116.961,86.961
clip_003,kien,30.0,116.961,86.961
clip_003,jaf,30.0,116.961,86.961
clip_003,li,32.0,138.69,106.69
clip_003,jrid,32.0,138.69,106.69
clip_003,jiftah,32.0,138.69,106.69
clip_003,il-buttuni,32.0,138.69,106.69
clip_003,tal-qmis,32.0,138.69,106.69
clip_003,mmis,32.0,138.69,106.69
clip_003,mal-għajna,34.0,143.684,109.684
clip_003,x',34.0,143.684,109.684
clip_003,inkella,34.0,143.684,109.684
clip_003,kienet,34.0,143.684,109.684
clip_003,se,34.0,143.684,109.684
clip_003,tix-tixpakka,36.0,145.399,109.399
clip_003,meta,36.0,145.399,109.399
clip_003,jsir,36.0,145.399,109.399
clip_003,majjal,36.0,145.399,109.399
clip_003,jien,38.0,150.896,112.896
clip_003,kont,38.0,150.896,112.896
clip_003,ili,38.0,150.896,112.896
clip_003,xi,38.0,150.896,112.896
clip_003,tliet,38.0,150.896,112.896
clip_003,snin,38.0,150.896,112.896
clip_003,ma,40.0,164.741,124.741
clip_003,nidħol,40.0,164.741,124.741
clip_003,għal,40.0,164.741,124.741
clip_003,festivils,40.0,164.741,124.741
clip_003,għax,40.0,164.741,124.741
clip_003,kont,40.0,164.741,124.741
clip_003,inħoss,40.0,164.741,124.741
clip_003,li,42.0,169.544,127.544
clip_003,l-impenji,42.0,169.544,127.544
clip_003,tiegħi,42.0,169.544,127.544
clip_003,fil-lukandi,42.0,169.544,127.544
clip_003,kienu,42.0,169.544,127.544
clip_003,biżżejjed,44.0,172.397,128.397
clip_003,kien,44.0,172.397,128.397
clip_003,jitratta,44.0,172.397,128.397
clip_003,dwar,46.0,175.599,129.599
clip_003,iż-żrieraħ,46.0,175.599,129.599
clip_003,hemmżon,50.0,203.216,153.216
clip_003,ta',50.0,203.216,153.216
clip_003,aktar,50.0,203.216,153.216
clip_003,sigurtà,50.0,203.216,153.216
clip_003,f',50.0,203.216,153.216
clip_003,paċevill,50.0,203.216,153.216
clip_003,u,50.0,203.216,153.216
clip_003,la,50.0,203.216,153.216
clip_003,jinteressani,52.0,217.105,165.105
clip_003,la,52.0,217.105,165.105
clip_003,nagħtih,52.0,217.105,165.105
clip_003,importanza,52.0,217.105,165.105
clip_003,u,52.0,217.105,165.105
clip_003,nixtieq,52.0,217.105,165.105
clip_003,kont,51.711,217.105,165.394
clip_003,nista',51.711,217.105,165.394
clip_003,naddi,51.711,217.105,165.394
clip_003,mingħajru,51.711,217.105,165.394
clip_003,b',51.711,217.105,165.394
clip_003,paħtisla,51.711,217.105,165.394
clip_003,ta',51.711,217.105,165.394
clip_003,ta',51.711,217.105,165.394
clip_003,taħt,51.711,217.105,165.394
clip_003,tilbju,51.711,217.105,165.394
clip_003,paħtisla,51.711,217.105,165.394
clip_003,ta',51.711,217.105,165.394
clip_003,taħt,51.711,217.105,165.394
clip_003,tilbju,51.711,217.105,165.394
clip_004,u,4.0,38.259,34.259
clip_004,dak,4.0,38.259,34.259
clip_004,li,4.0,38.259,34.259
clip_004,għandhom,4.0,38.259,34.259
clip_004,jagħmlu,4.0,38.259,34.259
clip_004,l-għada,4.0,38.259,34.259
clip_004,ma,4.0,38.259,34.259
clip_004,jibqax,6.0,41.624,35.624
clip_004,tant,6.0,41.624,35.624
clip_004,importanti,6.0,41.624,35.624
clip_004,min,8.0,45.46,37.46
clip_004,jara,10.0,84.413,74.413
clip_004,l-ġlieden,10.0,84.413,74.413
clip_004,min,10.0,84.413,74.413
clip_004,jara,10.0,84.413,74.413
clip_004,l-wirdien,10.0,84.413,74.413
clip_004,min,10.0,84.413,74.413
clip_004,jiftaħ,10.0,84.413,74.413
clip_004,il-pitazzi,10.0,84.413,74.413
clip_004,u,10.0,84.413,74.413
clip_004,jsibhom,10.0,84.413,74.413
clip_004,imlija,12.0,86.395,74.395
clip_004,żunżan,12.0,86.395,74.395
clip_004,mejjet,12.0,86.395,74.395
clip_004,nixtieq,20.0,103.053,83.053
clip_004,ngħidlek,20.0,103.053,83.053
clip_004,li,20.0,103.053,83.053
clip_004,issa,20.0,103.053,83.053
clip_004,nista',20.0,103.053,83.053
clip_004,anki,20.0,103.053,83.053
clip_004,nara,20.0,103.053,83.053
clip_004,khawn,20.0,103.053,83.053
clip_004,ħasbu,20.0,103.053,83.053
clip_004,li,20.0,103.053,83.053
clip_004,kien,20.0,103.053,83.053
clip_004,aktar,20.0,103.053,83.053
clip_004,interessat,20.0,103.053,83.053
clip_004,fir-riċerka,20.0,103.053,83.053
clip_004,li,20.0,103.053,83.053
clip_004,kien,20.0,103.053,83.053
clip_004,għamillu,20.0,103.053,83.053
clip_004,dwar,20.0,103.053,83.053
clip_004,il-proġerija,20.0,103.053,83.053
clip_004,segwieni,22.0,116.517,94.517
clip_004,lura,22.0,116.517,94.517
clip_004,għal,22.0,116.517,94.517
clip_004,isfel,22.0,116.517,94.517
clip_004,u,22.0,116.517,94.517
clip_004,baqa',22.0,116.517,94.517
clip_004,segwini,28.0,138.506,110.506
clip_004,jienu,28.0,138.506,110.506
clip_004,nħaffef,28.0,138.506,110.506
clip_004,imsar,32.0,155.198,123.198
clip_004,nifsaqajja,32.0,155.198,123.198
clip_004,lejn,32.0,155.198,123.198
clip_004,il-grawnd,32.0,155.198,123.198
clip_004,tal-futbol,32.0,155.198,123.198
clip_004,imbagħad,32.0,155.198,123.198
clip_004,ġamri,32.0,155.198,123.198
clip_004,wagħda,32.0,155.198,123.198
clip_004,li,32.0,155.198,123.198
clip_004,kellu,32.0,155.198,123.198
clip_004,jibdlilha,32.0,155.198,123.198
clip_004,l-ħġiġ,32.0,155.198,123.198
clip_004,miksur,32.0,155.198,123.198
clip_004,kollu,32.0,155.198,123.198
clip_004,illa,32.0,155.198,123.198
clip_004,tagħha,34.0,161.985,127.985
clip_004,bdiet,34.0,161.985,127.985
clip_004,tibbred,34.0,161.985,127.985
clip_004,bil-mod,34.0,161.985,127.985
clip_004,jien,34.0,161.985,127.985
clip_004,niġil,34.0,161.985,127.985
clip_004,aktar,34.0,161.985,127.985
clip_004,imma,36.0,169.562,133.562
clip_004,aktar,36.0,169.562,133.562
clip_004,tard,36.0,169.562,133.562
clip_004,bdew,36.0,169.562,133.562
clip_004,jagħtuna,38.0,204.193,166.193
clip_004,l-porga,38.0,204.193,166.193
clip_004,f',38.0,204.193,166.193
clip_004,għamla,38.0,204.193,166.193
clip_004,ta',38.0,204.193,166.193
clip_004,ċikulata,38.0,204.193,166.193
clip_004,li,38.0,204.193,166.193
clip_004,konna,37.826,204.193,166.367
clip_004,mixxu,37.826,204.193,166.367
clip_004,mingħand,37.826,204.193,166.367
clip_004,l-ispiżjar,37.826,204.193,166.367
clip_004,f',37.826,204.193,166.367
clip_004,ħediftaq,37.826,204.193,166.367
clip_004,mingħand,37.826,204.193,166.367
clip_004,mingħand,37.826,204.193,166.367
clip_004,jew,37.826,204.193,166.367
clip_004,biex,37.826,204.193,166.367
clip_004,jgħuqidu,37.826,204.193,166.367
clip_004,t-triqeq,37.826,204.193,166.367
clip_004,minn,37.826,204.193,166.367
clip_004,siħadu,37.826,204.193,166.367
clip_004,f',37.826,204.193,166.367
clip_004,t-triqeq,37.826,204.193,166.367
clip_004,maqtugħ,37.826,204.193,166.367
clip_004,biex,37.826,204.193,166.367
clip_004,t-triqeq,37.826,204.193,166.367
clip_005,ngħidha,6.0,36.273,30.273
clip_005,u,6.0,36.273,30.273
clip_005,marina,6.0,36.273,30.273
clip_005,laq,6.0,36.273,30.273
clip_005,f',6.0,36.273,30.273
clip_005,kamartu,6.0,36.273,30.273
clip_005,ma,6.0,36.273,30.273
clip_005,jrid,6.0,36.273,30.273
clip_005,jaf,6.0,36.273,30.273
clip_005,b',6.0,36.273,30.273
clip_005,xejn,6.0,36.273,30.273
clip_005,iżjed,8.0,42.827,34.827
clip_005,donnha,8.0,42.827,34.827
clip_005,riesq,8.0,42.827,34.827
clip_005,għal,8.0,42.827,34.827
clip_005,mewt,8.0,42.827,34.827
clip_005,fuħu,10.0,45.058,35.058
clip_005,wara,10.0,45.058,35.058
clip_005,kollox,10.0,45.058,35.058
clip_005,l,10.0,45.058,35.058
clip_005,-istorja,12.0,57.139,45.139
clip_005,dwar,12.0,57.139,45.139
clip_005,oħtu,12.0,57.139,45.139
clip_005,gunter,12.0,57.139,45.139
clip_005,kienet,12.0,57.139,45.139
clip_005,ix,12.0,57.139,45.139
clip_005,-xukjatu,14.0,78.871,64.871
clip_005,nazju,24.0,108.081,84.081
clip_005,l-barklor,24.0,108.081,84.081
clip_005,u,24.0,108.081,84.081
clip_005,kienet,24.0,108.081,84.081
clip_005,qalt,24.0,108.081,84.081
clip_005,li,24.0,108.081,84.081
clip_005,r-reliġjon,26.0,136.778,110.778
clip_005,kultant,26.0,136.778,110.778
clip_005,għandha,26.0,136.778,110.778
clip_005,ħabta,26.0,136.778,110.778
clip_005,tifred,26.0,136.778,110.778
clip_005,flok,26.0,136.778,110.778
clip_005,taqqad,26.0,136.778,110.778
clip_005,imbagħaddi,26.0,136.778,110.778
clip_005,l-kamarġerina,26.0,136.778,110.778
clip_005,stork,26.0,136.778,110.778
clip_005,jew,26.0,136.778,110.778
clip_005,butir,26.0,136.778,110.778
clip_005,butir,26.0,136.778,110.778
clip_005,tal-papra,26.0,136.778,110.778
clip_005,kif,28.0,154.757,126.757
clip_005,kienet,28.0,154.757,126.757
clip_005,issejjaħluwi,30.0,168.835,138.835
clip_005,u,30.0,168.835,138.835
clip_005,neħduha,30.0,168.835,138.835
clip_005,mal-kafè,30.0,168.835,138.835
clip_005,u,32.0,173.971,141.971
clip_005,darba,32.0,173.971,141.971
clip_005,ġiljan,32.0,173.971,141.971
clip_005,qalli,32.0,173.971,141.971
clip_005,kien,32.0,173.971,141.971
clip_005,hemm,32.0,173.971,141.971
clip_005,mara,32.0,173.971,141.971
clip_005,mhux,34.0,182.048,148.048
clip_005,malta,34.0,182.048,148.048
clip_005,tax,34.0,182.048,148.048
clip_005,madonna,34.0,182.048,148.048
clip_005,malta,34.0,182.048,148.048
clip_005,għadna,36.0,212.443,176.443
clip_005,lura,36.0,212.443,176.443
clip_005,għadna,36.0,212.443,176.443
clip_005,qisna,36.0,212.443,176.443
clip_005,qed,36.0,212.443,176.443
clip_005,ngħixu,38.0,214.432,176.432
clip_005,taħt,38.0,214.432,176.432
clip_005,xi,38.0,214.432,176.432
clip_005,ma,38.0,214.432,176.432
clip_005,nafx,38.0,214.432,176.432
clip_005,min,38.0,214.432,176.432
clip_005,hi,40.0,218.293,178.293
clip_005,ma,40.0,218.293,178.293
clip_005,ninqabdux,40.0,218.293,178.293
clip_005,bħal,40.0,218.293,178.293
clip_005,żewġ,42.0,237.195,195.195
clip_005,riedem,42.0,237.195,195.195
clip_005,fin-nassa,42.0,237.195,195.195
clip_005,ħarsu,44.0,240.335,196.335
clip_005,ħarsa,44.0,240.335,196.335
clip_005,madwarhom,44.0,240.335,196.335
clip_005,u,44.0,240.335,196.335
clip_005,spalla,46.0,243.946,197.946
clip_005,ma',46.0,243.946,197.946
clip_005,spalla,46.0,243.946,197.946
clip_005,baqgħu,46.0,243.946,197.946
clip_005,sejrin,46.0,243.946,197.946
clip_005,lejn,46.0,243.946,197.946
clip_005,it-triq,46.0,243.946,197.946
clip_005,tal-imħażen,48.0,265.812,217.812
clip_005,u,48.0,265.812,217.812
clip_005,kien,50.0,296.955,246.955
clip_005,biss,50.0,296.955,246.955
clip_005,meta,50.0,296.955,246.955
clip_005,ċegħda,50.0,296.955,246.955
clip_005,li,50.0,296.955,246.955
clip_005,bdiet,50.0,296.955,246.955
clip_005,tassew,52.0,321.644,269.644
clip_005,taħdem,52.0,321.644,269.644
clip_005,l-azzjoni,52.0,321.644,269.644
clip_005,ta',52.0,321.644,269.644
clip_005,avvita,52.0,321.644,269.644
clip_005,nova,52.0,321.644,269.644
clip_005,f',50.26,321.644,271.384
clip_005,fuq,50.26,321.644,271.384
clip_005,qed,50.26,321.644,271.384
clip_005,f',50.26,321.644,271.384
clip_005,taħdem,50.26,321.644,271.384
clip_005,biex,50.26,321.644,271.384
clip_005,il-ġemma,50.26,321.644,271.384
clip_005,taħdem,50.26,321.644,271.384
clip_005,maqtugħ,50.26,321.644,271.384
clip_005,dun,50.26,321.644,271.384
clip_005,il-ġemma,50.26,321.644,271.384
clip_005,taħdem,50.26,321.644,271.384
clip_006,moħni,4.0,49.56,45.56
clip_006,biex,4.0,49.56,45.56
clip_006,ninħeba,6.0,64.247,58.247
clip_006,wiċċu,6.0,64.247,58.247
clip_006,aħmar,6.0,64.247,58.247
clip_006,il-lejn,10.0,92.54,82.54
clip_006,ittajjeb,10.0,92.54,82.54
clip_006,ħanini,10.0,92.54,82.54
clip_006,qalt,10.0,92.54,82.54
clip_006,li,10.0,92.54,82.54
clip_006,bitpespisa,14.0,110.069,96.069
clip_006,għal,16.0,113.026,97.026
clip_006,mill-inqas,16.0,113.026,97.026
clip_006,ħames,16.0,113.026,97.026
clip_006,minuti,16.0,113.026,97.026
clip_006,bqajtu,16.0,113.026,97.026
clip_006,sikte,24.0,158.077,134.077
clip_006,fil-karozza,24.0,158.077,134.077
clip_006,going,24.0,158.077,134.077
clip_006,nowher,24.0,158.077,134.077
clip_006,ernest,24.0,158.077,134.077
clip_006,qatgħetlu,24.0,158.077,134.077
clip_006,kliemu,24.0,158.077,134.077
clip_006,ommu,24.0,158.077,134.077
clip_006,hekk,24.0,158.077,134.077
clip_006,kif,24.0,158.077,134.077
clip_006,reġgħet,24.0,158.077,134.077
clip_006,għolli,24.0,158.077,134.077
clip_006,trasha,24.0,158.077,134.077
clip_006,minn,24.0,158.077,134.077
clip_006,fuq,24.0,158.077,134.077
clip_006,il-biċċa,24.0,158.077,134.077
clip_006,xogħol,24.0,158.077,134.077
clip_006,li,24.0,158.077,134.077
clip_006,kienet,24.0,158.077,134.077
clip_006,qed,24.0,158.077,134.077
clip_006,tikteb,24.0,158.077,134.077
clip_006,in-nanna,24.0,158.077,134.077
clip_006,miraklu,24.0,158.077,134.077
clip_006,jkollha,24.0,158.077,134.077
clip_006,tagħmel,24.0,158.077,134.077
clip_006,din,24.0,158.077,134.077
clip_006,id-darba,24.0,158.077,134.077
clip_006,biex,24.0,158.077,134.077
clip_006,tfejqu,24.0,158.077,134.077
clip_006,kompla,26.0,168.369,142.369
clip_006,miegħu,26.0,168.369,142.369
clip_006,xon,26.0,168.369,142.369
clip_006,l-istejjer,28.0,174.983,146.983
clip_006,kollha,28.0,174.983,146.983
clip_006,xi,28.0,174.983,146.983
clip_006,ftit,28.0,174.983,146.983
clip_006,jew,30.0,192.161,162.161
clip_006,wisq,30.0,192.161,162.161
clip_006,kellhom,30.0,192.161,162.161
clip_006,tomas,30.0,192.161,162.161
clip_006,es-swali,30.0,192.161,162.161
clip_006,u,32.0,196.73,164.73
clip_006,l-lejl,32.0,196.73,164.73
clip_006,kollu,32.0,196.73,164.73
clip_006,f',32.0,196.73,164.73
clip_006,kumpanija,32.0,196.73,164.73
clip_006,liha,38.0,203.258,165.258
clip_006,tiegħu,38.0,203.258,165.258
clip_006,qed,38.0,203.258,165.258
clip_006,li,38.0,203.258,165.258
clip_006,li,38.0,203.258,165.258
clip_006,issa,38.0,203.258,165.258
clip_006,stajt,38.0,203.258,165.258
clip_006,tħossu,38.0,203.258,165.258
clip_006,madwarek,38.0,203.258,165.258
clip_006,qalilha,38.0,203.258,165.258
clip_006,xon,38.0,203.258,165.258
clip_006,u,38.0,203.258,165.258
clip_006,n-antu,38.0,203.258,165.258
clip_006,femet,40.0,205.032,165.032
clip_006,mill-ewwel,40.0,205.032,165.032
clip_006,int,42.0,206.979,164.979
clip_006,ma,42.0,206.979,164.979
clip_006,rajtux,42.0,206.979,164.979
clip_006,staqsew,42.0,206.979,164.979
clip_006,ħitli,46.0,226.931,180.931
clip_006,taf,46.0,226.931,180.931
clip_006,li,46.0,226.931,180.931
clip_006,mkien,46.0,226.931,180.931
clip_006,li,46.0,226.931,180.931
clip_006,se,46.0,226.931,180.931
clip_006,-segwi,46.289,248.842,202.553
clip_006,pjan,46.289,248.842,202.553
clip_006,li,46.289,248.842,202.553
clip_006,dib,46.289,248.842,202.553
clip_006,dawn,46.289,248.842,202.553
clip_006,taf,46.289,248.842,202.553
clip_006,li,46.289,248.842,202.553
clip_006,mhux,46.289,248.842,202.553
clip_006,sejjernexxi,46.289,248.842,202.553
clip_006,imma,46.289,248.842,202.553
clip_006,tkompli,46.289,248.842,202.553
clip_006,xorta,46.289,248.842,202.553
clip_006,waħda,46.289,248.842,202.553
clip_006,s-s-s-s-s-s-s-s-s-s-s-slip,46.289,248.842,202.553
clip_007,stahba,6.0,38.534,32.534
clip_007,wara,6.0,38.534,32.534
clip_007,kolonna,6.0,38.534,32.534
clip_007,u,6.0,38.534,32.534
clip_007,malli,6.0,38.534,32.534
clip_007,ż-żewġt,6.0,38.534,32.534
clip_007,irġiel,6.0,38.534,32.534
clip_007,kienu,6.0,38.534,32.534
clip_007,għaddew,6.0,38.534,32.534
clip_007,ħareġ,6.0,38.534,32.534
clip_007,qisu,6.0,38.534,32.534
clip_007,ljun,8.0,40.646,32.646
clip_007,feroċi,8.0,40.646,32.646
clip_007,jgħajjat,8.0,40.646,32.646
clip_007,u,8.0,40.646,32.646
clip_007,jfajjar,8.0,40.646,32.646
clip_007,bl-imħadda,10.0,51.108,41.108
clip_007,fuq,10.0,51.108,41.108
clip_007,rashom,10.0,51.108,41.108
clip_007,b',10.0,51.108,41.108
clip_007,kemm,12.0,53.566,41.566
clip_007,kellu,12.0,53.566,41.566
clip_007,saħħa,12.0,53.566,41.566
clip_007,żigarella,14.0,56.418,42.418
clip_007,safra,14.0,56.418,42.418
clip_007,marbuta,14.0,56.418,42.418
clip_007,ma,14.0,56.418,42.418
clip_007,zokta,16.0,59.24,43.24
clip_007,x',16.0,59.24,43.24
clip_007,kupa,16.0,59.24,43.24
clip_007,hu,14.116,59.24,45.124
clip_007,int,14.116,59.24,45.124
clip_007,t-t-t-t-t-t-t-t-t-t-t...,14.116,59.24,45.124
clip_008,jien,4.0,14.515,10.515
clip_008,sejjer,4.0,14.515,10.515
clip_008,f',4.0,14.515,10.515
clip_008,kamarti,4.0,14.515,10.515
clip_008,qed,6.0,16.178,10.178
clip_008,jistennew,6.0,16.178,10.178
clip_008,ħem,6.0,16.178,10.178
clip_008,barra,6.0,16.178,10.178
clip_008,meta,10.0,21.915,11.915
clip_008,se,10.0,21.915,11.915
clip_008,nibdew,10.0,21.915,11.915
clip_008,niktbuh,10.0,21.915,11.915
clip_008,l-artiklu,10.0,21.915,11.915
clip_008,kien,10.0,21.915,11.915
clip_008,barra,14.0,26.196,12.196
clip_008,kull,26.0,88.258,62.258
clip_008,ġerħa,26.0,88.258,62.258
clip_008,u,26.0,88.258,62.258
clip_008,kull,26.0,88.258,62.258
clip_008,gidma,26.0,88.258,62.258
clip_008,biż-żejt,26.0,88.258,62.258
clip_008,taż-żaruna,26.0,88.258,62.258
clip_008,u,26.0,88.258,62.258
clip_008,l-inspirazzjoni,26.0,88.258,62.258
clip_008,tant,26.0,88.258,62.258
clip_008,tkun,26.0,88.258,62.258
clip_008,qawija,26.0,88.258,62.258
clip_008,li,26.0,88.258,62.258
clip_008,ma,26.0,88.258,62.258
clip_008,nkunx,26.0,88.258,62.258
clip_008,nista',26.0,88.258,62.258
clip_008,nirreżistija,26.0,88.258,62.258
clip_008,aktar,26.0,88.258,62.258
clip_008,kienet,28.0,99.86,71.86
clip_008,qed,28.0,99.86,71.86
clip_008,ittir,28.0,99.86,71.86
clip_008,imdawra,28.0,99.86,71.86
clip_008,bil,28.0,99.86,71.86
clip_008,-frifet,30.0,114.044,84.044
clip_008,ikkuluriti,30.0,114.044,84.044
clip_008,sadanittan,34.0,150.102,116.102
clip_008,salvu,34.0,150.102,116.102
clip_008,tar-razzett,34.0,150.102,116.102
clip_008,kien,34.0,150.102,116.102
clip_008,ġo,34.0,150.102,116.102
clip_008,ħejja,34.0,150.102,116.102
clip_008,l-gidja,34.0,150.102,116.102
clip_008,u,36.0,178.349,142.349
clip_008,kien,36.0,178.349,142.349
clip_008,sejjer,36.0,178.349,142.349
clip_008,biha,36.0,178.349,142.349
clip_008,l-kunvent,36.0,178.349,142.349
clip_008,bil-mod,40.0,181.948,141.948
clip_008,il-mod,40.0,181.948,141.948
clip_008,diddieh,42.0,184.241,142.241
clip_008,lad-drawwa,42.0,184.241,142.241
clip_008,tas-siġra,42.0,184.241,142.241
clip_008,tal-milied,42.0,184.241,142.241
clip_008,fuq,42.0,184.241,142.241
clip_008,il-komodina,42.0,184.241,142.241
clip_008,kellu,44.0,187.317,143.317
clip_008,stato,44.0,187.317,143.317
clip_008,ċkejkna,44.0,187.317,143.317
clip_008,l-ġokaxxa,43.975,187.317,143.342
clip_008,tal-ħġieġ,43.975,187.317,143.342
clip_008,hekk,43.975,187.317,143.342
clip_008,bħal,43.975,187.317,143.342
clip_008,hemm,43.975,187.317,143.342
clip_008,biex,43.975,187.317,143.342
clip_008,il-ġimgħa,43.975,187.317,143.342
clip_008,biex,43.975,187.317,143.342
clip_008,il-ġimgħa,43.975,187.317,143.342
clip_009,ma,4.0,3.336,0.0
clip_009,xtaqx,4.0,3.336,0.0
clip_009,jagħtiha,6.0,5.95,0.0
clip_009,ċ-ċans,6.0,5.95,0.0
clip_009,li,6.0,5.95,0.0
clip_009,jkollha,6.0,5.95,0.0
clip_009,l-fejn,6.0,5.95,0.0
clip_009,titfgħa,8.0,24.507,16.507
clip_009,xi,8.0,24.507,16.507
clip_009,ħtija,8.0,24.507,16.507
clip_009,oħra,8.0,24.507,16.507
clip_009,fuqu,8.0,24.507,16.507
clip_009,tax-xaqt,8.0,24.507,16.507
clip_009,nar,10.0,34.823,24.823
clip_009,għad,10.0,34.823,24.823
clip_009,-dixxiplina,24.0,100.945,76.945
clip_009,u,24.0,100.945,76.945
clip_009,l,24.0,100.945,76.945
clip_009,-ordnifit,26.0,104.944,78.944
clip_009,traffiku,26.0,104.944,78.944
clip_009,kollox,26.0,104.944,78.944
clip_009,infassal,26.0,104.944,78.944
clip_009,bil-ħsieb,26.0,104.944,78.944
clip_009,u,26.0,104.944,78.944
clip_009,kulħadd,26.0,104.944,78.944
clip_009,jgħod,26.0,104.944,78.944
clip_009,għar,26.0,104.944,78.944
clip_009,regolamenti,26.0,104.944,78.944
clip_009,bla,26.0,104.944,78.944
clip_009,tla',26.0,104.944,78.944
clip_009,qlieq,26.0,104.944,78.944
clip_009,nispera,26.0,104.944,78.944
clip_009,li,26.0,104.944,78.944
clip_009,tħobbha,26.0,104.944,78.944
clip_009,u,26.0,104.944,78.944
clip_009,minn,26.0,104.944,78.944
clip_009,tixx,26.0,104.944,78.944
clip_009,tużagħha,26.0,104.944,78.944
clip_009,għax,26.0,104.944,78.944
clip_009,ma,26.0,104.944,78.944
clip_009,għalek,32.0,121.552,89.552
clip_009,il-ħadd,32.0,121.552,89.552
clip_009,iżda,32.0,121.552,89.552
clip_009,kien,32.0,121.552,89.552
clip_009,tard,32.0,121.552,89.552
clip_009,wisq,32.0,121.552,89.552
clip_009,tant,32.0,121.552,89.552
clip_009,qiegħed,32.0,121.552,89.552
clip_009,fil-qrib,32.0,121.552,89.552
clip_009,li,32.0,121.552,89.552
clip_009,jgħatti,32.0,121.552,89.552
clip_009,lil,34.0,139.153,105.153
clip_009,robert,34.0,139.153,105.153
clip_009,u,34.0,139.153,105.153
clip_009,kevin,34.0,139.153,105.153
clip_009,ukollu,34.0,139.153,105.153
clip_009,jċaqlaq,34.0,139.153,105.153
clip_009,rasu,34.0,139.153,105.153
clip_009,u,34.0,139.153,105.153
clip_009,jgħolli,34.0,139.153,105.153
clip_009,jonqu,34.0,139.153,105.153
clip_009,għax,34.0,139.153,105.153
clip_009,kull,34.0,139.153,105.153
clip_009,metjar,34.0,139.153,105.153
clip_009,għan-nokli,34.0,139.153,105.153
clip_009,sofor,34.0,139.153,105.153
clip_009,ta',34.0,139.153,105.153
clip_009,robert,34.0,139.153,105.153
clip_009,hi,36.0,174.161,138.161
clip_009,xagħru,36.0,174.161,138.161
clip_009,kagħża,36.0,174.161,138.161
clip_009,li,38.0,175.408,137.408
clip_009,nemmnu,38.0,175.408,137.408
clip_009,f',38.0,175.408,137.408
clip_009,dak,38.0,175.408,137.408
clip_009,li,38.0,175.408,137.408
clip_009,rridu,38.0,175.408,137.408
clip_009,fejn,40.0,179.186,139.186
clip_009,hi,40.0,179.186,139.186
clip_009,mark,40.0,179.186,139.186
clip_009,del,40.0,179.186,139.186
clip_009,żġorning,44.0,182.789,138.789
clip_009,di,44.0,182.789,138.789
clip_009,protestors,44.0,182.789,138.789
clip_009,sitta,44.0,182.789,138.789
clip_009,u,44.0,182.789,138.789
clip_009,ħamsin,44.0,182.789,138.789
clip_009,kif,44.0,182.789,138.789
clip_009,jien,44.0,182.789,138.789
clip_009,għax,46.0,185.491,139.491
clip_009,qalli,46.0,185.491,139.491
clip_009,li,46.0,185.491,139.491
clip_009,jekk,46.0,185.491,139.491
clip_009,nieħu,46.0,185.491,139.491
clip_009,sehem,46.0,185.491,139.491
clip_009,f',46.0,185.491,139.491
clip_009,xi,46.0,185.491,139.491
clip_009,tellieqa,48.0,196.395,148.395
clip_009,u,48.0,196.395,148.395
clip_009,nispiċċaw,48.0,196.395,148.395
clip_009,fowtowfinix,47.229,196.395,149.166
clip_009,f',47.229,196.395,149.166
clip_010,inqabad,4.0,14.996,10.996
clip_010,fuq,4.0,14.996,10.996
clip_010,l-arju,4.0,14.996,10.996
clip_010,ta',8.0,19.342,11.342
clip_010,ħalluqa,8.0,19.342,11.342
clip_010,xħimdew,12.0,23.936,11.936
clip_010,niżlin,12.0,23.936,11.936
clip_010,il-bombi,12.0,23.936,11.936
clip_010,eħe,12.0,23.936,11.936
clip_010,iva,12.0,23.936,11.936
clip_010,l-eżamijiet,12.0,23.936,11.936
clip_010,kompla,12.0,23.936,11.936
clip_010,missieru,12.0,23.936,11.936
clip_010,ħallih,12.0,23.936,11.936
clip_010,imur,12.0,23.936,11.936
clip_010,għal,12.0,23.936,11.936
clip_010,boxx,18.0,76.897,58.897
clip_010,l-għaxjaten,18.0,76.897,58.897
clip_010,imma,18.0,76.897,58.897
clip_010,ommu,18.0,76.897,58.897
clip_010,ma,18.0,76.897,58.897
clip_010,kinitx,18.0,76.897,58.897
clip_010,hemm,18.0,76.897,58.897
clip_010,kienet,18.0,76.897,58.897
clip_010,semgħet,18.0,76.897,58.897
clip_010,kemm,18.0,76.897,58.897
clip_010,il-xniegħa,18.0,76.897,58.897
clip_010,min-nies,20.0,79.329,59.329
clip_010,tat-triq,20.0,79.329,59.329
clip_010,dwar,20.0,79.329,59.329
clip_010,it,20.0,79.329,59.329
clip_010,-taqtija,22.0,83.159,61.159
clip_010,fuq,22.0,83.159,61.159
clip_010,il-baħar,22.0,83.159,61.159
clip_010,qrib,22.0,83.159,61.159
clip_010,malta,24.0,103.165,79.165
clip_010,iktar,24.0,103.165,79.165
clip_010,għajnejn,24.0,103.165,79.165
clip_010,jitkażgħu,26.0,106.032,80.032
clip_010,u,26.0,106.032,80.032
clip_010,joqtlu,26.0,106.032,80.032
clip_010,bil-ħars,26.0,106.032,80.032
clip_010,iżda,28.0,117.147,89.147
clip_010,pietru,28.0,117.147,89.147
clip_010,jserra',30.0,138.829,108.829
clip_010,mali-iserra,30.0,138.829,108.829
clip_010,l-injama,30.0,138.829,108.829
clip_010,bil-wiċċ,32.0,153.232,121.232
clip_010,tal,32.0,153.232,121.232
clip_010,-bankett,36.0,172.414,136.414
clip_010,b',40.0,194.553,154.553
clip_010,kollox,40.0,194.553,154.553
clip_010,ma,40.0,194.553,154.553
clip_010,jirnexxilux,40.0,194.553,154.553
clip_010,jagħfashom,40.0,194.553,154.553
clip_010,eżgħat,40.0,194.553,154.553
clip_010,f',40.0,194.553,154.553
clip_010,daqqa,40.0,194.553,154.553
clip_010,imma,40.0,194.553,154.553
clip_010,xorta,40.0,194.553,154.553
clip_010,waħda,40.0,194.553,154.553
clip_010,għax,40.0,194.553,154.553
clip_010,it-tejb,40.0,194.553,154.553
clip_010,jibda,40.0,194.553,154.553
clip_010,jdur,40.0,194.553,154.553
clip_010,kollox,40.0,194.553,154.553
clip_010,għarrimies,38.792,194.553,155.762
clip_010,issa,38.792,194.553,155.762
clip_010,oħħ,38.792,194.553,155.762
clip_010,ağħi,38.792,194.553,155.762
clip_010,licit,38.792,194.553,155.762
clip_010,qagħadu,38.792,194.553,155.762
clip_010,ta',38.792,194.553,155.762
clip_010,taħt,38.792,194.553,155.762
clip_010,minx,38.792,194.553,155.762
clip_010,ir-ħas-t,38.792,194.553,155.762
clip_010,xiqa',38.792,194.553,155.762
clip_010,ta',38.792,194.553,155.762
clip_010,ta',38.792,194.553,155.762
clip_010,ta',38.792,194.553,155.762
clip_010,taħt,38.792,194.553,155.762
clip_010,minx,38.792,194.553,155.762
clip_010,basaqt,38.792,194.553,155.762
clip_010,ta',38.792,194.553,155.762
clip_010,taħt,38.792,194.553,155.762
clip_010,minx,38.792,194.553,155.762
clip_010,xill-t,38.792,194.553,155.762
clip_011,fejn,4.0,3.332,0.0
clip_011,il-bieb,4.0,3.332,0.0
clip_011,tal-ħadid,4.0,3.332,0.0
clip_011,il-bieb,4.0,3.332,0.0
clip_011,l-isfar,6.0,5.045,0.0
clip_011,minn,6.0,5.045,0.0
clip_011,fejn,6.0,5.045,0.0
clip_011,toħroġ,6.0,5.045,0.0
clip_011,joe,6.0,5.045,0.0
clip_011,il-ħendimen,8.0,13.786,5.786
clip_011,fil-barmil,8.0,13.786,5.786
clip_011,f',8.0,13.786,5.786
clip_011,idu,8.0,13.786,5.786
clip_011,alla,8.0,13.786,5.786
clip_011,l-imbierek,10.0,15.901,5.901
clip_011,ried,10.0,15.901,5.901
clip_011,jgħini,10.0,15.901,5.901
clip_011,it,12.0,37.015,25.015
clip_011,-tjubija,14.0,39.711,25.711
clip_011,tiegħu,14.0,39.711,25.711
clip_011,erfu,14.0,39.711,25.711
clip_011,l-imħabba,14.0,39.711,25.711
clip_011,li,14.0,39.711,25.711
clip_011,kulħadd,14.0,39.711,25.711
clip_011,kellu,14.0,39.711,25.711
clip_011,għarih,14.0,39.711,25.711
clip_011,mislulu,18.0,46.634,28.634
clip_011,mibgħda,20.0,62.601,42.601
clip_011,kbira,20.0,62.601,42.601
clip_011,fil-qalb,20.0,62.601,42.601
clip_011,ta',20.0,62.601,42.601
clip_011,gaspru,20.0,62.601,42.601
clip_011,dalas,20.0,62.601,42.601
clip_011,madan,20.0,62.601,42.601
clip_011,kollu,20.0,62.601,42.601
clip_011,gaspru,20.0,62.601,42.601
clip_011,kien,20.0,62.601,42.601
clip_011,juri,20.0,62.601,42.601
clip_011,riħu,20.0,62.601,42.601
clip_011,il,20.0,62.601,42.601
clip_011,-bieb,22.0,66.537,44.537
clip_011,ta',22.0,66.537,44.537
clip_011,wara,22.0,66.537,44.537
clip_011,kien,22.0,66.537,44.537
clip_011,imsakkar,22.0,66.537,44.537
clip_011,irrid,24.0,78.868,54.868
clip_011,noħroġ,24.0,78.868,54.868
clip_011,minn,24.0,78.868,54.868
clip_011,din,24.0,78.868,54.868
clip_011,il-gaġġa,24.0,78.868,54.868
clip_011,minn,26.0,97.516,71.516
clip_011,kejja,26.0,97.516,71.516
clip_011,li,26.0,97.516,71.516
clip_011,kont,26.0,97.516,71.516
clip_011,nitwaħħax,26.0,97.516,71.516
clip_011,minnhom,28.0,111.458,83.458
clip_011,fis-salottu,28.0,111.458,83.458
clip_011,l-kamra,28.0,111.458,83.458
clip_011,tal,28.0,111.458,83.458
clip_011,-pranzu,30.0,117.601,87.601
clip_011,kelli,30.0,117.601,87.601
clip_011,l-permes,30.0,117.601,87.601
clip_011,nidħolx,30.0,117.601,87.601
clip_011,xħin,32.0,123.664,91.664
clip_011,irrid,32.0,123.664,91.664
clip_011,telaq,32.0,123.664,91.664
clip_011,lura,32.0,123.664,91.664
clip_011,fuq,32.0,123.664,91.664
clip_011,l-imħadda,32.0,123.664,91.664
clip_011,u,34.0,125.124,91.124
clip_011,ftit,34.0,125.124,91.124
clip_011,wara,34.0,125.124,91.124
clip_011,r-remettiet,34.0,125.124,91.124
clip_011,fortunatament,36.0,127.344,91.344
clip_011,mal-art,36.0,127.344,91.344
clip_011,dakinhar,38.0,130.734,92.734
clip_011,għall-ewwel,38.0,130.734,92.734
clip_011,darba,38.0,130.734,92.734
clip_011,tlewmu,40.0,133.027,93.027
clip_011,bil-kbir,40.0,133.027,93.027
clip_011,u,40.0,133.027,93.027
clip_011,insessaqsi,42.0,135.294,93.294
clip_011,lili,42.0,135.294,93.294
clip_011,wieġbu,42.0,135.294,93.294
clip_011,bl-istess,42.0,135.294,93.294
clip_011,aċċent,44.0,138.063,94.063
clip_011,imma,44.0,138.063,94.063
clip_011,l-imbierek,48.0,168.177,120.177
clip_011,ma,48.0,168.177,120.177
clip_011,jħallass,48.0,168.177,120.177
clip_011,nhar,48.0,168.177,120.177
clip_011,ta',48.0,168.177,120.177
clip_011,sibt,48.0,168.177,120.177
clip_011,gaspru,48.0,168.177,120.177
clip_011,dalas,48.0,168.177,120.177
clip_011,l-ispjun,48.0,168.177,120.177
clip_011,tal-ħakem,48.0,168.177,120.177
clip_011,u,48.0,168.177,120.177
clip_011,l-erba',48.0,168.177,120.177
clip_011,suldati,47.786,168.177,120.391
clip_011,li,47.786,168.177,120.391
clip_011,kellhom,47.786,168.177,120.391
clip_011,magħhom,47.786,168.177,120.391
clip_011,f',47.786,168.177,120.391
clip_011,tuf,47.786,168.177,120.391
clip_011,fuq,47.786,168.177,120.391
clip_011,iġ-tif,47.786,168.177,120.391
clip_011,fuq,47.786,168.177,120.391
clip_011,iġ-tif,47.786,168.177,120.391
clip_012,kif,4.0,3.036,0.0
clip_012,la,4.0,3.036,0.0
clip_012,ġanni,4.0,3.036,0.0
clip_012,kien,4.0,3.036,0.0
clip_012,qed,6.0,21.711,15.711
clip_012,jgħin,6.0,21.711,15.711
clip_012,lil,6.0,21.711,15.711
clip_012,dawk,6.0,21.711,15.711
clip_012,in-nies,6.0,21.711,15.711
clip_012,tajjeb,6.0,21.711,15.711
clip_012,li,8.0,23.45,15.45
clip_012,tibqa',8.0,23.45,15.45
clip_012,tgħinhom,8.0,23.45,15.45
clip_012,i,8.0,23.45,15.45
clip_012,issa,8.0,23.45,15.45
clip_012,kwarta,10.0,26.324,16.324
clip_012,bilqajla,10.0,26.324,16.324
clip_012,l,10.0,26.324,16.324
clip_012,-qajla,12.0,30.238,18.238
clip_012,waslu,12.0,30.238,18.238
clip_012,sal-gżira,12.0,30.238,18.238
clip_012,ċkejkna,12.0,30.238,18.238
clip_012,ta',12.0,30.238,18.238
clip_012,firfla,14.0,33.326,19.326
clip_012,u,14.0,33.326,19.326
clip_012,baqgħu,14.0,33.326,19.326
clip_012,deħlin,14.0,33.326,19.326
clip_012,fil,14.0,33.326,19.326
clip_012,-bajjas,16.0,37.628,21.628
clip_012,żgħira,16.0,37.628,21.628
clip_012,li,16.0,37.628,21.628
clip_012,kien,16.0,37.628,21.628
clip_012,hemm,16.0,37.628,21.628
clip_012,quddiemu,16.0,37.628,21.628
clip_012,għada,18.0,51.886,33.886
clip_012,deffiż,18.0,51.886,33.886
clip_012,-żewġ,20.0,56.355,36.355
clip_012,tiżwaba',20.0,56.355,36.355
clip_012,ġol-fetħa,20.0,56.355,36.355
clip_012,ta',20.0,56.355,36.355
clip_012,ħalqu,20.0,56.355,36.355
clip_012,bdejt,20.0,56.355,36.355
clip_012,narraxlu,22.0,72.859,50.859
clip_012,lsienu,22.0,72.859,50.859
clip_012,ħallejtu,24.0,85.17,61.17
clip_012,jgħid,24.0,85.17,61.17
clip_012,fuq,24.0,85.17,61.17
clip_012,kemm,24.0,85.17,61.17
clip_012,bata,24.0,85.17,61.17
clip_012,inġustizji,26.0,89.428,63.428
clip_012,politiċi,26.0,89.428,63.428
clip_012,vjolenza,26.0,89.428,63.428
clip_012,fiżika,28.0,94.983,66.983
clip_012,fuq,28.0,94.983,66.983
clip_012,kemm,28.0,94.983,66.983
clip_012,issiru,30.0,99.431,69.431
clip_012,qala,30.0,99.431,69.431
clip_012,transfers,30.0,99.431,69.431
clip_012,politiċi,30.0,99.431,69.431
clip_012,wkoll,30.0,99.431,69.431
clip_012,u,32.0,120.257,88.257
clip_012,issa,32.0,120.257,88.257
clip_012,qegħdin,32.0,120.257,88.257
clip_012,tajjeb,32.0,120.257,88.257
clip_012,m',36.0,128.568,92.568
clip_012,hemmx,36.0,128.568,92.568
clip_012,triq,36.0,128.568,92.568
clip_012,oħra,36.0,128.568,92.568
clip_012,mir-rokna,36.0,128.568,92.568
clip_012,tajnu,36.0,128.568,92.568
clip_012,ra,36.0,128.568,92.568
clip_012,lit-tielet,38.0,140.931,102.931
clip_012,wieħed,38.0,140.931,102.931
clip_012,jerġa',38.0,140.931,102.931
clip_012,jqum,38.0,140.931,102.931
clip_012,ma,38.0,140.931,102.931
clip_012,nibżax,38.0,140.931,102.931
clip_012,minnek,36.23,140.931,104.701
clip_013,erica,4.0,17.833,13.833
clip_013,ma,4.0,17.833,13.833
clip_013,kellhiex,4.0,17.833,13.833
clip_013,il-wiċċ,4.0,17.833,13.833
clip_013,titlob,6.0,34.399,28.399
clip_013,lura,6.0,34.399,28.399
clip_013,b',6.0,34.399,28.399
clip_013,jett,6.0,34.399,28.399
clip_013,il,6.0,34.399,28.399
clip_013,-kwadru,8.0,70.396,62.396
clip_013,li,8.0,70.396,62.396
clip_013,ma,8.0,70.396,62.396
clip_013,kienx,8.0,70.396,62.396
clip_013,aktar,8.0,70.396,62.396
clip_013,tagħhom,10.0,86.1,76.1
clip_013,riku,10.0,86.1,76.1
clip_013,u,12.0,88.024,76.024
clip_013,minnufih,14.0,89.842,75.842
clip_013,inguterra,14.0,89.842,75.842
clip_013,tommew,14.0,89.842,75.842
clip_013,pellegrino,16.0,125.153,109.153
clip_013,w-imperja,18.0,127.246,109.246
clip_013,li,18.0,127.246,109.246
clip_013,kienu,18.0,127.246,109.246
clip_013,kollha,18.0,127.246,109.246
clip_013,m,24.0,156.946,132.946
clip_013,de,24.0,156.946,132.946
clip_013,aħjar,24.0,156.946,132.946
clip_013,i,24.0,156.946,132.946
clip_013,mejke,24.0,156.946,132.946
clip_013,muv,24.0,156.946,132.946
clip_013,ix,24.0,156.946,132.946
clip_013,-xitwad,26.0,175.344,149.344
clip_013,tajba,26.0,175.344,149.344
clip_013,surpitirross,26.0,175.344,149.344
clip_013,u,26.0,175.344,149.344
clip_013,hekk,26.0,175.344,149.344
clip_013,kif,26.0,175.344,149.344
clip_013,l-għasfur,28.0,195.37,167.37
clip_013,dawwar,28.0,195.37,167.37
clip_013,ħarstu,28.0,195.37,167.37
clip_013,l-isfel,28.0,195.37,167.37
clip_013,jilmaħ,30.0,199.317,169.317
clip_013,lil,30.0,199.317,169.317
clip_013,mejxi,30.0,199.317,169.317
clip_013,l,30.0,199.317,169.317
clip_013,-bebbuxu,32.0,203.242,171.242
clip_013,roberto,32.0,203.242,171.242
clip_013,ma,34.0,206.181,172.181
clip_013,beda,34.0,206.181,172.181
clip_013,jħoss,34.0,206.181,172.181
clip_013,it-tisfier,34.0,206.181,172.181
clip_013,f',34.0,206.181,172.181
clip_013,widnejh,36.0,220.93,184.93
clip_013,li,36.0,220.93,184.93
clip_013,kieku,36.0,220.93,184.93
clip_013,dil-kreatura,38.0,225.971,187.971
clip_013,ta',38.0,225.971,187.971
clip_013,ħlewwa,40.0,227.971,187.971
clip_013,indeskrivibilit,42.0,230.732,188.732
clip_013,newwaħ,42.0,230.732,188.732
clip_013,f',42.0,230.732,188.732
clip_013,idejh,42.0,230.732,188.732
clip_013,setgħet,42.0,230.732,188.732
clip_013,tkun,42.0,230.732,188.732
clip_013,taf,42.0,230.732,188.732
clip_013,x',42.0,230.732,188.732
clip_013,kien,42.0,230.732,188.732
clip_013,hemm,42.0,230.732,188.732
clip_013,lest,44.0,233.304,189.304
clip_013,għalija,44.0,233.304,189.304
clip_013,ix,44.0,233.304,189.304
clip_013,-xemx,46.0,237.056,191.056
clip_013,kienet,46.0,237.056,191.056
clip_013,diġà,46.0,237.056,191.056
clip_013,waslet,46.0,237.056,191.056
clip_013,lejn,48.0,250.285,202.285
clip_013,nofsinhar,48.0,250.285,202.285
clip_013,dik,50.0,285.303,235.303
clip_013,il-ħabta,50.0,285.303,235.303
clip_013,kont,50.0,285.303,235.303
clip_013,għadni,50.0,285.303,235.303
clip_013,żagħżugħ,50.0,285.303,235.303
clip_013,ta',52.0,300.907,248.907
clip_013,tmintax,52.0,300.907,248.907
clip_013,sebgħin,54.0,322.659,268.659
clip_013,wieħed,54.0,322.659,268.659
clip_013,u,54.0,322.659,268.659
clip_013,sebgħin,56.0,357.476,301.476
clip_013,tiġi,56.0,357.476,301.476
clip_013,for,56.0,357.476,301.476
clip_013,tu,55.153,357.476,302.323
clip_013,siks,55.153,357.476,302.323
clip_013,biex,55.153,357.476,302.323
clip_013,"s하기w,",55.153,357.476,302.323
clip_013,biex,55.153,357.476,302.323
clip_013,tilgħu,55.153,357.476,302.323
clip_013,jew,55.153,357.476,302.323
clip_013,biex,55.153,357.476,302.323
clip_013,biex,55.153,357.476,302.323
clip_013,biex,55.153,357.476,302.323
clip_013,iħaffi,55.153,357.476,302.323
clip_013,ChelmewaOTaq,55.153,357.476,302.323
clip_013,biex,55.153,357.476,302.323
clip_013,biex,55.153,357.476,302.323
clip_013,biex,55.153,357.476,302.323
clip_013,biex,55.153,357.476,302.323
clip_013,il-ħifteh,55.153,357.476,302.323
clip_013,turbinx,55.153,357.476,302.323
clip_013,biex,55.153,357.476,302.323
clip_013,biex,55.153,357.476,302.323
clip_013,biex,55.153,357.476,302.323
clip_013,il-ħifteh,55.153,357.476,302.323
clip_013,tieħupiece,55.153,357.476,302.323
clip_014,inħoss,4.0,22.881,18.881
clip_014,hawn,4.0,22.881,18.881
clip_014,il-ħin,4.0,22.881,18.881
clip_014,kollu,4.0,22.881,18.881
clip_014,tħares,6.0,24.223,18.223
clip_014,lejja,6.0,24.223,18.223
clip_014,tara,8.0,37.182,29.182
clip_014,li,8.0,37.182,29.182
clip_014,nobdi,8.0,37.182,29.182
clip_014,kulordni,8.0,37.182,29.182
clip_014,li,10.0,38.81,28.81
clip_014,tatni,16.0,50.772,34.772
clip_014,li,16.0,50.772,34.772
clip_014,nimxi,16.0,50.772,34.772
clip_014,fit-tri,16.0,50.772,34.772
clip_014,it-tajba,16.0,50.772,34.772
clip_014,jew,16.0,50.772,34.772
clip_014,tiġri,16.0,50.772,34.772
clip_014,minn,16.0,50.772,34.772
clip_014,għar,18.0,57.537,39.537
clip_014,tal-oħra,18.0,57.537,39.537
clip_014,u,18.0,57.537,39.537
clip_014,terġa',18.0,57.537,39.537
clip_014,lura,18.0,57.537,39.537
clip_014,wara,18.0,57.537,39.537
clip_014,l-gwerra,18.0,57.537,39.537
clip_014,lejn,18.0,57.537,39.537
clip_014,artek,18.0,57.537,39.537
clip_014,mimli,18.0,57.537,39.537
clip_014,midalji,20.0,68.925,48.925
clip_014,u,20.0,68.925,48.925
clip_014,mimli,20.0,68.925,48.925
clip_014,ġieh,20.0,68.925,48.925
clip_014,meta,22.0,71.695,49.695
clip_014,mbagħad,22.0,71.695,49.695
clip_014,wara,22.0,71.695,49.695
clip_014,l,22.0,71.695,49.695
clip_014,-form,24.0,75.029,51.029
clip_014,fajv,24.0,75.029,51.029
clip_014,bdejt,24.0,75.029,51.029
clip_014,nattendi,24.0,75.029,51.029
clip_014,għall-arti,26.0,80.933,54.933
clip_014,biss,26.0,80.933,54.933
clip_014,flimkien,28.0,100.388,72.388
clip_014,ma',28.0,100.388,72.388
clip_014,erba',28.0,100.388,72.388
clip_014,studenti,28.0,100.388,72.388
clip_014,oħra,28.0,100.388,72.388
clip_014,is-sur,30.0,104.004,74.004
clip_014,fenek,30.0,104.004,74.004
clip_014,kliem,30.0,104.004,74.004
clip_014,silenzjuż,32.0,113.18,81.18
clip_014,li,32.0,113.18,81.18
clip_014,trid,32.0,113.18,81.18
clip_014,tifhem,32.0,113.18,81.18
clip_014,mbiex,36.0,134.844,98.844
clip_014,tisimgħu,36.0,134.844,98.844
clip_014,u,36.0,134.844,98.844
clip_014,qabel,36.0,134.844,98.844
clip_014,bagħat,36.0,134.844,98.844
clip_014,l-aħħar,36.0,134.844,98.844
clip_014,bagalja,36.0,134.844,98.844
clip_014,irfajt,38.0,136.732,98.732
clip_014,li,38.0,136.732,98.732
clip_014,ż-żgħir,38.0,136.732,98.732
clip_014,u,40.0,149.187,109.187
clip_014,għedtlu,40.0,149.187,109.187
clip_014,biex,40.0,149.187,109.187
clip_014,xi,40.0,149.187,109.187
clip_014,darba,40.0,149.187,109.187
clip_014,meta,42.0,159.217,117.217
clip_014,jikber,42.0,159.217,117.217
clip_014,imma,44.0,162.809,118.809
clip_014,kul,46.0,167.038,121.038
clip_014,meta,46.0,167.038,121.038
clip_014,ndoqq,46.0,167.038,121.038
clip_014,it-tejp,46.0,167.038,121.038
clip_014,xi,46.0,167.038,121.038
clip_014,mkien,46.0,167.038,121.038
clip_014,nismagħha,46.0,167.038,121.038
clip_014,ħadd,48.0,169.992,121.992
clip_014,ma,48.0,169.992,121.992
clip_014,jagħti,48.0,169.992,121.992
clip_014,kasi,48.0,169.992,121.992
clip_014,issib,50.0,179.742,129.742
clip_014,lil,50.0,179.742,129.742
clip_014,is-salamander,52.0,183.304,131.304
clip_014,u,54.0,186.816,132.816
clip_014,dan,54.0,186.816,132.816
clip_014,għaliex,54.0,186.816,132.816
clip_014,is-saltna,54.0,186.816,132.816
clip_014,tal,54.0,186.816,132.816
clip_014,-fiddien,56.0,190.476,134.476
clip_014,tkun,56.0,190.476,134.476
clip_014,waslet,56.0,190.476,134.476
clip_014,fit,56.0,190.476,134.476
clip_014,-tarf,58.0,194.32,136.32
clip_014,kien,58.0,194.32,136.32
clip_014,imgħadda,58.0,194.32,136.32
clip_014,b',60.0,203.876,143.876
clip_014,qalih,60.0,203.876,143.876
clip_014,innifsu,60.0,203.876,143.876
clip_014,għax,60.0,203.876,143.876
clip_014,minflok,62.0,207.762,145.762
clip_014,iċ-ċanfir,62.0,207.762,145.762
clip_014,ta',62.0,207.762,145.762
clip_014,b',66.0,223.791,157.791
clip_014,għas-sur,66.0,223.791,157.791
clip_014,borgħ,66.0,223.791,157.791
clip_014,li,66.0,223.791,157.791
clip_014,l-pitru,66.0,223.791,157.791
clip_014,kien,66.0,223.791,157.791
clip_014,qala',66.0,223.791,157.791
clip_014,rigal,66.0,223.791,157.791
clip_014,ta',66.0,223.791,157.791
clip_014,ħames,66.0,223.791,157.791
clip_014,liri,64.748,223.791,159.044
clip_014,b',64.748,223.791,159.044
clip_014,ħas-sur,64.748,223.791,159.044
clip_014,biex,64.748,223.791,159.044
clip_014,is-saltna,64.748,223.791,159.044
clip_014,tal-kien,64.748,223.791,159.044
clip_014,is-saltna,64.748,223.791,159.044
clip_014,tal-kien,64.748,223.791,159.044
clip_014,is-saltna,64.748,223.791,159.044
clip_014,tal-kien,64.748,223.791,159.044
clip_014,is,64.748,223.791,159.044
clip_014,b',64.748,223.791,159.044
clip_014,ħas-sur,64.748,223.791,159.044
clip_014,biex,64.748,223.791,159.044
clip_014,is-saltna,64.748,223.791,159.044
clip_014,tal-kien,64.748,223.791,159.044
clip_014,is,64.748,223.791,159.044
clip_015,kienet,4.0,6.75,2.75
clip_015,jitħaddel,4.0,6.75,2.75
clip_015,u,4.0,6.75,2.75
clip_015,ma,4.0,6.75,2.75
clip_015,kellux,6.0,8.667,2.667
clip_015,il-ħsieb,6.0,8.667,2.667
clip_015,li,6.0,8.667,2.667
clip_015,offri,6.0,8.667,2.667
clip_015,reżistenza,6.0,8.667,2.667
clip_015,wisq,8.0,10.453,2.453
clip_015,probabli,10.0,12.346,2.346
clip_015,kellhom,10.0,12.346,2.346
clip_015,dil-kop,10.0,12.346,2.346
clip_015,-dil,12.0,18.17,6.17
clip_015,koppja,12.0,18.17,6.17
clip_015,fl-istokk,12.0,18.17,6.17
clip_015,l-antik,12.0,18.17,6.17
clip_015,u,12.0,18.17,6.17
clip_015,ħarġuha,14.0,20.767,6.767
clip_015,fuq,14.0,20.767,6.767
clip_015,l-ixkaffa,14.0,20.767,6.767
clip_015,forsi,14.0,20.767,6.767
clip_015,timbieh,16.0,27.512,11.512
clip_015,is,16.0,27.512,11.512
clip_015,-segretarja,18.0,30.675,12.675
clip_015,kienet,18.0,30.675,12.675
clip_015,magħad,18.0,30.675,12.675
clip_015,ta',18.0,30.675,12.675
clip_015,studenti,18.0,30.675,12.675
clip_015,li,20.0,38.825,18.825
clip_015,kienu,20.0,38.825,18.825
clip_015,qilhom,20.0,38.825,18.825
clip_015,li,20.0,38.825,18.825
clip_015,bdew,20.0,38.825,18.825
clip_015,il-kors,20.0,38.825,18.825
clip_015,u,22.0,54.971,32.971
clip_015,li,22.0,54.971,32.971
clip_015,lila,22.0,54.971,32.971
clip_015,ta',22.0,54.971,32.971
clip_015,faffa,22.0,54.971,32.971
clip_015,ma',22.0,54.971,32.971
clip_015,dawk,22.0,54.971,32.971
clip_015,tal,22.0,54.971,32.971
clip_015,-bidu,24.0,63.749,39.749
clip_015,u,24.0,63.749,39.749
clip_015,ftit,24.0,63.749,39.749
clip_015,wara,24.0,63.749,39.749
clip_015,kienu,26.0,74.341,48.341
clip_015,ġew,26.0,74.341,48.341
clip_015,dawk,26.0,74.341,48.341
clip_015,it-tnejn,26.0,74.341,48.341
clip_015,u,28.0,79.14,51.14
clip_015,qaluli,28.0,79.14,51.14
clip_015,ħaww,30.0,92.514,62.514
clip_015,guf,30.0,92.514,62.514
clip_015,ok,32.0,109.167,77.167
clip_015,imma,32.0,109.167,77.167
clip_015,setgħu,32.0,109.167,77.167
clip_015,kienu,32.0,109.167,77.167
clip_015,tal-ermalta,32.0,109.167,77.167
clip_015,jien,34.0,113.498,79.498
clip_015,naf,34.0,113.498,79.498
clip_015,jew,34.0,113.498,79.498
clip_015,rojal,36.0,115.412,79.412
clip_015,er,36.0,115.412,79.412
clip_015,marok,36.0,115.412,79.412
clip_015,imbagħad,38.0,118.383,80.383
clip_015,xħin,40.0,143.817,103.817
clip_015,l-istess,40.0,143.817,103.817
clip_015,riħ,40.0,143.817,103.817
clip_015,iwarrab,40.0,143.817,103.817
clip_015,ftit,40.0,143.817,103.817
clip_015,l-istess,40.0,143.817,103.817
clip_015,paġna,39.912,143.817,103.905
clip_015,terġe',39.912,143.817,103.905
clip_015,lura,39.912,143.817,103.905
clip_015,f',39.912,143.817,103.905
clip_015,posta,39.912,143.817,103.905
clip_015,b',39.912,143.817,103.905
clip_015,aħħin,39.912,143.817,103.905
clip_015,gu,39.912,143.817,103.905
clip_015,l-istess,39.912,143.817,103.905
clip_015,biex,39.912,143.817,103.905
clip_015,biex,39.912,143.817,103.905
clip_015,biex,39.912,143.817,103.905
clip_015,il-b',39.912,143.817,103.905
clip_015,l-istess,39.912,143.817,103.905
clip_015,biex,39.912,143.817,103.905
clip_015,il-ħal,39.912,143.817,103.905
clip_015,laħal,39.912,143.817,103.905
clip_015,il-ħal,39.912,143.817,103.905
clip_015,il-ħal,39.912,143.817,103.905
clip_015,il-ħal,39.912,143.817,103.905
clip_015,il-ħal,39.912,143.817,103.905
clip_015,il-ħal,39.912,143.817,103.905
clip_015,il-ħal,39.912,143.817,103.905
clip_015,il-ħidji,39.912,143.817,103.905
clip_016,ma,4.0,2.356,0.0
clip_016,kienx,4.0,2.356,0.0
clip_016,jaf,4.0,2.356,0.0
clip_016,kemm,4.0,2.356,0.0
clip_016,kien,4.0,2.356,0.0
clip_016,ilu,4.0,2.356,0.0
clip_016,ġon,6.0,20.248,14.248
clip_016,mażġar,6.0,20.248,14.248
clip_016,iżda,6.0,20.248,14.248
clip_016,kien,6.0,20.248,14.248
clip_016,qed,8.0,21.823,13.823
clip_016,iħoss,8.0,21.823,13.823
clip_016,li,8.0,21.823,13.823
clip_016,kien,8.0,21.823,13.823
clip_016,ilu,8.0,21.823,13.823
clip_016,ħafna,8.0,21.823,13.823
clip_016,u,12.0,56.958,44.958
clip_016,maħfra,12.0,56.958,44.958
clip_016,lil,12.0,56.958,44.958
clip_016,kulħadd,12.0,56.958,44.958
clip_016,kont,14.0,61.191,47.191
clip_016,idħakbija,14.0,61.191,47.191
clip_016,ried,16.0,90.905,74.905
clip_016,tindaħħal,16.0,90.905,74.905
clip_016,idejja,16.0,90.905,74.905
clip_016,fil,16.0,90.905,74.905
clip_016,-but,18.0,103.441,85.441
clip_016,tal-ġlekk,18.0,103.441,85.441
clip_016,tiegħu,18.0,103.441,85.441
clip_016,u,18.0,103.441,85.441
clip_016,ma,20.0,106.144,86.144
clip_016,tarax,20.0,106.144,86.144
clip_016,ajma,20.0,106.144,86.144
clip_016,hekk,22.0,108.924,86.924
clip_016,kien,22.0,108.924,86.924
clip_016,iser,22.0,108.924,86.924
clip_016,viġranet,22.0,108.924,86.924
clip_016,bla,22.0,108.924,86.924
clip_016,ma,24.0,126.094,102.094
clip_016,jiqras,24.0,126.094,102.094
clip_016,u,24.0,126.094,102.094
clip_016,jwaħħal,24.0,126.094,102.094
clip_016,i,26.0,143.929,117.929
clip_016,-jwaħħal,28.0,153.959,125.959
clip_016,iżjed,28.0,153.959,125.959
clip_016,mitqiq,28.0,153.959,125.959
clip_016,maġun,28.0,153.959,125.959
clip_016,bl-ilma,28.0,153.959,125.959
clip_016,biss,28.0,153.959,125.959
clip_016,wieħed,30.0,198.517,168.517
clip_016,u,32.0,219.909,187.909
clip_016,sebgħin,32.0,219.909,187.909
clip_016,dik,32.0,219.909,187.909
clip_016,kienet,32.0,219.909,187.909
clip_016,xi,32.0,219.909,187.909
clip_016,ħaġa,32.0,219.909,187.909
clip_016,naturali,34.0,222.732,188.732
clip_016,li,34.0,222.732,188.732
clip_016,seta',34.0,222.732,188.732
clip_016,jagħmelha,34.0,222.732,188.732
clip_016,kulħadd,34.0,222.732,188.732
clip_016,u,40.0,259.096,219.096
clip_016,tant,40.0,259.096,219.096
clip_016,kont,40.0,259.096,219.096
clip_016,mitluf,40.0,259.096,219.096
clip_016,naħseb,40.0,259.096,219.096
clip_016,u,40.0,259.096,219.096
clip_016,nipprova,40.0,259.096,219.096
clip_016,nifhim,40.0,259.096,219.096
clip_016,liċ-ċaqlieqa,40.0,259.096,219.096
clip_016,tas-surtesta,40.0,259.096,219.096
clip_016,ħas,40.0,259.096,219.096
clip_016,-ditni,42.0,263.858,221.858
clip_016,if,42.0,263.858,221.858
clip_016,you,42.0,263.858,221.858
clip_016,don't,42.0,263.858,221.858
clip_016,eat,44.0,278.118,234.118
clip_016,you'll,44.0,278.118,234.118
clip_016,be,44.0,278.118,234.118
clip_016,sick,44.0,278.118,234.118
clip_016,kienu,46.0,281.254,235.254
clip_016,ġew,48.0,300.19,252.19
clip_016,il-jum,48.0,300.19,252.19
clip_016,ta',48.0,300.19,252.19
clip_016,qabel,48.0,300.19,252.19
clip_016,bl-aħbar,48.0,300.19,252.19
clip_016,ta',48.0,300.19,252.19
clip_016,x',48.0,300.19,252.19
clip_016,kien,48.0,300.19,252.19
clip_016,għamel,48.0,300.19,252.19
clip_016,mikiel,48.0,300.19,252.19
clip_016,f',48.0,300.19,252.19
clip_016,ħal,50.0,303.877,253.877
clip_016,tar,50.0,303.877,253.877
clip_016,tagħni,50.0,303.877,253.877
clip_016,u,50.0,303.877,253.877
clip_016,f',50.0,303.877,253.877
clip_016,ħal,50.0,303.877,253.877
clip_016,tar,50.879,308.034,257.155
clip_016,xjien,50.879,308.034,257.155
clip_016,ħan,50.879,308.034,257.155
clip_016,ibda,50.879,308.034,257.155
clip_016,minnek,50.879,308.034,257.155
clip_016,biex,50.879,308.034,257.155
clip_016,il-ħas-dit,50.879,308.034,257.155
clip_016,il-ħem,50.879,308.034,257.155
clip_017,mela,4.0,45.208,41.208
clip_017,ġibu,4.0,45.208,41.208
clip_017,miegħek,4.0,45.208,41.208
clip_017,lil,4.0,45.208,41.208
clip_017,ġejmi,4.0,45.208,41.208
clip_017,jista',6.0,47.466,41.466
clip_017,jilgħab,6.0,47.466,41.466
clip_017,maż-żgħira,6.0,47.466,41.466
clip_017,ma',10.0,55.168,45.168
clip_017,imi,10.0,55.168,45.168
clip_017,meta,12.0,72.027,60.027
clip_017,sema',12.0,72.027,60.027
clip_017,dak,12.0,72.027,60.027
clip_017,l,12.0,72.027,60.027
clip_017,-għajjat,14.0,83.312,69.312
clip_017,kollu,14.0,83.312,69.312
clip_017,in-nannu,14.0,83.312,69.312
clip_017,qam,14.0,83.312,69.312
clip_017,jiġri,14.0,83.312,69.312
clip_017,bħasda,14.0,83.312,69.312
clip_017,kbira,14.0,83.312,69.312
clip_017,u,14.0,83.312,69.312
clip_017,staqsa,14.0,83.312,69.312
clip_017,lil,14.0,83.312,69.312
clip_017,veli,14.0,83.312,69.312
clip_017,x',14.0,83.312,69.312
clip_017,kien,14.0,83.312,69.312
clip_017,ġara,14.0,83.312,69.312
clip_017,forsi,16.0,91.981,75.981
clip_017,dil-konverżazzjoni,16.0,91.981,75.981
clip_017,kollha,18.0,94.461,76.461
clip_017,kienet,18.0,94.461,76.461
clip_017,reġ-reġta,18.0,94.461,76.461
clip_017,għalik,20.0,97.107,77.107
clip_017,għax,20.0,97.107,77.107
clip_017,għal,20.0,97.107,77.107
clip_017,xi,22.0,100.598,78.598
clip_017,raġuni,22.0,100.598,78.598
clip_017,li,22.0,100.598,78.598
clip_017,kont,22.0,100.598,78.598
clip_017,għadek,24.0,103.458,79.458
clip_017,ma,24.0,103.458,79.458
clip_017,stajt,24.0,103.458,79.458
clip_017,x',24.0,103.458,79.458
clip_017,tifhem,24.0,103.458,79.458
clip_017,seta',26.0,121.712,95.712
clip_017,anke,26.0,121.712,95.712
clip_017,kien,26.0,121.712,95.712
clip_017,hemm,26.0,121.712,95.712
clip_017,x',26.0,121.712,95.712
clip_017,għaddieħor,28.0,142.338,114.338
clip_017,ħasad,28.0,142.338,114.338
clip_017,il-preżenza,28.0,142.338,114.338
clip_017,ta',28.0,142.338,114.338
clip_017,tel-barrani,30.0,147.451,117.451
clip_017,fil-karozza,30.0,147.451,117.451
clip_017,iżda,30.0,147.451,117.451
clip_017,ma,30.0,147.451,117.451
clip_017,kellha,32.0,167.875,135.875
clip_017,l-ebda,32.0,167.875,135.875
clip_017,ħajra,32.0,167.875,135.875
clip_017,tkun,32.0,167.875,135.875
clip_017,taf,32.0,167.875,135.875
clip_017,rikku,34.0,213.181,179.181
clip_017,kien,34.0,213.181,179.181
clip_017,ħaseb,34.0,213.181,179.181
clip_017,għal,34.0,213.181,179.181
clip_017,dan,34.0,213.181,179.181
clip_017,daldan,36.0,217.91,181.91
clip_017,ukoll,36.0,217.91,181.91
clip_017,duluri,38.0,219.354,181.354
clip_017,ferħu,38.0,219.354,181.354
clip_017,b',38.0,219.354,181.354
clip_017,xulċejn,40.0,251.305,211.305
clip_017,u,40.0,251.305,211.305
clip_017,daħlu,40.0,251.305,211.305
clip_017,kollha,40.0,251.305,211.305
clip_017,ġewwa,40.0,251.305,211.305
clip_017,fejn,40.0,251.305,211.305
clip_017,sabu,42.0,261.358,219.358
clip_017,d-dar,42.0,261.358,219.358
clip_017,bla,42.0,261.358,219.358
clip_017,mimsusa,44.0,263.328,219.328
clip_017,għax,44.0,263.328,219.328
clip_017,il-franċiżi,44.0,263.328,219.328
clip_017,ma,44.0,263.328,219.328
clip_017,kinux,44.0,263.328,219.328
clip_017,marru,46.0,276.106,230.106
clip_017,jżuruha,46.0,276.106,230.106
clip_017,duju,44.303,276.106,231.804
clip_017,prej,44.303,276.106,231.804
clip_018,sidiek,4.0,28.303,24.303
clip_018,kbir,4.0,28.303,24.303
clip_018,wisq,4.0,28.303,24.303
clip_018,ma,4.0,28.303,24.303
clip_018,inħossni,6.0,29.433,23.433
clip_018,nifga,6.0,29.433,23.433
clip_018,meta,6.0,29.433,23.433
clip_018,jagħfas,8.0,30.625,22.625
clip_018,ma',8.0,30.625,22.625
clip_018,wiċċi,8.0,30.625,22.625
clip_018,mija,8.0,30.625,22.625
clip_018,tnejn,8.0,30.625,22.625
clip_018,u,8.0,30.625,22.625
clip_018,sittin,10.0,41.16,31.16
clip_018,imma,10.0,41.16,31.16
clip_018,s-sultan,12.0,42.864,30.864
clip_018,la,12.0,42.864,30.864
clip_018,vallħet,12.0,42.864,30.864
clip_018,ma,12.0,42.864,30.864
clip_018,kienx,12.0,42.864,30.864
clip_018,raġel,12.0,42.864,30.864
clip_018,li,12.0,42.864,30.864
clip_018,jimla,14.0,81.987,67.987
clip_018,rasu,14.0,81.987,67.987
clip_018,bid-duħħan,14.0,81.987,67.987
clip_018,tal-vitorja,14.0,81.987,67.987
clip_018,u,16.0,88.367,72.367
clip_018,jin,16.0,88.367,72.367
clip_018,sadmiru,16.0,88.367,72.367
clip_018,għalli,16.0,88.367,72.367
clip_018,ġej,16.0,88.367,72.367
clip_018,imma,18.0,90.802,72.802
clip_018,wkollha,18.0,90.802,72.802
clip_018,għax,24.0,101.137,77.137
clip_018,kienu,24.0,101.137,77.137
clip_018,ħarbtulna,24.0,101.137,77.137
clip_018,ġidna,24.0,101.137,77.137
clip_018,għax,24.0,101.137,77.137
clip_018,kienu,24.0,101.137,77.137
clip_018,ħadulna,24.0,101.137,77.137
clip_018,idrittijiet,24.0,101.137,77.137
clip_018,li,24.0,101.137,77.137
clip_018,kellna,24.0,101.137,77.137
clip_018,għax,24.0,101.137,77.137
clip_018,kienu,24.0,101.137,77.137
clip_018,ħassrulna,24.0,101.137,77.137
clip_018,drowiet,24.0,101.137,77.137
clip_018,tajba,24.0,101.137,77.137
clip_018,kollha,24.0,101.137,77.137
clip_018,mattew,26.0,104.323,78.323
clip_018,x',26.0,104.323,78.323
clip_018,iklimu,30.0,133.368,103.368
clip_018,dan,30.0,133.368,103.368
clip_018,tiegħek,30.0,133.368,103.368
clip_018,xon,30.0,133.368,103.368
clip_018,kien,30.0,133.368,103.368
clip_018,jaf,30.0,133.368,103.368
clip_018,li,30.0,133.368,103.368
clip_018,sħabu,30.0,133.368,103.368
clip_018,kienu,30.0,133.368,103.368
clip_018,qed,30.0,133.368,103.368
clip_018,jaħsbu,30.0,133.368,103.368
clip_018,dak,30.0,133.368,103.368
clip_018,li,30.0,133.368,103.368
clip_018,kien,32.0,152.807,120.807
clip_018,qed,32.0,152.807,120.807
clip_018,jaħseb,32.0,152.807,120.807
clip_018,hu,32.0,152.807,120.807
clip_018,li,32.0,152.807,120.807
clip_018,dawk,32.0,152.807,120.807
clip_018,kienu,34.0,165.487,131.487
clip_018,l-istess,34.0,165.487,131.487
clip_018,nies,34.0,165.487,131.487
clip_018,la,34.0,165.487,131.487
clip_018,qalbu,34.0,165.487,131.487
clip_018,r-razzett,34.0,165.487,131.487
clip_018,ta',34.0,165.487,131.487
clip_018,taħt,34.0,165.487,131.487
clip_018,fuqu,36.0,182.667,146.667
clip_018,meta,36.0,182.667,146.667
clip_018,narahom,38.0,191.374,153.374
clip_018,jinkeddu,38.0,191.374,153.374
clip_018,kont,38.0,191.374,153.374
clip_018,nitla',38.0,191.374,153.374
clip_018,fis-seba',38.0,191.374,153.374
clip_018,samgħa,40.0,210.819,170.819
clip_018,tomi,40.0,210.819,170.819
clip_018,niżel,40.0,210.819,170.819
clip_018,minn,40.0,210.819,170.819
clip_018,fuq,40.0,210.819,170.819
clip_018,ir,40.0,210.819,170.819
clip_018,-rota,42.0,220.736,178.736
clip_018,tiegħu,42.0,220.736,178.736
clip_018,u,42.0,220.736,178.736
clip_018,baqa',42.0,220.736,178.736
clip_018,ftit,42.0,220.736,178.736
clip_018,il-bogħod,42.0,220.736,178.736
clip_018,mis,42.0,220.736,178.736
clip_018,-siġra,44.0,239.848,195.848
clip_018,għax-xorta,44.0,239.848,195.848
clip_018,ma,44.0,239.848,195.848
clip_018,tantx,44.0,239.848,195.848
clip_018,kien,44.0,239.848,195.848
clip_018,qed,44.0,239.848,195.848
clip_018,jaf,44.0,239.848,195.848
clip_018,daw,46.0,254.776,208.776
clip_018,wara,46.0,254.776,208.776
clip_018,l-battikata,46.0,254.776,208.776
clip_018,li,46.0,254.776,208.776
clip_018,kienet,46.0,254.776,208.776
clip_018,tagħtu,46.0,254.776,208.776
clip_018,l-ewwel,48.0,264.082,216.082
clip_018,darba,48.0,264.082,216.082
clip_018,li,48.0,264.082,216.082
clip_018,nqabad,48.0,264.082,216.082
clip_018,taħtha,48.0,264.082,216.082
clip_018,xi,50.0,283.733,233.733
clip_018,drabi,50.0,283.733,233.733
clip_018,kienet,50.0,283.733,233.733
clip_018,tħoss,50.0,283.733,233.733
clip_018,qalba,50.0,283.733,233.733
clip_018,tingħafas,52.0,305.384,253.384
clip_018,lil,52.0,305.384,253.384
clip_018,maltempati,52.0,305.384,253.384
clip_018,ta',52.0,305.384,253.384
clip_018,żgħożithom,54.0,325.731,271.731
clip_018,kienu,54.0,325.731,271.731
clip_018,ġew,54.0,325.731,271.731
clip_018,ridotti,54.0,325.731,271.731
clip_018,għal,54.0,325.731,271.731
clip_018,dawk,54.0,325.731,271.731
clip_018,iż-żewġ,54.0,325.731,271.731
clip_018,bewsiet,56.0,344.247,288.247
clip_018,fuq,56.0,344.247,288.247
clip_018,truf,56.0,344.247,288.247
clip_018,subgħajha,56.0,344.247,288.247
clip_018,u,58.0,348.823,290.823
clip_018,mill-ewwel,58.0,348.823,290.823
clip_018,ġibed,60.0,378.169,318.169
clip_018,l-attenzjoni,60.0,378.169,318.169
clip_018,ta',60.0,378.169,318.169
clip_018,kulħadd,60.0,378.169,318.169
clip_018,għax,60.0,378.169,318.169
clip_018,din,60.0,378.169,318.169
clip_018,il-kelma,60.0,378.169,318.169
clip_018,kienet,59.398,378.169,318.771
clip_018,stramba,59.398,378.169,318.771
clip_018,għalihom,59.398,378.169,318.771
clip_018,brolli,59.398,378.169,318.771
clip_018,bil-ħas,59.398,378.169,318.771
clip_018,holding,59.398,378.169,318.771
clip_018,ġimd,59.398,378.169,318.771
clip_019,ċlub,4.0,29.584,25.584
clip_019,ċlub,8.0,48.76,40.76
clip_019,ċlub,14.0,82.819,68.819
clip_019,ċlub,20.0,138.935,118.935
clip_019,mill-maħbub,26.0,168.922,142.922
clip_019,tagħha,26.0,168.922,142.922
clip_019,bogħod,26.0,168.922,142.922
clip_019,minn,26.0,168.922,142.922
clip_019,pajjiża,26.0,168.922,142.922
clip_019,waqgħet,26.0,168.922,142.922
clip_019,fis-swied,26.0,168.922,142.922
clip_019,ta',26.0,168.922,142.922
clip_019,qalb,26.0,168.922,142.922
clip_019,li,26.0,168.922,142.922
clip_019,jbeżża',28.0,178.831,150.831
clip_019,baqaf,28.0,178.831,150.831
clip_019,moħħok,30.0,183.652,153.652
clip_019,dal-proxmu,30.0,183.652,153.652
clip_019,patri,32.0,202.24,170.24
clip_019,ġann,32.0,202.24,170.24
clip_019,litta,32.0,202.24,170.24
clip_019,u,32.0,202.24,170.24
clip_019,margat,32.0,202.24,170.24
clip_019,kaptas,38.0,218.898,180.898
clip_019,sant,38.0,218.898,180.898
clip_019,anġlu,38.0,218.898,180.898
clip_019,li,38.0,218.898,180.898
clip_019,kienu,38.0,218.898,180.898
clip_019,fuq,38.0,218.898,180.898
clip_019,il-bieb,38.0,218.898,180.898
clip_019,iħarsu,38.0,218.898,180.898
clip_019,lejhom,38.0,218.898,180.898
clip_019,b',38.0,218.898,180.898
clip_019,kew,38.0,218.898,180.898
clip_019,it-tlieta,38.0,218.898,180.898
clip_019,bħal,38.0,218.898,180.898
clip_019,trabi,38.0,218.898,180.898
clip_019,b',38.0,218.898,180.898
clip_019,kew,38.0,218.898,180.898
clip_019,il-ħitan,38.0,218.898,180.898
clip_019,kien,40.0,224.997,184.997
clip_019,jibki,40.0,224.997,184.997
clip_019,dallas,40.0,224.997,184.997
clip_019,kieku,40.0,224.997,184.997
clip_019,kien,40.0,224.997,184.997
clip_019,hemm,40.0,224.997,184.997
clip_019,mal-biki,42.0,227.643,185.643
clip_019,u,42.0,227.643,185.643
clip_019,l-għajjat,42.0,227.643,185.643
clip_019,tat-tifla,44.0,236.572,192.572
clip_019,in-nies,44.0,236.572,192.572
clip_019,tad-dar,44.0,236.572,192.572
clip_019,kollha,44.0,236.572,192.572
clip_019,ġrew,46.0,240.512,194.512
clip_019,għalfejn,46.0,240.512,194.512
clip_019,il-marid,46.0,240.512,194.512
clip_019,ibni,50.0,257.391,207.391
clip_019,u,50.0,257.391,207.391
clip_019,jek,52.0,262.176,210.176
clip_019,dun,52.0,262.176,210.176
clip_019,belin,52.0,262.176,210.176
clip_019,jisma',52.0,262.176,210.176
clip_019,b',52.0,262.176,210.176
clip_019,xi,52.0,262.176,210.176
clip_019,ħaġa,52.0,262.176,210.176
clip_019,ftakar,52.0,262.176,210.176
clip_019,li,52.0,262.176,210.176
clip_019,meta,52.0,262.176,210.176
clip_019,morna,52.0,262.176,210.176
clip_019,għand,52.0,262.176,210.176
clip_019,is,52.0,262.176,210.176
clip_019,-sur,52.592,270.124,217.532
clip_019,slaw,52.592,270.124,217.532
clip_019,jinkont,52.592,270.124,217.532
clip_019,għadni,52.592,270.124,217.532
clip_019,ma,52.592,270.124,217.532
clip_019,naf,52.592,270.124,217.532
clip_019,b',52.592,270.124,217.532
clip_019,xejn,52.592,270.124,217.532
clip_019,għax,52.592,270.124,217.532
clip_019,għamiltili,52.592,270.124,217.532
clip_019,kerha,52.592,270.124,217.532
clip_019,l-lejla,52.592,270.124,217.532
clip_019,b',52.592,270.124,217.532
clip_019,b',52.592,270.124,217.532
clip_020,u,4.0,15.059,11.059
clip_020,iva,4.0,15.059,11.059
clip_020,nsomma,4.0,15.059,11.059
clip_020,qal,8.0,36.388,28.388
clip_020,ma,10.0,40.087,30.087
clip_020,lhaj,10.0,40.087,30.087
clip_020,roberto,10.0,40.087,30.087
clip_020,hu,10.0,40.087,30.087
clip_020,kien,10.0,40.087,30.087
clip_020,winger,10.0,40.087,30.087
clip_020,tajjeb,10.0,40.087,30.087
clip_020,u,10.0,40.087,30.087
clip_020,allura,10.0,40.087,30.087
clip_020,l-bovis,10.0,40.087,30.087
clip_020,kien,10.0,40.087,30.087
clip_020,ħalih,10.0,40.087,30.087
clip_020,bi,10.0,40.087,30.087
clip_020,kwietu,10.0,40.087,30.087
clip_020,imma,10.0,40.087,30.087
clip_020,idet,14.0,62.544,48.544
clip_020,intom,14.0,62.544,48.544
clip_020,x',14.0,62.544,48.544
clip_020,se,14.0,62.544,48.544
clip_020,tagħmlu,14.0,62.544,48.544
clip_020,sakemm,14.0,62.544,48.544
clip_020,hemm,14.0,62.544,48.544
clip_020,il-ħajja,16.0,82.54,66.54
clip_020,hekk,16.0,82.54,66.54
clip_020,it-tama,16.0,82.54,66.54
clip_020,u,16.0,82.54,66.54
clip_020,minn,16.0,82.54,66.54
clip_020,kejjeb,18.0,85.353,67.353
clip_020,f',18.0,85.353,67.353
clip_020,kulma,18.0,85.353,67.353
clip_020,jgħidu,18.0,85.353,67.353
clip_020,ftit,18.0,85.353,67.353
clip_020,huma,18.0,85.353,67.353
clip_020,dawk,18.0,85.353,67.353
clip_020,li,18.0,85.353,67.353
clip_020,ma,20.0,88.798,68.798
clip_020,jfittxux,20.0,88.798,68.798
clip_020,ken,20.0,88.798,68.798
clip_020,waqt,20.0,88.798,68.798
clip_020,ħbid,20.0,88.798,68.798
clip_020,qawwi,20.0,88.798,68.798
clip_020,mill,20.0,88.798,68.798
clip_020,-għajru,22.0,92.351,70.351
clip_020,u,22.0,92.351,70.351
clip_020,kulħadd,22.0,92.351,70.351
clip_020,kien,22.0,92.351,70.351
clip_020,jinstenna,24.0,105.608,81.608
clip_020,l-xandru,24.0,105.608,81.608
clip_020,dieħel,24.0,105.608,81.608
clip_020,fuq,24.0,105.608,81.608
clip_020,l-idejn,24.0,105.608,81.608
clip_020,in-nannu,26.0,109.508,83.508
clip_020,tbissmilhom,28.0,113.738,85.738
clip_020,kellimhom,28.0,113.738,85.738
clip_020,bħas-soltu,28.0,113.738,85.738
clip_020,ma,28.0,113.738,85.738
clip_020,semmilhom,28.0,113.738,85.738
clip_020,xejn,28.0,113.738,85.738
clip_020,dwar,30.0,118.947,88.947
clip_020,il-pipa,30.0,118.947,88.947
clip_020,tomi,30.0,118.947,88.947
clip_020,jaqbada,32.0,124.64,92.64
clip_020,mill-polz,32.0,124.64,92.64
clip_020,u,32.0,124.64,92.64
clip_020,jgħolliha,32.0,124.64,92.64
clip_020,b',30.03,124.64,94.61
clip_020,bie-ħas-soltu,30.03,124.64,94.61
clip_021,billi,4.0,2.802,0.0
clip_021,l-familja,4.0,2.802,0.0
clip_021,ta',4.0,2.802,0.0
clip_021,tommy,4.0,2.802,0.0
clip_021,kienu,4.0,2.802,0.0
clip_021,jemnu,6.0,4.369,0.0
clip_021,li,6.0,4.369,0.0
clip_021,kienet,6.0,4.369,0.0
clip_021,il-verità,6.0,4.369,0.0
clip_021,ma,6.0,4.369,0.0
clip_021,jifissirx,8.0,18.662,10.662
clip_021,li,8.0,18.662,10.662
clip_021,kellu,8.0,18.662,10.662
clip_021,jemmen,8.0,18.662,10.662
clip_021,huwa,8.0,18.662,10.662
clip_021,wkoll,8.0,18.662,10.662
clip_021,kristjan,10.0,20.541,10.541
clip_021,tgħidli,12.0,22.565,10.565
clip_021,xejn,12.0,22.565,10.565
clip_021,kemmet,12.0,22.565,10.565
clip_021,tissolvi,14.0,25.133,11.133
clip_021,problema,14.0,25.133,11.133
clip_021,tad-din,14.0,25.133,11.133
clip_021,jgħasser,14.0,25.133,11.133
clip_021,qalet,14.0,25.133,11.133
clip_021,wendil,18.0,35.333,17.333
clip_021,il-mendi,18.0,35.333,17.333
clip_021,minn,18.0,35.333,17.333
clip_021,ġodin,18.0,35.333,17.333
clip_021,id-daħna,18.0,35.333,17.333
clip_021,fid-diena,18.0,35.333,17.333
clip_021,instema',18.0,35.333,17.333
clip_021,leħen,20.0,45.637,25.637
clip_021,jgħid,20.0,45.637,25.637
clip_021,kelma,20.0,45.637,25.637
clip_021,waħda,20.0,45.637,25.637
clip_021,jason,20.0,45.637,25.637
clip_021,imma,22.0,54.434,32.434
clip_021,ġo,22.0,54.434,32.434
clip_021,fih,22.0,54.434,32.434
clip_021,kellu,22.0,54.434,32.434
clip_021,s,24.0,60.797,36.797
clip_021,-selvaġiżmu,26.0,76.812,50.812
clip_021,ta',26.0,76.812,50.812
clip_021,merħla,26.0,76.812,50.812
clip_021,imġewħa,26.0,76.812,50.812
clip_021,ta',26.0,76.812,50.812
clip_021,buffalos,26.0,76.812,50.812
clip_021,qed,26.0,76.812,50.812
clip_021,jaqsmu,26.0,76.812,50.812
clip_021,sevena,26.0,76.812,50.812
clip_021,u,28.0,95.268,67.268
clip_021,jekkla,28.0,95.268,67.268
clip_021,waħda,28.0,95.268,67.268
clip_021,u,28.0,95.268,67.268
clip_021,lanqas,28.0,95.268,67.268
clip_021,l-oħra,30.0,110.633,80.633
clip_021,minħamba,32.0,133.452,101.452
clip_021,n-noqqas,32.0,133.452,101.452
clip_021,ta',32.0,133.452,101.452
clip_021,diċenza,32.0,133.452,101.452
clip_021,fil-bajjiet,32.0,133.452,101.452
clip_021,ta',32.0,133.452,101.452
clip_021,ta',38.0,154.989,116.989
clip_021,ħakom,38.0,154.989,116.989
clip_021,żewġ,38.0,154.989,116.989
clip_021,iqatta',38.0,154.989,116.989
clip_021,ħitu,38.0,154.989,116.989
clip_021,iħares,38.0,154.989,116.989
clip_021,lejn,38.0,154.989,116.989
clip_021,lista,40.0,170.857,130.857
clip_021,oħrajn,40.0,170.857,130.857
clip_021,toni,40.0,170.857,130.857
clip_021,bajjada,40.0,170.857,130.857
clip_021,kien,40.0,170.857,130.857
clip_021,ħiereġ,40.0,170.857,130.857
clip_021,mid-dar,40.0,170.857,130.857
clip_021,missieri,42.0,188.14,146.14
clip_021,ma,42.0,188.14,146.14
clip_021,naf,42.0,188.14,146.14
clip_021,x',42.0,188.14,146.14
clip_021,għamel,42.0,188.14,146.14
clip_021,għax,42.0,188.14,146.14
clip_021,dak,42.0,188.14,146.14
clip_021,l-affari,42.0,188.14,146.14
clip_021,jħobb,44.0,197.144,153.144
clip_021,iżommha,44.0,197.144,153.144
clip_021,mistura,44.0,197.144,153.144
clip_021,u,46.0,200.805,154.805
clip_021,kif,46.0,200.805,154.805
clip_021,għabet,46.0,200.805,154.805
clip_021,oħtu,46.0,200.805,154.805
clip_021,bħalma,46.0,200.805,154.805
clip_021,kellhom,48.0,207.88,159.88
clip_021,bosta,48.0,207.88,159.88
clip_021,mill-qraba,50.0,221.337,171.337
clip_021,u,50.0,221.337,171.337
clip_021,l-ħbieb,50.0,221.337,171.337
clip_021,ta',50.0,221.337,171.337
clip_021,farruġ,50.0,221.337,171.337
clip_021,wisq,50.0,221.337,171.337
clip_021,drabi,50.0,221.337,171.337
clip_021,saqsa,50.0,221.337,171.337
clip_021,u,52.0,231.005,179.005
clip_021,kulħadd,52.0,231.005,179.005
clip_021,kelma,52.0,231.005,179.005
clip_021,waħda,52.0,231.005,179.005
clip_021,jgħidlu,52.0,231.005,179.005
clip_021,li,51.904,231.006,179.101
clip_021,joħdu,51.904,231.006,179.101
clip_021,ħadd,51.904,231.006,179.101
clip_021,ma',51.904,231.006,179.101
clip_021,ħad,51.904,231.006,179.101
clip_021,għajr,51.904,231.006,179.101
clip_021,it-torok,51.904,231.006,179.101
clip_021,b',51.904,231.006,179.101
clip_021,b',51.904,231.006,179.101
clip_022,raqda,4.0,17.458,13.458
clip_022,twila,4.0,17.458,13.458
clip_022,re,4.0,17.458,13.458
clip_022,pankrazju,6.0,43.024,37.024
clip_022,kienu,6.0,43.024,37.024
clip_022,l,6.0,43.024,37.024
clip_022,-elf,8.0,74.122,66.122
clip_022,disa',8.0,74.122,66.122
clip_022,mija,8.0,74.122,66.122
clip_022,tlieta,8.0,74.122,66.122
clip_022,u,8.0,74.122,66.122
clip_022,sittin,8.0,74.122,66.122
clip_022,inbdilt,10.0,90.82,80.82
clip_022,ħafna,10.0,90.82,80.82
clip_022,sakemm,12.0,102.843,90.843
clip_022,ma,12.0,102.843,90.843
clip_022,tridx,12.0,102.843,90.843
clip_022,noqdu,12.0,102.843,90.843
clip_022,għandi,14.0,106.17,92.17
clip_022,it,14.0,106.17,92.17
clip_022,-tifel,16.0,126.584,110.584
clip_022,kien,16.0,126.584,110.584
clip_022,qawwi,16.0,126.584,110.584
clip_022,u,16.0,126.584,110.584
clip_022,sħih,16.0,126.584,110.584
clip_022,ferriħ,16.0,126.584,110.584
clip_022,u,18.0,129.076,111.076
clip_022,fuq,18.0,129.076,111.076
clip_022,ir-ruħu,20.0,145.581,125.581
clip_022,kif,20.0,145.581,125.581
clip_022,dejjem,20.0,145.581,125.581
clip_022,kien,20.0,145.581,125.581
clip_022,u,20.0,145.581,125.581
clip_022,ġilju,20.0,145.581,125.581
clip_022,li,20.0,145.581,125.581
clip_022,kienu,20.0,145.581,125.581
clip_022,jwasslu,20.0,145.581,125.581
clip_022,l,20.0,145.581,125.581
clip_022,-frijaj,24.0,152.02,128.02
clip_022,tagħhom,24.0,152.02,128.02
clip_022,sa,24.0,152.02,128.02
clip_022,f',24.0,152.02,128.02
clip_022,ħoġora,24.0,152.02,128.02
clip_022,ħosbiena,24.0,152.02,128.02
clip_022,għajnejha,24.0,152.02,128.02
clip_022,miksura,24.0,152.02,128.02
clip_022,pietru,26.0,155.46,129.46
clip_022,kien,26.0,155.46,129.46
clip_022,joqgħod,26.0,155.46,129.46
clip_022,jisma',28.0,159.479,131.479
clip_022,b',28.0,159.479,131.479
clip_022,attenzjoni,28.0,159.479,131.479
clip_022,kbira,28.0,159.479,131.479
clip_022,wieli,30.0,164.622,134.622
clip_022,kien,30.0,164.622,134.622
clip_022,ta',30.0,164.622,134.622
clip_022,sikwitu,30.0,164.622,134.622
clip_022,waqaf,30.0,164.622,134.622
clip_022,lin-nannu,30.0,164.622,134.622
clip_022,biex,30.0,164.622,134.622
clip_022,imerih,32.0,183.43,151.43
clip_022,fuq,32.0,183.43,151.43
clip_022,xi,32.0,183.43,151.43
clip_022,dettaljiu,32.0,183.43,151.43
clip_022,jagħmilha,34.0,200.126,166.126
clip_022,tal-għaref,34.0,200.126,166.126
clip_022,qisu,34.0,200.126,166.126
clip_022,salamun,34.0,200.126,166.126
clip_022,it,34.0,200.126,166.126
clip_022,-tieni,36.0,202.047,166.047
clip_022,l-iskrivani,36.0,202.047,166.047
clip_022,fl-uffiċċi,40.0,213.804,173.804
clip_022,ta',40.0,213.804,173.804
clip_022,missieri,40.0,213.804,173.804
clip_022,kienu,40.0,213.804,173.804
clip_022,kollha,40.0,213.804,173.804
clip_022,rġiel,40.0,213.804,173.804
clip_022,imma,40.0,213.804,173.804
clip_022,niftakar,40.0,213.804,173.804
clip_022,waħda,40.0,213.804,173.804
clip_022,ta',40.0,213.804,173.804
clip_022,tajpista,42.0,230.719,188.719
clip_022,il-qamar,42.0,230.719,188.719
clip_022,kien,44.0,234.188,190.188
clip_022,fadallu,44.0,234.188,190.188
clip_022,aktar,44.0,234.188,190.188
clip_022,minn,44.0,234.188,190.188
clip_022,siegħa,44.0,234.188,190.188
clip_022,biex,44.0,234.188,190.188
clip_022,jitla',46.0,237.546,191.546
clip_022,imma,46.0,237.546,191.546
clip_022,l-ajru,46.0,237.546,191.546
clip_022,kien,46.0,237.546,191.546
clip_022,ikħal,46.0,237.546,191.546
clip_022,daqs,48.0,253.717,205.717
clip_022,in-nir,48.0,253.717,205.717
clip_022,immorru,46.531,253.717,207.186
clip_022,biex,46.531,253.717,207.186
clip_022,il-ħar,46.531,253.717,207.186
clip_022,il-ħemm,46.531,253.717,207.186
clip_022,tal-kien,46.531,253.717,207.186
clip_022,il-kien,46.531,253.717,207.186
clip_022,il-kien,46.531,253.717,207.186
clip_022,il-ħill,46.531,253.717,207.186
clip_023,konna,4.0,19.684,15.684
clip_023,nsejħulu,4.0,19.684,15.684
clip_023,ġurdien,4.0,19.684,15.684
clip_023,u,6.0,21.308,15.308
clip_023,nieħdu,6.0,21.308,15.308
clip_023,gost,6.0,21.308,15.308
clip_023,nimbuttawh,6.0,21.308,15.308
clip_023,b',6.0,21.308,15.308
clip_023,subgħajna,8.0,23.128,15.128
clip_023,u,8.0,23.128,15.128
clip_023,narawh,8.0,23.128,15.128
clip_023,jiġri,8.0,23.128,15.128
clip_023,fuq,8.0,23.128,15.128
clip_023,wiċċ,8.0,23.128,15.128
clip_023,il,8.0,23.128,15.128
clip_023,-mejda,10.0,40.834,30.834
clip_023,u,10.0,40.834,30.834
clip_023,x',10.0,40.834,30.834
clip_023,nista',10.0,40.834,30.834
clip_023,nagħmel,12.0,43.14,31.14
clip_023,jiena,12.0,43.14,31.14
clip_023,jinnotah,12.0,43.14,31.14
clip_023,illum,14.0,45.821,31.821
clip_023,u,14.0,45.821,31.821
clip_023,jinnotah,14.0,45.821,31.821
clip_023,għada,14.0,45.821,31.821
clip_023,ġonitin,16.0,53.378,37.378
clip_023,skopra,16.0,53.378,37.378
clip_023,li,16.0,53.378,37.378
clip_023,ġanni,16.0,53.378,37.378
clip_023,ma,16.0,53.378,37.378
clip_023,kienx,16.0,53.378,37.378
clip_023,qed,16.0,53.378,37.378
clip_023,juża,16.0,53.378,37.378
clip_023,t-tojlit,15.254,53.378,38.125
clip_023,ta',15.254,53.378,38.125
clip_023,barra,15.254,53.378,38.125
clip_023,b',15.254,53.378,38.125
clip_024,interrogajta,4.0,5.569,1.569
clip_024,l-ewwen,6.0,7.067,1.067
clip_024,nett,6.0,7.067,1.067
clip_024,għax,6.0,7.067,1.067
clip_024,iħud,6.0,7.067,1.067
clip_024,minnhom,6.0,7.067,1.067
clip_024,aħjar,8.0,8.793,0.793
clip_024,jibqgħu,8.0,8.793,0.793
clip_024,ma,8.0,8.793,0.793
clip_024,jinkitbux,8.0,8.793,0.793
clip_024,għajnejh,10.0,26.509,16.509
clip_024,magħluqin,10.0,26.509,16.509
clip_024,bit-tbissima,12.0,29.264,17.264
clip_024,dajfa,12.0,29.264,17.264
clip_024,d-daqqa,16.0,42.527,26.527
clip_024,li,16.0,42.527,26.527
clip_024,ta,16.0,42.527,26.527
clip_024,kienet,16.0,42.527,26.527
clip_024,qawwija,16.0,42.527,26.527
clip_024,mid-dehra,16.0,42.527,26.527
clip_024,għax,16.0,42.527,26.527
clip_024,ħadet,16.0,42.527,26.527
clip_024,skoss,18.0,75.57,57.57
clip_024,il-quddiem,18.0,75.57,57.57
clip_024,u,18.0,75.57,57.57
clip_024,baqgħet,18.0,75.57,57.57
clip_024,nieżla,18.0,75.57,57.57
clip_024,mal-art,20.0,80.691,60.691
clip_024,tomi,20.0,80.691,60.691
clip_024,pietru,22.0,83.708,61.708
clip_024,bax-baxx-pietru,24.0,99.604,75.604
clip_024,baxxa,24.0,99.604,75.604
clip_024,rasu,24.0,99.604,75.604
clip_024,mħasseb,24.0,99.604,75.604
clip_024,u,26.0,105.125,79.125
clip_024,baqa',26.0,105.125,79.125
clip_024,sieket,26.0,105.125,79.125
clip_024,għal,26.0,105.125,79.125
clip_024,ftit,26.0,105.125,79.125
clip_024,kollha,30.0,136.297,106.297
clip_024,ħassu,30.0,136.297,106.297
clip_024,jisti,32.0,155.825,123.825
clip_024,jitkellem,32.0,155.825,123.825
clip_024,quddiemu,32.0,155.825,123.825
clip_024,tkellmu,32.0,155.825,123.825
clip_024,ftit,32.0,155.825,123.825
clip_024,iħarsilha,34.0,165.985,131.985
clip_024,f',34.0,165.985,131.985
clip_024,għajnejha,34.0,165.985,131.985
clip_024,u,34.0,165.985,131.985
clip_024,jarrafha,36.0,168.355,132.355
clip_024,dik,36.0,168.355,132.355
clip_024,it-tbissima,36.0,168.355,132.355
clip_024,li,36.0,168.355,132.355
clip_024,dejjem,36.0,168.355,132.355
clip_024,iġġegħlu,38.0,170.321,132.321
clip_024,jisti,38.0,170.321,132.321
clip_024,għax,38.0,170.321,132.321
clip_024,qisha,38.0,170.321,132.321
clip_024,tkellmu,40.0,185.701,145.701
clip_024,u,40.0,185.701,145.701
clip_024,tgħidlu,40.0,185.701,145.701
clip_024,affarijiet,40.0,185.701,145.701
clip_024,li,40.0,185.701,145.701
clip_024,huma,40.0,185.701,145.701
clip_024,għalih,42.0,203.257,161.257
clip_024,u,42.0,203.257,161.257
clip_024,naqqas,42.0,203.257,161.257
clip_024,il-logħob,41.131,203.257,162.126
clip_024,magħuhqa',41.131,203.257,162.126
clip_024,iġġegħu,41.131,203.257,162.126
clip_024,qa',41.131,203.257,162.126
clip_024,iġġegġ,41.131,203.257,162.126
clip_025,jattendi,4.0,2.572,0.0
clip_025,regolarment,4.0,2.572,0.0
clip_025,għall,4.0,2.572,0.0
clip_025,-aqqat,6.0,4.07,0.0
clip_025,eċċetra,6.0,4.07,0.0
clip_025,kien,6.0,4.07,0.0
clip_025,jingħata,8.0,5.716,0.0
clip_025,numri,8.0,5.716,0.0
clip_025,numru,8.0,5.716,0.0
clip_025,ta',8.0,5.716,0.0
clip_025,punti,8.0,5.716,0.0
clip_025,bħala,10.0,7.911,0.0
clip_025,rigal,10.0,7.911,0.0
clip_025,il,10.0,7.911,0.0
clip_025,tagħhom,14.0,29.323,15.323
clip_025,kien,14.0,29.323,15.323
clip_025,li,14.0,29.323,15.323
clip_025,din,14.0,29.323,15.323
clip_025,l-aqda,14.0,29.323,15.323
clip_025,tiġbor,14.0,29.323,15.323
clip_025,flimkien,14.0,29.323,15.323
clip_025,il-maltin,14.0,29.323,15.323
clip_025,kollha,14.0,29.323,15.323
clip_025,inferxin,16.0,38.8,22.8
clip_025,mad-dinja,16.0,38.8,22.8
clip_025,biex,16.0,38.8,22.8
clip_025,tħeġġeġ,18.0,41.357,23.357
clip_025,fihom,18.0,41.357,23.357
clip_025,l-imħabba,18.0,41.357,23.357
clip_025,lejn,18.0,41.357,23.357
clip_025,il-siena,20.0,44.383,24.383
clip_025,ta',20.0,44.383,24.383
clip_025,kull,20.0,44.383,24.383
clip_025,filgħodu,22.0,47.141,25.141
clip_025,kont,22.0,47.141,25.141
clip_025,ta',22.0,47.141,25.141
clip_025,rah,22.0,47.141,25.141
clip_025,ibbakkar,22.0,47.141,25.141
clip_025,u,22.0,47.141,25.141
clip_025,jerħilha,24.0,50.147,26.147
clip_025,lejn,24.0,50.147,26.147
clip_025,il,24.0,50.147,26.147
clip_025,-bara,26.0,81.072,55.072
clip_025,mir-raħal,26.0,81.072,55.072
clip_025,bis-senter,26.0,81.072,55.072
clip_025,fuq,26.0,81.072,55.072
clip_025,spaltu,26.0,81.072,55.072
clip_025,u,28.0,92.009,64.009
clip_025,l-barżakka,28.0,92.009,64.009
clip_025,mdendla,28.0,92.009,64.009
clip_025,ma',28.0,92.009,64.009
clip_025,qaddu,28.0,92.009,64.009
clip_025,il-bieb,30.0,122.153,92.153
clip_025,imsakkar,30.0,122.153,92.153
clip_025,u,32.0,138.95,106.95
clip_025,ma,32.0,138.95,106.95
clip_025,nistax,32.0,138.95,106.95
clip_025,nidħol,32.0,138.95,106.95
clip_025,kont,34.0,157.809,123.809
clip_025,nintefa',34.0,157.809,123.809
clip_025,f',34.0,157.809,123.809
clip_025,dal,34.0,157.809,123.809
clip_025,-ġnien,36.0,174.901,138.901
clip_025,abbandunat,36.0,174.901,138.901
clip_025,fejn,36.0,174.901,138.901
clip_025,kien,36.0,174.901,138.901
clip_025,hemm,36.0,174.901,138.901
clip_025,ħaf,36.0,174.901,138.901
clip_025,naqtates,38.0,195.702,157.702
clip_025,u,38.0,195.702,157.702
clip_025,kont,38.0,195.702,157.702
clip_025,noqgħod,38.0,195.702,157.702
clip_025,nippritħor,40.0,215.009,175.009
clip_025,nippritikalhom,44.0,252.924,208.924
clip_025,dwar,44.0,252.924,208.924
clip_025,dan,44.0,252.924,208.924
clip_025,kollu,44.0,252.924,208.924
clip_025,tommy,44.0,252.924,208.924
clip_025,ma,44.0,252.924,208.924
clip_025,kien,44.0,252.924,208.924
clip_025,jaf,44.0,252.924,208.924
clip_025,xejn,44.0,252.924,208.924
clip_025,i'm,46.0,254.398,208.398
clip_025,back,46.0,254.398,208.398
clip_025,ħaj,46.0,254.398,208.398
clip_025,rumani,48.0,256.637,208.637
clip_025,antema,50.0,259.421,209.421
clip_025,kienu,50.0,259.421,209.421
clip_025,jmorru,50.0,259.421,209.421
clip_025,klijenti,50.0,259.421,209.421
clip_025,differenti,50.0,259.421,209.421
clip_025,taqsamhom,52.0,261.801,209.801
clip_025,fi,52.0,261.801,209.801
clip_025,ġranet,50.84,261.801,210.961
clip_025,skont,50.84,261.801,210.961
clip_025,tiphom,50.84,261.801,210.961
clip_026,kont,4.0,2.332,0.0
clip_026,hu,4.0,2.332,0.0
clip_026,hemm,4.0,2.332,0.0
clip_026,rajtu,4.0,2.332,0.0
clip_026,il,4.0,2.332,0.0
clip_026,-mejjed,6.0,7.001,1.001
clip_026,ġowżefin,14.0,58.769,44.769
clip_026,intgħasbet,14.0,58.769,44.769
clip_026,f',14.0,58.769,44.769
clip_026,kantu,14.0,58.769,44.769
clip_026,niera,14.0,58.769,44.769
clip_026,tis-sindika,14.0,58.769,44.769
clip_026,is-sitwazzjoni,14.0,58.769,44.769
clip_026,waqt,14.0,58.769,44.769
clip_026,li,16.0,62.096,46.096
clip_026,ma,16.0,62.096,46.096
clip_026,nġon,16.0,62.096,46.096
clip_026,fetaħ,16.0,62.096,46.096
clip_026,il-fajl,16.0,62.096,46.096
clip_026,li,16.0,62.096,46.096
clip_026,kellu,16.0,62.096,46.096
clip_026,f',16.0,62.096,46.096
clip_026,idu,16.0,62.096,46.096
clip_026,u,16.0,62.096,46.096
clip_026,friska,16.0,62.096,46.096
clip_026,li,16.0,62.096,46.096
clip_026,x-xemx,16.0,62.096,46.096
clip_026,mal-aħqitx,18.0,65.989,47.989
clip_026,saħnet,18.0,65.989,47.989
clip_026,anke,18.0,65.989,47.989
clip_026,meta,18.0,65.989,47.989
clip_026,ħarġet,18.0,65.989,47.989
clip_026,miwara,18.0,65.989,47.989
clip_026,sħab,18.0,65.989,47.989
clip_026,u,20.0,72.117,52.117
clip_026,l-ilma,20.0,72.117,52.117
clip_026,beda,20.0,72.117,52.117
clip_026,jiddi,20.0,72.117,52.117
clip_026,lewn,22.0,77.711,55.711
clip_026,il-għasel,22.0,77.711,55.711
clip_026,kull,24.0,81.621,57.621
clip_026,minn,24.0,81.621,57.621
clip_026,kif,24.0,81.621,57.621
clip_026,fuq,24.0,81.621,57.621
clip_026,il-vapur,24.0,81.621,57.621
clip_026,resaq,24.0,81.621,57.621
clip_026,jiffolla,26.0,85.136,59.136
clip_026,lejn,26.0,85.136,59.136
clip_026,il-bibien,26.0,85.136,59.136
clip_026,daħħlulna,30.0,97.415,67.415
clip_026,f',30.0,97.415,67.415
clip_026,is-sala,30.0,97.415,67.415
clip_026,fejn,30.0,97.415,67.415
clip_026,jilqgħu,30.0,97.415,67.415
clip_026,n-nies,30.0,97.415,67.415
clip_026,u,30.0,97.415,67.415
clip_026,lew,32.0,104.485,72.485
clip_026,il-ħaġa,32.0,104.485,72.485
clip_026,li,32.0,104.485,72.485
clip_026,wrewna,32.0,104.485,72.485
clip_026,kienu,32.0,104.485,72.485
clip_026,l-vetnies,32.0,104.485,72.485
clip_026,mini,42.0,117.245,75.245
clip_026,mimlija,42.0,117.245,75.245
clip_026,b',42.0,117.245,75.245
clip_026,ċejjeġ,42.0,117.245,75.245
clip_026,tal-gwerra,42.0,117.245,75.245
clip_026,kif,42.0,117.245,75.245
clip_026,dejjem,42.0,117.245,75.245
clip_026,tagħmel,42.0,117.245,75.245
clip_026,meta,42.0,117.245,75.245
clip_026,jkunu,42.0,117.245,75.245
clip_026,bilqiegħda,42.0,117.245,75.245
clip_026,hawn,44.0,120.143,76.143
clip_026,flimkien,44.0,120.143,76.143
clip_026,jew,44.0,120.143,76.143
clip_026,kull,44.0,120.143,76.143
clip_026,meta,44.0,120.143,76.143
clip_026,jkunu,44.0,120.143,76.143
clip_026,fis-sodda,44.0,120.143,76.143
clip_026,u,44.0,120.143,76.143
clip_026,rieqed,44.0,120.143,76.143
clip_026,hi,44.0,120.143,76.143
clip_026,ma,44.0,120.143,76.143
clip_026,tistax,44.0,120.143,76.143
clip_026,is-sibkwiet,44.0,120.143,76.143
clip_026,minħabal,46.0,122.788,76.788
clip_026,in-inħir,46.0,122.788,76.788
clip_026,tiegħu,46.0,122.788,76.788
clip_026,raw,48.0,127.397,79.397
clip_026,folla,48.0,127.397,79.397
clip_026,immarkati,48.0,127.397,79.397
clip_026,igranfati,48.0,127.397,79.397
clip_026,f',48.0,127.397,79.397
clip_026,xurxin,50.0,131.101,81.101
clip_026,b',50.0,131.101,81.101
clip_026,xi,50.0,131.101,81.101
clip_026,riġ,50.0,131.101,81.101
clip_026,tal-barbaġan,50.0,131.101,81.101
clip_026,itir,50.0,131.101,81.101
clip_026,madwarhom,52.0,147.598,95.598
clip_026,ma,52.0,147.598,95.598
clip_026,kellux,52.0,147.598,95.598
clip_026,wisq,54.0,162.825,108.825
clip_026,ma,54.0,162.825,108.825
clip_026,kellux,54.0,162.825,108.825
clip_026,wisq,54.0,162.825,108.825
clip_026,x',54.0,162.825,108.825
clip_026,jagħmel,54.0,162.825,108.825
clip_026,ħlief,56.0,180.017,124.017
clip_026,meta,56.0,180.017,124.017
clip_026,kienu,58.0,184.193,126.193
clip_026,jiġu,58.0,184.193,126.193
clip_026,xi,58.0,184.193,126.193
clip_026,nies,58.0,184.193,126.193
clip_026,interessati,58.0,184.193,126.193
clip_026,biex,60.0,203.388,143.388
clip_026,jistru,60.0,203.388,143.388
clip_026,l-post,60.0,203.388,143.388
clip_026,kamra,62.0,225.623,163.623
clip_026,hija,62.0,225.623,163.623
clip_026,għadhom,62.0,225.623,163.623
clip_026,din,64.0,226.948,162.948
clip_026,li,64.0,226.948,162.948
clip_026,tieħdok,64.0,226.948,162.948
clip_026,minn,64.0,226.948,162.948
clip_026,isfel,64.0,226.948,162.948
clip_026,għal,64.0,226.948,162.948
clip_026,fuq,64.0,226.948,162.948
clip_026,u,66.0,235.269,169.269
clip_026,bil-kontra,66.0,235.269,169.269
clip_026,fi,66.0,235.269,169.269
clip_026,ftit,66.0,235.269,169.269
clip_026,ħin,66.0,235.269,169.269
clip_026,ma,68.0,260.327,192.327
clip_026,lagħmlux,68.0,260.327,192.327
clip_026,mod,68.0,260.327,192.327
clip_026,fff,66.257,260.327,194.07
clip_026,f',66.257,260.327,194.07
clip_026,f',66.257,260.327,194.07
clip_026,f',66.257,260.327,194.07
clip_026,f',66.257,260.327,194.07
clip_026,f',66.257,260.327,194.07
clip_026,f',66.257,260.327,194.07
clip_026,f',66.257,260.327,194.07
clip_026,f',66.257,260.327,194.07
clip_026,f',66.257,260.327,194.07
clip_026,f',66.257,260.327,194.07
clip_026,f',66.257,260.327,194.07
clip_026,f',66.257,260.327,194.07
clip_026,f',66.257,260.327,194.07
clip_026,f',66.257,260.327,194.07
clip_026,f',66.257,260.327,194.07
clip_026,f',66.257,260.327,194.07
clip_026,f',66.257,260.327,194.07
clip_026,f',66.257,260.327,194.07
clip_026,f',66.257,260.327,194.07
clip_026,f',66.257,260.327,194.07
clip_026,f',66.257,260.327,194.07
clip_026,f',66.257,260.327,194.07
clip_026,f',66.257,260.327,194.07
clip_026,f',66.257,260.327,194.07
clip_026,f',66.257,260.327,194.07
clip_026,f',66.257,260.327,194.07
clip_026,f',66.257,260.327,194.07
clip_026,f',66.257,260.327,194.07
clip_026,f',66.257,260.327,194.07
clip_026,f',66.257,260.327,194.07
clip_026,f',66.257,260.327,194.07
clip_026,f',66.257,260.327,194.07
clip_026,f',66.257,260.327,194.07
clip_026,f',66.257,260.327,194.07
clip_026,f',66.257,260.327,194.07
clip_026,f',66.257,260.327,194.07
clip_026,f',66.257,260.327,194.07
clip_026,f',66.257,260.327,194.07
clip_026,f',66.257,260.327,194.07
clip_026,f',66.257,260.327,194.07
clip_026,f',66.257,260.327,194.07
clip_026,f',66.257,260.327,194.07
clip_026,f',66.257,260.327,194.07
clip_026,f',66.257,260.327,194.07
clip_026,f',66.257,260.327,194.07
clip_026,f',66.257,260.327,194.07
clip_026,f',66.257,260.327,194.07
clip_026,f',66.257,260.327,194.07
clip_026,f',66.257,260.327,194.07
clip_026,f',66.257,260.327,194.07
clip_026,f',66.257,260.327,194.07
clip_026,f',66.257,260.327,194.07
clip_026,f',66.257,260.327,194.07
clip_026,f',66.257,260.327,194.07
clip_026,f',66.257,260.327,194.07
clip_026,f',66.257,260.327,194.07
clip_026,f',66.257,260.327,194.07
clip_026,f',66.257,260.327,194.07
clip_026,f',66.257,260.327,194.07
clip_026,f',66.257,260.327,194.07
clip_026,f',66.257,260.327,194.07
clip_026,f',66.257,260.327,194.07
clip_026,f',66.257,260.327,194.07
clip_026,f',66.257,260.327,194.07
clip_026,f',66.257,260.327,194.07
clip_026,f',66.257,260.327,194.07
clip_026,f',66.257,260.327,194.07
clip_026,f',66.257,260.327,194.07
clip_026,f',66.257,260.327,194.07
clip_026,f',66.257,260.327,194.07
clip_026,f',66.257,260.327,194.07
clip_026,f',66.257,260.327,194.07
clip_026,f',66.257,260.327,194.07
clip_026,f',66.257,260.327,194.07
clip_026,f',66.257,260.327,194.07
clip_026,f',66.257,260.327,194.07
clip_026,f',66.257,260.327,194.07
clip_026,f',66.257,260.327,194.07
clip_026,f',66.257,260.327,194.07
clip_026,f',66.257,260.327,194.07
clip_026,f',66.257,260.327,194.07
clip_026,f',66.257,260.327,194.07
clip_026,f',66.257,260.327,194.07
clip_026,f',66.257,260.327,194.07
clip_026,f',66.257,260.327,194.07
clip_026,f',66.257,260.327,194.07
clip_026,f',66.257,260.327,194.07
clip_026,f',66.257,260.327,194.07
clip_026,f',66.257,260.327,194.07
clip_026,f',66.257,260.327,194.07
clip_026,f',66.257,260.327,194.07
clip_026,f',66.257,260.327,194.07
clip_026,f',66.257,260.327,194.07
clip_026,f',66.257,260.327,194.07
clip_026,f',66.257,260.327,194.07
clip_026,f',66.257,260.327,194.07
clip_026,f',66.257,260.327,194.07
clip_026,f',66.257,260.327,194.07
clip_026,f',66.257,260.327,194.07
clip_026,f',66.257,260.327,194.07
clip_026,f',66.257,260.327,194.07
clip_026,f',66.257,260.327,194.07
clip_026,f',66.257,260.327,194.07
clip_026,f',66.257,260.327,194.07
clip_026,f',66.257,260.327,194.07
clip_026,f',66.257,260.327,194.07
clip_026,f',66.257,260.327,194.07
clip_026,f',66.257,260.327,194.07
clip_026,f',66.257,260.327,194.07
clip_026,f',66.257,260.327,194.07
clip_026,f',66.257,260.327,194.07
clip_026,f,66.257,260.327,194.07
clip_027,tiċer,4.0,2.216,0.0
clip_027,u,4.0,2.216,0.0
clip_027,aktar,4.0,2.216,0.0
clip_027,tard,6.0,4.253,0.0
clip_027,tħalt,6.0,4.253,0.0
clip_027,il,6.0,4.253,0.0
clip_027,-kulleġġ,8.0,15.03,7.03
clip_027,tal-għalliema,8.0,15.03,7.03
clip_027,qisu,12.0,42.327,30.327
clip_027,qed,12.0,42.327,30.327
clip_027,jistaħba,12.0,42.327,30.327
clip_027,qatt,12.0,42.327,30.327
clip_027,taħt,12.0,42.327,30.327
clip_027,il-wiċċ,12.0,42.327,30.327
clip_027,sa,12.0,42.327,30.327
clip_027,geddumu,12.0,42.327,30.327
clip_027,o,12.0,42.327,30.327
clip_027,binti,14.0,61.204,47.204
clip_027,qiegħda,14.0,61.204,47.204
clip_027,thewden,16.0,64.088,48.088
clip_027,xi,16.0,64.088,48.088
clip_027,darba,16.0,64.088,48.088
clip_027,niltaqgħu,16.0,64.088,48.088
clip_027,nidu,18.0,66.457,48.457
clip_027,drink,18.0,66.457,48.457
clip_027,flimkien,18.0,66.457,48.457
clip_027,xi,18.0,66.457,48.457
clip_027,tgħid,18.0,66.457,48.457
clip_027,għal,20.0,71.985,51.985
clip_027,lippu,20.0,71.985,51.985
clip_027,is-sinjura,22.0,76.189,54.189
clip_027,manini,22.0,76.189,54.189
clip_027,sejħet,22.0,76.189,54.189
clip_027,malajr,24.0,82.678,58.678
clip_027,lit-tabib,24.0,82.678,58.678
clip_027,tagħha,24.0,82.678,58.678
clip_027,grijek,24.0,82.678,58.678
clip_027,li,26.0,100.751,74.751
clip_027,kien,26.0,100.751,74.751
clip_027,ilu,26.0,100.751,74.751
clip_027,bosta,26.0,100.751,74.751
clip_027,snin,26.0,100.751,74.751
clip_027,malta,26.0,100.751,74.751
clip_027,u,28.0,115.913,87.913
clip_027,kien,28.0,115.913,87.913
clip_027,hemm,28.0,115.913,87.913
clip_027,għal,34.0,135.477,101.477
clip_027,erfu,34.0,135.477,101.477
clip_027,fejn,34.0,135.477,101.477
clip_027,nora,34.0,135.477,101.477
clip_027,qatt,34.0,135.477,101.477
clip_027,mint,34.0,135.477,101.477
clip_027,se,34.0,135.477,101.477
clip_027,rterġa',34.0,135.477,101.477
clip_027,taħseb,34.0,135.477,101.477
clip_027,fija,34.0,135.477,101.477
clip_027,x',34.0,135.477,101.477
clip_027,ma',33.603,135.477,101.874
clip_027,kakkerija,33.603,135.477,101.874
clip_027,dik,33.603,135.477,101.874
clip_028,li,4.0,30.6,26.6
clip_028,tproduċi,4.0,30.6,26.6
clip_028,din,4.0,30.6,26.6
clip_028,l-għodda,4.0,30.6,26.6
clip_028,xi,4.0,30.6,26.6
clip_028,ħud,4.0,30.6,26.6
clip_028,mill-istampi,6.0,33.713,27.713
clip_028,jħarġu,6.0,33.713,27.713
clip_028,skuri,6.0,33.713,27.713
clip_028,żżejjed,6.0,33.713,27.713
clip_028,u,6.0,33.713,27.713
clip_028,r,8.0,42.332,34.332
clip_028,-r-beda,10.0,44.262,34.262
clip_028,jieħu,10.0,44.262,34.262
clip_028,nifsijiet,10.0,44.262,34.262
clip_028,twal,10.0,44.262,34.262
clip_028,biex,10.0,44.262,34.262
clip_028,jikkalma,10.0,44.262,34.262
clip_028,jew,12.0,68.274,56.274
clip_028,jarahom,12.0,68.274,56.274
clip_028,dejjem,14.0,86.298,72.298
clip_028,jew,14.0,86.298,72.298
clip_028,ma,14.0,86.298,72.298
clip_028,jarahom,14.0,86.298,72.298
clip_028,qatt,14.0,86.298,72.298
clip_028,let's,16.0,102.058,86.058
clip_028,have,16.0,102.058,86.058
clip_028,some,16.0,102.058,86.058
clip_028,fun,16.0,102.058,86.058
clip_028,f',18.0,105.819,87.819
clip_028,dik,18.0,105.819,87.819
clip_028,il-ħemda,18.0,105.819,87.819
clip_028,taqa',18.0,105.819,87.819
clip_028,fuq,18.0,105.819,87.819
clip_028,kollox,20.0,109.245,89.245
clip_028,fl-aħħar,20.0,109.245,89.245
clip_028,sigħat,20.0,109.245,89.245
clip_028,qabel,20.0,109.245,89.245
clip_028,jisbaħ,22.0,130.33,108.33
clip_028,moħbiter,24.0,143.529,119.529
clip_028,instema',24.0,143.529,119.529
clip_028,ċar,24.0,143.529,119.529
clip_028,u,24.0,143.529,119.529
clip_028,luċidu,24.0,143.529,119.529
clip_028,tilgħab,28.0,182.302,154.302
clip_028,bil-ħsieb,28.0,182.302,154.302
clip_028,għal,28.0,182.302,154.302
clip_028,ħin,28.0,182.302,154.302
clip_028,twil,28.0,182.302,154.302
clip_028,jiġru,30.0,187.451,157.451
clip_028,bla,30.0,187.451,157.451
clip_028,waqfien,30.0,187.451,157.451
clip_028,kienu,32.0,194.546,162.546
clip_028,tela',32.0,194.546,162.546
clip_028,u,32.0,194.546,162.546
clip_028,l-għolja,32.0,194.546,162.546
clip_028,kollha,32.0,194.546,162.546
clip_028,u,32.0,194.546,162.546
clip_028,issa,32.0,194.546,162.546
clip_028,sa,32.0,194.546,162.546
clip_028,tabu,38.0,200.979,162.979
clip_028,u,38.0,200.979,162.979
clip_028,rwieħhom,38.0,200.979,162.979
clip_028,sejrin,38.0,200.979,162.979
clip_028,lejn,38.0,200.979,162.979
clip_028,il-wardija,38.0,200.979,162.979
clip_028,jew,38.0,200.979,162.979
clip_028,forsi,38.0,200.979,162.979
clip_028,b',38.0,200.979,162.979
clip_028,xi,38.0,200.979,162.979
clip_028,mod,38.0,200.979,162.979
clip_028,irnexxielek,40.0,204.363,164.363
clip_028,tikkonvinċi,40.0,204.363,164.363
clip_028,l-iżżer,40.0,204.363,164.363
clip_028,ta',40.0,204.363,164.363
clip_028,rapa,40.0,204.363,164.363
clip_028,kompla,40.0,204.363,164.363
clip_028,l,40.0,204.363,164.363
clip_028,-fiddiel,42.0,207.5,165.5
clip_028,kellu,42.0,207.5,165.5
clip_028,xi,42.0,207.5,165.5
clip_028,jgħid,44.0,210.296,166.296
clip_028,ma',44.0,210.296,166.296
clip_028,xi,44.0,210.296,166.296
clip_028,ħadd,44.0,210.296,166.296
clip_028,u,44.0,210.296,166.296
clip_028,f',44.0,210.296,166.296
clip_028,nofs,44.0,210.296,166.296
clip_028,l-argument,44.0,210.296,166.296
clip_028,qabad,46.0,227.208,181.208
clip_028,it-triangle,46.0,227.208,181.208
clip_028,tal-biljard,46.0,227.208,181.208
clip_028,u,46.0,227.208,181.208
clip_028,sabbatha,48.0,230.366,182.366
clip_028,mal-art,48.0,230.366,182.366
clip_028,u,48.0,230.366,182.366
clip_028,ġabha,48.0,230.366,182.366
clip_028,tnejn,48.0,230.366,182.366
clip_028,alexandra,50.0,235.065,185.065
clip_028,insied,50.0,235.065,185.065
clip_028,iż,50.0,235.065,185.065
clip_028,-żibeġ,52.0,260.234,208.234
clip_028,u,52.0,260.234,208.234
clip_028,l-fjuri,52.0,260.234,208.234
clip_028,ta',52.0,260.234,208.234
clip_028,ġoxara,52.0,260.234,208.234
clip_028,u,52.0,260.234,208.234
clip_028,kienet,54.0,264.12,210.12
clip_028,tqattgħal,54.0,264.12,210.12
clip_028,ġranet,54.0,264.12,210.12
clip_028,maġenbu,54.0,264.12,210.12
clip_028,qed,54.0,264.12,210.12
clip_028,tgħidhom,52.741,264.12,211.378
clip_028,il-ġabhom,52.741,264.12,211.378
clip_028,il-ġabhom,52.741,264.12,211.378
clip_028,il-ġabha,52.741,264.12,211.378
clip_029,hemm,4.0,21.359,17.359
clip_029,xi,4.0,21.359,17.359
clip_029,ħaġa,4.0,21.359,17.359
clip_029,interessanti,4.0,21.359,17.359
clip_029,staqsietha,6.0,23.031,17.031
clip_029,eni,6.0,23.031,17.031
clip_029,waqt,6.0,23.031,17.031
clip_029,li,6.0,23.031,17.031
clip_029,bdiet,6.0,23.031,17.031
clip_029,titfgħal,8.0,36.46,28.46
clip_029,l-ożor,8.0,36.46,28.46
clip_029,il-investi,8.0,36.46,28.46
clip_029,li,8.0,36.46,28.46
clip_029,kienet,8.0,36.46,28.46
clip_029,għadha,8.0,36.46,28.46
clip_029,kif,8.0,36.46,28.46
clip_029,qedet,12.0,56.414,44.414
clip_029,minn,12.0,56.414,44.414
clip_029,fuq,12.0,56.414,44.414
clip_029,is-sodda,12.0,56.414,44.414
clip_029,għal,12.0,56.414,44.414
clip_029,ġo,12.0,56.414,44.414
clip_029,t-trolli,12.0,56.414,44.414
clip_029,tal-bjankerija,12.0,56.414,44.414
clip_029,l-ħasil,12.0,56.414,44.414
clip_029,sbatax,18.0,94.405,76.405
clip_029,it-tfal,18.0,94.405,76.405
clip_029,ta',18.0,94.405,76.405
clip_029,ġannina,18.0,94.405,76.405
clip_029,s-sajf,18.0,94.405,76.405
clip_029,il-kaptan,18.0,94.405,76.405
clip_029,tarri,22.0,115.129,93.129
clip_029,kazli,22.0,115.129,93.129
clip_029,wiġi,22.0,115.129,93.129
clip_029,silatto,22.0,115.129,93.129
clip_029,spara,22.0,115.129,93.129
clip_029,kanun,22.0,115.129,93.129
clip_029,għal,24.0,120.106,96.106
clip_029,fuq,24.0,120.106,96.106
clip_029,ġifen,24.0,120.106,96.106
clip_029,franċis,24.0,120.106,96.106
clip_029,li,24.0,120.106,96.106
clip_029,resaq,24.0,120.106,96.106
clip_029,lejn,26.0,123.727,97.727
clip_029,il-port,26.0,123.727,97.727
clip_029,iżżejjed,26.0,123.727,97.727
clip_029,estella,28.0,134.296,106.296
clip_029,ħarsit,30.0,145.061,115.061
clip_029,lejn,30.0,145.061,115.061
clip_029,ix-xitla,30.0,145.061,115.061
clip_029,li,30.0,145.061,115.061
clip_029,kellha,30.0,145.061,115.061
clip_029,fil-ġnien,30.0,145.061,115.061
clip_029,imxebilka,32.0,149.226,117.226
clip_029,mal-ħajt,32.0,149.226,117.226
clip_029,li,32.0,149.226,117.226
clip_029,jagħti,32.0,149.226,117.226
clip_029,għal,32.0,149.226,117.226
clip_029,sqaq,32.0,149.226,117.226
clip_029,l-infern,42.0,195.142,153.142
clip_029,lanqas,42.0,195.142,153.142
clip_029,idejha,48.0,251.783,203.783
clip_029,ta',48.0,251.783,203.783
clip_029,xħin,48.0,251.783,203.783
clip_029,jistasar,48.0,251.783,203.783
clip_029,issa,48.0,251.783,203.783
clip_029,intom,48.0,251.783,203.783
clip_029,kollha,48.0,251.783,203.783
clip_029,xhieda,48.0,251.783,203.783
clip_029,li,48.0,251.783,203.783
clip_029,jien,48.0,251.783,203.783
clip_029,ma,48.0,251.783,203.783
clip_029,kell,48.0,251.783,203.783
clip_029,li,48.0,251.783,203.783
clip_029,ebda,48.0,251.783,203.783
clip_029,tort,48.0,251.783,203.783
clip_029,f',48.0,251.783,203.783
clip_029,dan,48.0,251.783,203.783
clip_029,li,48.0,251.783,203.783
clip_029,ġara,48.0,251.783,203.783
clip_029,qal,48.0,251.783,203.783
clip_029,in-nies,48.0,251.783,203.783
clip_029,b',48.0,251.783,203.783
clip_029,wiċċu,48.0,251.783,203.783
clip_029,jixel,48.0,251.783,203.783
clip_029,bit-tbissima,48.0,251.783,203.783
clip_029,ta',48.0,251.783,203.783
clip_029,sodisfazzjon,48.0,251.783,203.783
clip_029,nafu,48.0,251.783,203.783
clip_029,kemm,48.0,251.783,203.783
clip_029,ġoger,48.0,251.783,203.783
clip_029,jaħraq,48.0,251.783,203.783
clip_029,kaloriji,47.742,251.784,204.042
clip_029,waqt,47.742,251.784,204.042
clip_029,il-ġirja,47.742,251.784,204.042
clip_029,tiegħu,47.742,251.784,204.042
clip_029,b',47.742,251.784,204.042
clip_029,niġun,47.742,251.784,204.042
clip_029,il-ġar,47.742,251.784,204.042
clip_029,ol-ġimgħa,47.742,251.784,204.042
clip_029,qagħad,47.742,251.784,204.042
clip_029,il-ġinħaqq,47.742,251.784,204.042
clip_029,il-ġar,47.742,251.784,204.042
clip_029,il-ġinwaqt,47.742,251.784,204.042
clip_029,il-ġenvaqt,47.742,251.784,204.042
clip_029,il-ġar,47.742,251.784,204.042
clip_029,il-ġinwaqt,47.742,251.784,204.042
clip_029,il-ħaħ,47.742,251.784,204.042
clip_030,biex,4.0,13.089,9.089
clip_030,imor,4.0,13.089,9.089
clip_030,warajhom,4.0,13.089,9.089
clip_030,iridu,6.0,34.065,28.065
clip_030,nitilgħu,6.0,34.065,28.065
clip_030,lil,6.0,34.065,28.065
clip_030,fuq,6.0,34.065,28.065
clip_030,u,6.0,34.065,28.065
clip_030,riedu,6.0,34.065,28.065
clip_030,b',6.0,34.065,28.065
clip_030,subgħajha,8.0,35.828,27.828
clip_030,limnaħa,8.0,35.828,27.828
clip_030,l-idea,10.0,41.546,31.546
clip_030,tagħna,10.0,41.546,31.546
clip_030,kienet,10.0,41.546,31.546
clip_030,ġiet,10.0,41.546,31.546
clip_030,mill-quwa,10.0,41.546,31.546
clip_030,minn,12.0,44.128,32.128
clip_030,tarf,12.0,44.128,32.128
clip_030,sieħor,12.0,44.128,32.128
clip_030,ħarġitilha,14.0,46.667,32.667
clip_030,dik,14.0,46.667,32.667
clip_030,il-karba,14.0,46.667,32.667
clip_030,tagħha,14.0,46.667,32.667
clip_030,ħarġet,16.0,51.176,35.176
clip_030,lejn,16.0,51.176,35.176
clip_030,sorra,16.0,51.176,35.176
clip_030,żgħira,16.0,51.176,35.176
clip_030,li,16.0,51.176,35.176
clip_030,kienet,16.0,51.176,35.176
clip_030,qiegħdet,18.0,54.712,36.712
clip_030,ftit,18.0,54.712,36.712
clip_030,qabel,18.0,54.712,36.712
clip_030,fuq,18.0,54.712,36.712
clip_030,ix,18.0,54.712,36.712
clip_030,-xriek,26.0,88.351,62.351
clip_030,tal-bitha,26.0,88.351,62.351
clip_030,u,26.0,88.351,62.351
clip_030,għabżilha,26.0,88.351,62.351
clip_030,dmugħ,26.0,88.351,62.351
clip_030,mingħajnejha,26.0,88.351,62.351
clip_030,sib,28.0,108.908,80.908
clip_030,truħ,28.0,108.908,80.908
clip_030,imieċja,30.0,123.681,93.681
clip_030,lejn,30.0,123.681,93.681
clip_030,ta',30.0,123.681,93.681
clip_030,ġorni,30.0,123.681,93.681
clip_030,u,30.0,123.681,93.681
clip_030,minn,30.0,123.681,93.681
clip_030,hemm,30.0,123.681,93.681
clip_030,ħad,30.0,123.681,93.681
clip_030,tin-niżla,30.0,123.681,93.681
clip_030,l-wied,30.0,123.681,93.681
clip_030,bejn,30.0,123.681,93.681
clip_030,san,30.0,123.681,93.681
clip_030,ġwannu,30.0,123.681,93.681
clip_030,smieqi,30.0,123.681,93.681
clip_030,amerikani,30.0,123.681,93.681
clip_030,bdew,30.0,123.681,93.681
clip_030,jintilfu,30.0,123.681,93.681
clip_030,sikwit,30.0,123.681,93.681
clip_030,f',30.0,123.681,93.681
clip_030,diskussjonijiet,30.0,123.681,93.681
clip_030,imqanqla,32.0,134.679,102.679
clip_030,dwar,32.0,134.679,102.679
clip_030,il-politka,32.0,134.679,102.679
clip_030,u,36.0,147.26,111.26
clip_030,filosofija,36.0,147.26,111.26
clip_030,li,36.0,147.26,111.26
clip_030,piter,36.0,147.26,111.26
clip_030,ma,36.0,147.26,111.26
clip_030,tantx,36.0,147.26,111.26
clip_030,seta',36.0,147.26,111.26
clip_030,jieħu,36.0,147.26,111.26
clip_030,ħsehem,36.0,147.26,111.26
clip_030,fihom,36.0,147.26,111.26
clip_030,jum,38.0,165.283,127.283
clip_030,jumejn,38.0,165.283,127.283
clip_030,tlieta,40.0,174.132,134.132
clip_030,qielek,40.0,174.132,134.132
clip_030,ma,40.0,174.132,134.132
clip_030,tisma',42.0,176.375,134.375
clip_030,min,46.0,181.136,135.136
clip_030,għandu,46.0,181.136,135.136
clip_030,politak-politikament,46.0,181.136,135.136
clip_030,ma,46.0,181.136,135.136
clip_030,konna,46.0,181.136,135.136
clip_030,naqblu,46.0,181.136,135.136
clip_030,xejn,46.0,181.136,135.136
clip_030,imma,46.0,181.136,135.136
clip_030,kon,48.0,184.592,136.592
clip_030,naf,48.0,184.592,136.592
clip_030,li,48.0,184.592,136.592
clip_030,kien,48.0,184.592,136.592
clip_030,ħabib,48.0,184.592,136.592
clip_030,finċier,48.0,184.592,136.592
clip_030,u,48.0,184.592,136.592
clip_030,stajt,48.0,184.592,136.592
clip_030,naf,48.0,184.592,136.592
clip_030,daf,50.0,188.862,138.862
clip_030,l-irġulija,50.0,188.862,138.862
clip_030,tiegħu,50.0,188.862,138.862
clip_030,f',50.0,188.862,138.862
clip_030,xi,50.0,188.862,138.862
clip_030,ħin,50.0,188.862,138.862
clip_030,ieħor,52.0,193.101,141.101
clip_030,raw,52.0,193.101,141.101
clip_030,l-istejjer,52.0,193.101,141.101
clip_030,ferriħin,54.0,196.929,142.929
clip_030,tar-rejjiet,54.0,196.929,142.929
clip_030,ta',54.0,196.929,142.929
clip_030,qalbhom,54.0,196.929,142.929
clip_030,tajba,54.0,196.929,142.929
clip_030,u,56.0,210.149,154.149
clip_030,nistaħhom,56.0,210.149,154.149
clip_030,bieżilgħu,58.0,214.587,156.587
clip_030,smin,58.0,214.587,156.587
clip_030,u,58.0,214.587,156.587
clip_030,hawn,58.0,214.587,156.587
clip_030,ukoll,58.0,214.587,156.587
clip_030,nixtien,60.0,233.791,173.791
clip_030,semmi,60.0,233.791,173.791
clip_030,għanedottu,60.0,233.791,173.791
clip_030,ċċejken,60.0,233.791,173.791
clip_030,biżħedid,58.295,233.791,175.495
clip_030,schrendejn,58.295,233.791,175.495
clip_030,ta',58.295,233.791,175.495
clip_030,ġrugħman,58.295,233.791,175.495
clip_030,paqatx,58.295,233.791,175.495
clip_030,loosehom,58.295,233.791,175.495
clip_030,biex,58.295,233.791,175.495
clip_030,jgħax,58.295,233.791,175.495
clip_030,għandu,58.295,233.791,175.495
clip_030,Parl,58.295,233.791,175.495
clip_031,il-jum,4.0,2.834,0.0
clip_031,tal-erba,4.0,2.834,0.0
clip_031,li,4.0,2.834,0.0
clip_031,għadda,4.0,2.834,0.0
clip_031,sitta,6.0,21.113,15.113
clip_031,u,6.0,21.113,15.113
clip_031,għoxrinta,6.0,21.113,15.113
clip_031,ġunju,6.0,21.113,15.113
clip_031,ġib,6.0,21.113,15.113
clip_031,miegħu,8.0,22.932,14.932
clip_031,nikt-niktet,10.0,25.28,15.28
clip_031,kbir,10.0,25.28,15.28
clip_031,għal,10.0,25.28,15.28
clip_031,ix,10.0,25.28,15.28
clip_031,fih,10.0,25.28,15.28
clip_031,inqerdu,10.0,25.28,15.28
clip_031,ħafna,10.0,25.28,15.28
clip_031,nies,10.0,25.28,15.28
clip_031,tax,10.0,25.28,15.28
clip_031,-xogħol,12.0,32.442,20.442
clip_031,kien,12.0,32.442,20.442
clip_031,għadni,12.0,32.442,20.442
clip_031,niflaħ,14.0,39.716,25.716
clip_031,nimxi,14.0,39.716,25.716
clip_031,dak,14.0,39.716,25.716
clip_031,iż-żmien,14.0,39.716,25.716
clip_031,l-arloġġ,16.0,42.764,26.764
clip_031,qatt,16.0,42.764,26.764
clip_031,ma,16.0,42.764,26.764
clip_031,jtreġġa',20.0,52.525,32.525
clip_031,lura,20.0,52.525,32.525
clip_031,u,20.0,52.525,32.525
clip_031,nemmet,20.0,52.525,32.525
clip_031,l-innepputija,20.0,52.525,32.525
clip_031,li,20.0,52.525,32.525
clip_031,tifhimni,20.0,52.525,32.525
clip_031,mill-ewwel,20.0,52.525,32.525
clip_031,kemm,24.0,77.231,53.231
clip_031,jilfama,26.0,89.268,63.268
clip_031,l-għajr,26.0,89.268,63.268
clip_031,fejn,26.0,89.268,63.268
clip_031,jaqbillu,26.0,89.268,63.268
clip_031,l-ġit,26.0,89.268,63.268
clip_031,li,26.0,89.268,63.268
clip_031,tkun,26.0,89.268,63.268
clip_031,għamiltlu,26.0,89.268,63.268
clip_031,kontra,26.0,89.268,63.268
clip_031,kif,26.0,89.268,63.268
clip_031,taħsibha,28.0,105.543,77.543
clip_031,s-soltu,28.0,105.543,77.543
clip_031,nada,28.0,105.543,77.543
clip_031,ddeċidiet,30.0,110.582,80.582
clip_031,li,30.0,110.582,80.582
clip_031,ma,30.0,110.582,80.582
clip_031,toqgħodx,30.0,110.582,80.582
clip_031,iċ-ċempillu,30.0,110.582,80.582
clip_031,minn,30.0,110.582,80.582
clip_031,qabel,30.0,110.582,80.582
clip_031,mustaċċi,34.0,118.19,84.19
clip_031,folti,34.0,118.19,84.19
clip_031,mibru,36.0,128.294,92.294
clip_031,min,36.0,128.294,92.294
clip_031,il-fuq,36.0,128.294,92.294
clip_031,nuċċal,36.0,128.294,92.294
clip_031,taħt,36.0,128.294,92.294
clip_031,ġiġa,38.0,134.751,96.751
clip_031,waħda,38.0,134.751,96.751
clip_031,għaraftu,38.0,134.751,96.751
clip_031,f',38.0,134.751,96.751
clip_031,tebqa',38.0,134.751,96.751
clip_031,t',38.0,134.751,96.751
clip_031,għajn,38.0,134.751,96.751
clip_031,in-nannu,38.0,134.751,96.751
clip_031,salvu,38.0,134.751,96.751
clip_031,għall-biċċa,42.0,155.428,113.428
clip_031,l-kbira,42.0,155.428,113.428
clip_031,tal-maltin,42.0,155.428,113.428
clip_031,passiġġata,42.0,155.428,113.428
clip_031,fi,42.0,155.428,113.428
clip_031,triq,42.0,155.428,113.428
clip_031,ir-repubblika,42.0,155.428,113.428
clip_031,s-sibt,44.0,195.621,151.621
clip_031,filgħodu,44.0,195.621,151.621
clip_031,aktarx,44.0,195.621,151.621
clip_031,tfisser,44.0,195.621,151.621
clip_031,tislim,46.0,205.846,159.846
clip_031,lil,46.0,205.846,159.846
clip_031,diversi,46.0,205.846,159.846
clip_031,nies,46.0,205.846,159.846
clip_031,xħin,48.0,210.57,162.57
clip_031,ra,48.0,210.57,162.57
clip_031,dak,48.0,210.57,162.57
clip_031,l-ilma,48.0,210.57,162.57
clip_031,kollu,48.0,210.57,162.57
clip_031,ma,48.0,210.57,162.57
clip_031,kienx,48.0,210.57,162.57
clip_031,jafx,48.0,210.57,162.57
clip_031,se,50.0,234.049,184.049
clip_031,jaqbad,50.0,234.049,184.049
clip_031,jagħmel,50.0,234.049,184.049
clip_031,ma,49.185,234.049,184.865
clip_031,niftakarx,49.185,234.049,184.865
clip_031,biex,49.185,234.049,184.865
clip_031,tgħidx,49.185,234.049,184.865
clip_031,biex,49.185,234.049,184.865
clip_031,biex,49.185,234.049,184.865
clip_031,biex,49.185,234.049,184.865
clip_031,biex,49.185,234.049,184.865
clip_031,biex,49.185,234.049,184.865
clip_031,biex,49.185,234.049,184.865
clip_031,biex,49.185,234.049,184.865
clip_031,biex,49.185,234.049,184.865
clip_031,biex,49.185,234.049,184.865
clip_031,biex,49.185,234.049,184.865
clip_031,biex,49.185,234.049,184.865
clip_031,biex,49.185,234.049,184.865
clip_031,biex,49.185,234.049,184.865
clip_031,biex,49.185,234.049,184.865
clip_031,biex,49.185,234.049,184.865
clip_031,biex,49.185,234.049,184.865
clip_031,biex,49.185,234.049,184.865
clip_031,biex,49.185,234.049,184.865
clip_031,biex,49.185,234.049,184.865
clip_031,biex,49.185,234.049,184.865
clip_031,biex,49.185,234.049,184.865
clip_031,biex,49.185,234.049,184.865
clip_031,biex,49.185,234.049,184.865
clip_031,biex,49.185,234.049,184.865
clip_031,biex,49.185,234.049,184.865
clip_031,biex,49.185,234.049,184.865
clip_031,biex,49.185,234.049,184.865
clip_031,biex,49.185,234.049,184.865
clip_031,biex,49.185,234.049,184.865
clip_031,biex,49.185,234.049,184.865
clip_031,biex,49.185,234.049,184.865
clip_031,biex,49.185,234.049,184.865
clip_031,biex,49.185,234.049,184.865
clip_031,biex,49.185,234.049,184.865
clip_031,biex,49.185,234.049,184.865
clip_031,biex,49.185,234.049,184.865
clip_031,biex,49.185,234.049,184.865
clip_031,biex,49.185,234.049,184.865
clip_031,biex,49.185,234.049,184.865
clip_031,biex,49.185,234.049,184.865
clip_031,biex,49.185,234.049,184.865
clip_031,biex,49.185,234.049,184.865
clip_031,biex,49.185,234.049,184.865
clip_031,biex,49.185,234.049,184.865
clip_031,biex,49.185,234.049,184.865
clip_031,biex,49.185,234.049,184.865
clip_031,biex,49.185,234.049,184.865
clip_031,biex,49.185,234.049,184.865
clip_031,biex,49.185,234.049,184.865
clip_031,biex,49.185,234.049,184.865
clip_031,biex,49.185,234.049,184.865
clip_031,biex,49.185,234.049,184.865
clip_031,biex,49.185,234.049,184.865
clip_031,biex,49.185,234.049,184.865
clip_031,biex,49.185,234.049,184.865
clip_031,biex,49.185,234.049,184.865
clip_031,biex,49.185,234.049,184.865
clip_031,biex,49.185,234.049,184.865
clip_031,biex,49.185,234.049,184.865
clip_031,biex,49.185,234.049,184.865
clip_031,biex,49.185,234.049,184.865
clip_031,biex,49.185,234.049,184.865
clip_031,biex,49.185,234.049,184.865
clip_031,biex,49.185,234.049,184.865
clip_031,biex,49.185,234.049,184.865
clip_031,biex,49.185,234.049,184.865
clip_031,biex,49.185,234.049,184.865
clip_031,biex,49.185,234.049,184.865
clip_031,biex,49.185,234.049,184.865
clip_031,biex,49.185,234.049,184.865
clip_031,biex,49.185,234.049,184.865
clip_031,biex,49.185,234.049,184.865
clip_031,biex,49.185,234.049,184.865
clip_031,bie,49.185,234.049,184.865
clip_032,kien,4.0,7.75,3.75
clip_032,għadu,4.0,7.75,3.75
clip_032,ma,4.0,7.75,3.75
clip_032,ġiex,4.0,7.75,3.75
clip_032,f',12.0,46.675,34.675
clip_032,tiegħu,12.0,46.675,34.675
clip_032,mija,12.0,46.675,34.675
clip_032,fil-mija,12.0,46.675,34.675
clip_032,sakemm,12.0,46.675,34.675
clip_032,ħin,12.0,46.675,34.675
clip_032,minnhom,12.0,46.675,34.675
clip_032,tefa',12.0,46.675,34.675
clip_032,siequ,12.0,46.675,34.675
clip_032,f',12.0,46.675,34.675
clip_032,dik,12.0,46.675,34.675
clip_032,li,12.0,46.675,34.675
clip_032,ħaseb,12.0,46.675,34.675
clip_032,li,12.0,46.675,34.675
clip_032,kienet,12.0,46.675,34.675
clip_032,għadira,12.0,46.675,34.675
clip_032,oħra,12.0,46.675,34.675
clip_032,marija,12.0,46.675,34.675
clip_032,ħass,12.0,46.675,34.675
clip_032,li,12.0,46.675,34.675
clip_032,seta',12.0,46.675,34.675
clip_032,jgħad,14.0,70.29,56.29
clip_032,kollox,14.0,70.29,56.29
clip_032,jien,14.0,70.29,56.29
clip_032,niflaħ,14.0,70.29,56.29
clip_032,nimxi,14.0,70.29,56.29
clip_032,jien,16.0,73.394,57.394
clip_032,hawn,16.0,73.394,57.394
clip_032,lest,16.0,73.394,57.394
clip_032,biex,16.0,73.394,57.394
clip_032,niġi,16.0,73.394,57.394
clip_032,magħkom,16.0,73.394,57.394
clip_032,u,18.0,86.387,68.387
clip_032,iżjed,18.0,86.387,68.387
clip_032,matwaleġ,20.0,104.238,84.238
clip_032,it-triq,20.0,104.238,84.238
clip_032,tagħhom,20.0,104.238,84.238
clip_032,iżjed,20.0,104.238,84.238
clip_032,tħarsu,18.441,104.238,85.798
clip_032,lura,18.441,104.238,85.798
clip_032,u,18.441,104.238,85.798
clip_032,daħqu,18.441,104.238,85.798
clip_032,b',18.441,104.238,85.798
clip_032,xulxin,18.441,104.238,85.798
clip_032,s-s-s-s-s-s-s-s-s-s-s-s-s-s-s-slip,18.441,104.238,85.798
clip_033,iżda,4.0,15.725,11.725
clip_033,t-tul,6.0,16.857,10.857
clip_033,professjonali,6.0,16.857,10.857
clip_033,jagħmel,6.0,16.857,10.857
clip_033,kull,6.0,16.857,10.857
clip_033,sagrifiċċju,8.0,29.222,21.222
clip_033,għall-arte,8.0,29.222,21.222
clip_033,tiegħu,8.0,29.222,21.222
clip_033,u,8.0,29.222,21.222
clip_033,bla,8.0,29.222,21.222
clip_033,data,8.0,29.222,21.222
clip_033,tat,8.0,29.222,21.222
clip_033,-twelid,10.0,30.716,20.716
clip_033,taħt,10.0,30.716,20.716
clip_033,l-ittra,10.0,30.716,20.716
clip_033,kien,12.0,47.723,35.723
clip_033,hemm,12.0,47.723,35.723
clip_033,fil-ġenb,12.0,47.723,35.723
clip_033,miktub,12.0,47.723,35.723
clip_033,bħala,14.0,53.631,39.631
clip_033,tifkira,14.0,53.631,39.631
clip_033,il-feluga,14.0,53.631,39.631
clip_033,siefret,16.0,57.824,41.824
clip_033,minn,16.0,57.824,41.824
clip_033,malta,16.0,57.824,41.824
clip_033,fl-erbgħoxrin,16.0,57.824,41.824
clip_033,tat-tugru,16.0,57.824,41.824
clip_033,bil-barnuża,18.0,60.784,42.784
clip_033,ħamra,18.0,60.784,42.784
clip_033,u,20.0,63.485,43.485
clip_033,l-qoffa,20.0,63.485,43.485
clip_033,tiġġerra,20.0,63.485,43.485
clip_033,ġol-bosk,20.0,63.485,43.485
clip_033,tlaqqa,26.0,74.854,48.854
clip_033,tismida,26.0,74.854,48.854
clip_033,mill-platti,26.0,74.854,48.854
clip_033,tal-għorsijiet,26.0,74.854,48.854
clip_033,ħamsa,26.0,74.854,48.854
clip_033,u,26.0,74.854,48.854
clip_033,sittin,26.0,74.854,48.854
clip_033,serja,26.0,74.854,48.854
clip_033,ta',26.0,74.854,48.854
clip_033,u,26.0,74.854,48.854
clip_033,qallu,28.0,83.085,55.085
clip_033,li,28.0,83.085,55.085
clip_033,se,28.0,83.085,55.085
clip_033,jibdew,28.0,83.085,55.085
clip_033,jagħmlu,28.0,83.085,55.085
clip_033,l-għassa,28.0,83.085,55.085
clip_033,mar,30.0,94.706,64.706
clip_033,oħra,30.0,94.706,64.706
clip_033,issa,32.0,114.613,82.613
clip_033,mas-srugerfex,32.0,114.613,82.613
clip_033,kien,32.0,114.613,82.613
clip_033,qed,32.0,114.613,82.613
clip_033,jaqelgħu,32.0,114.613,82.613
clip_033,minn,32.0,114.613,82.613
clip_033,postu,32.0,114.613,82.613
clip_033,qabel,34.0,129.019,95.019
clip_033,jidħol,34.0,129.019,95.019
clip_033,jorqod,34.0,129.019,95.019
clip_033,biex,34.0,129.019,95.019
clip_033,min,36.0,149.461,113.461
clip_033,iġempillu,36.0,149.461,113.461
clip_033,bill-lejl,36.0,149.461,113.461
clip_033,isibu,36.0,149.461,113.461
clip_033,ingejżt,36.0,149.461,113.461
clip_033,bla,38.0,150.712,112.712
clip_033,kliem,38.0,150.712,112.712
clip_033,bdew,38.0,150.712,112.712
clip_033,mixjin,38.0,150.712,112.712
clip_033,''il,40.0,156.056,116.056
clip_033,fuq,40.0,156.056,116.056
clip_033,fringiela,42.0,158.033,116.033
clip_033,wieħed,42.0,158.033,116.033
clip_033,wara,42.0,158.033,116.033
clip_033,l-ieħor,42.0,158.033,116.033
clip_033,u,42.0,158.033,116.033
clip_033,lilu,42.0,158.033,116.033
clip_033,mbuttawh,42.0,158.033,116.033
clip_033,f',42.0,158.033,116.033
clip_033,nofsom,44.0,160.086,116.086
clip_033,x',46.0,165.677,119.677
clip_033,inu,46.0,165.677,119.677
clip_033,skantat,46.0,165.677,119.677
clip_033,ħasbet,46.0,165.677,119.677
clip_033,bejn,46.0,165.677,119.677
clip_033,hawn,46.0,165.677,119.677
clip_033,bejn,46.0,165.677,119.677
clip_033,ruħha,46.0,165.677,119.677
clip_033,għodri,48.0,172.231,124.231
clip_033,hemm,48.0,172.231,124.231
clip_033,indel,48.0,172.231,124.231
clip_033,hemm,46.474,172.231,125.757
clip_034,u,4.0,49.5,45.5
clip_034,l-ieħor,4.0,49.5,45.5
clip_034,ġużè,4.0,49.5,45.5
clip_034,stanjo,4.0,49.5,45.5
clip_034,wantufor,8.0,56.614,48.614
clip_034,x',8.0,56.614,48.614
clip_034,m',8.0,56.614,48.614
clip_034,għandux,8.0,56.614,48.614
clip_034,u,8.0,56.614,48.614
clip_034,dik,8.0,56.614,48.614
clip_034,ma,10.0,58.103,48.103
clip_034,kienx,10.0,58.103,48.103
clip_034,ippraparata,14.0,69.79,55.79
clip_034,għal,14.0,69.79,55.79
clip_034,missila,18.0,102.605,84.605
clip_034,bħal,18.0,102.605,84.605
clip_034,dik,18.0,102.605,84.605
clip_034,ovvjament,18.0,102.605,84.605
clip_034,xogħol,18.0,102.605,84.605
clip_034,xi,18.0,102.605,84.605
clip_034,ġar,18.0,102.605,84.605
clip_034,dinar,18.0,102.605,84.605
clip_034,tajjeb,18.0,102.605,84.605
clip_034,ħafna,18.0,102.605,84.605
clip_034,għax,18.0,102.605,84.605
clip_034,kien,18.0,102.605,84.605
clip_034,perfett,18.0,102.605,84.605
clip_034,it-tieġ,18.0,102.605,84.605
clip_034,kien,18.0,102.605,84.605
clip_034,wasal,18.0,102.605,84.605
clip_034,imma,18.0,102.605,84.605
clip_034,t-torok,18.0,102.605,84.605
clip_034,ġew,18.0,102.605,84.605
clip_034,malta,18.0,102.605,84.605
clip_034,u,20.0,109.348,89.348
clip_034,kien,20.0,109.348,89.348
clip_034,hemm,20.0,109.348,89.348
clip_034,bżonn,20.0,109.348,89.348
clip_034,li,20.0,109.348,89.348
clip_034,jaqaf,20.0,109.348,89.348
clip_034,kollox,20.0,109.348,89.348
clip_034,iżda,22.0,156.192,134.192
clip_034,b',22.0,156.192,134.192
clip_034,differenza,20.99,156.192,135.202
clip_034,kbira,20.99,156.192,135.202
clip_034,f',20.99,156.192,135.202
clip_034,siena,20.99,156.192,135.202
clip_034,b',20.99,156.192,135.202
clip_034,siena,20.99,156.192,135.202
clip_034,m',20.99,156.192,135.202
clip_034,siena,20.99,156.192,135.202
clip_034,ma,20.99,156.192,135.202
clip_034,t-trippin,20.99,156.192,135.202
clip_034,jgħalli,20.99,156.192,135.202
clip_034,ma,20.99,156.192,135.202
clip_034,t-trippin,20.99,156.192,135.202
clip_034,għalli,20.99,156.192,135.202
clip_034,min,20.99,156.192,135.202
clip_034,qed,20.99,156.192,135.202
clip_034,t-trippin,20.99,156.192,135.202
clip_034,qed,20.99,156.192,135.202
clip_034,t-trippin,20.99,156.192,135.202
clip_034,ma,20.99,156.192,135.202
clip_034,t-trippin,20.99,156.192,135.202
clip_034,ma,20.99,156.192,135.202
clip_034,t-trippin,20.99,156.192,135.202
clip_034,ma,20.99,156.192,135.202
clip_034,t-trippin,20.99,156.192,135.202
clip_035,bażilju,4.0,12.873,8.873
clip_035,ma,4.0,12.873,8.873
clip_035,qallibx,4.0,12.873,8.873
clip_035,malta,4.0,12.873,8.873
clip_035,kollha,4.0,12.873,8.873
clip_035,liha,6.0,16.419,10.419
clip_035,kienet,6.0,16.419,10.419
clip_035,ħobb,8.0,19.646,11.646
clip_035,tirrakkonta,12.0,35.085,23.085
clip_035,li,12.0,35.085,23.085
clip_035,stejjer,12.0,35.085,23.085
clip_035,u,12.0,35.085,23.085
clip_035,l-ħrejjef,12.0,35.085,23.085
clip_035,li,12.0,35.085,23.085
clip_035,nibtu,12.0,35.085,23.085
clip_035,mid-danubju,12.0,35.085,23.085
clip_035,stejjer,12.0,35.085,23.085
clip_035,qodma,12.0,35.085,23.085
clip_035,u,12.0,35.085,23.085
clip_035,sbieħ,12.0,35.085,23.085
clip_035,kollha,16.0,64.416,48.416
clip_035,liha,16.0,64.416,48.416
clip_035,li,20.0,71.417,51.417
clip_035,tarrax,22.0,85.949,63.949
clip_035,il-kostumi,22.0,85.949,63.949
clip_035,laqqatniehom,22.0,85.949,63.949
clip_035,kif,22.0,85.949,63.949
clip_035,stajna,22.0,85.949,63.949
clip_035,tgħidx,22.0,85.949,63.949
clip_035,kemm,22.0,85.949,63.949
clip_035,qed,22.0,85.949,63.949
clip_035,nieħu,22.0,85.949,63.949
clip_035,gost,22.0,85.949,63.949
clip_035,għamlet,24.0,90.28,66.28
clip_035,sforż,26.0,93.24,67.24
clip_035,biex,26.0,93.24,67.24
clip_035,tqum,26.0,93.24,67.24
clip_035,titfi,26.0,93.24,67.24
clip_035,id,26.0,93.24,67.24
clip_035,-dawl,28.0,97.722,69.722
clip_035,neħħiet,28.0,97.722,69.722
clip_035,iżdarbu,28.0,97.722,69.722
clip_035,minn,28.0,97.722,69.722
clip_035,saqajha,28.0,97.722,69.722
clip_035,u,30.0,100.98,70.98
clip_035,mteddet,30.0,100.98,70.98
clip_035,bil-iwejjeġ,30.0,100.98,70.98
clip_035,f',30.0,100.98,70.98
clip_035,kollox,30.0,100.98,70.98
clip_035,fis-sodda,32.0,109.227,77.227
clip_035,kemm,32.0,109.227,77.227
clip_035,ħasbitu,34.0,112.185,78.185
clip_035,iblah,34.0,112.185,78.185
clip_035,ommu,34.0,112.185,78.185
clip_035,għidli,36.0,117.714,81.714
clip_035,ma,36.0,117.714,81.714
clip_035,kif,36.0,117.714,81.714
clip_035,nista',36.0,117.714,81.714
clip_035,nibqa',38.0,122.254,84.254
clip_035,ngħix,38.0,122.254,84.254
clip_035,daż-żewġ,38.0,122.254,84.254
clip_035,ħajjiet,38.0,122.254,84.254
clip_035,jaħasra,40.0,143.003,103.003
clip_035,li,42.0,157.579,115.579
clip_035,ma,42.0,157.579,115.579
clip_035,kinux,42.0,157.579,115.579
clip_035,dawk,42.0,157.579,115.579
clip_035,il,42.0,157.579,115.579
clip_035,-ħġejjeġ,44.0,163.625,119.625
clip_035,li,44.0,163.625,119.625
clip_035,jkun,44.0,163.625,119.625
clip_035,jista',44.0,163.625,119.625
clip_035,jgħix,44.0,163.625,119.625
clip_035,fl-akbar,46.0,181.851,135.851
clip_035,paċi,46.0,181.851,135.851
clip_035,tlaqna,48.0,183.406,135.406
clip_035,għajda,49.801,207.548,157.747
clip_035,testella,49.801,207.548,157.747
clip_035,u,49.801,207.548,157.747
clip_035,jien,49.801,207.548,157.747
clip_035,iżla',49.801,207.548,157.747
clip_035,t-taraġ,49.801,207.548,157.747
clip_035,biex,49.801,207.548,157.747
clip_035,jismaħha,49.801,207.548,157.747
clip_035,tommy,49.801,207.548,157.747
clip_035,u,49.801,207.548,157.747
clip_035,jitilqu,49.801,207.548,157.747
clip_035,iħraqna,49.801,207.548,157.747
clip_035,t-trippi,49.801,207.548,157.747
clip_035,din,49.801,207.548,157.747
clip_035,il-ħinġ,49.801,207.548,157.747
clip_036,ħa,4.0,17.514,13.514
clip_036,nerġa',4.0,17.514,13.514
clip_036,nidħol,4.0,17.514,13.514
clip_036,iltqajt,6.0,32.596,26.596
clip_036,mal-ħabib,6.0,32.596,26.596
clip_036,tiegħi,6.0,32.596,26.596
clip_036,alfred,6.0,32.596,26.596
clip_036,xon,8.0,37.358,29.358
clip_036,u,8.0,37.358,29.358
clip_036,petra,8.0,37.358,29.358
clip_036,kienu,8.0,37.358,29.358
clip_036,ttantaw,10.0,54.611,44.611
clip_036,xortihom,10.0,54.611,44.611
clip_036,biex,10.0,54.611,44.611
clip_036,jilbsu,10.0,54.611,44.611
clip_036,l,10.0,54.611,44.611
clip_036,-għelmu,12.0,76.549,64.549
clip_036,u,12.0,76.549,64.549
clip_036,jipprovaw,12.0,76.549,64.549
clip_036,is-suquh,12.0,76.549,64.549
clip_036,tħares,14.0,78.832,64.832
clip_036,lura,14.0,78.832,64.832
clip_036,lejn,14.0,78.832,64.832
clip_036,ħwejjiġa,14.0,78.832,64.832
clip_036,li,20.0,87.078,67.078
clip_036,ċkienu,20.0,87.078,67.078
clip_036,u,20.0,87.078,67.078
clip_036,ħalliethom,20.0,87.078,67.078
clip_036,fl-art,20.0,87.078,67.078
clip_036,fil,20.0,87.078,67.078
clip_036,-librarija,22.0,95.493,73.493
clip_036,ta',22.0,95.493,73.493
clip_036,nuba,22.0,95.493,73.493
clip_036,hawn,22.0,95.493,73.493
clip_036,fuq,22.0,95.493,73.493
clip_036,nur,22.0,95.493,73.493
clip_036,poġġak,22.0,95.493,73.493
clip_036,ktejjeb,26.0,109.612,83.612
clip_036,imsaħħar,26.0,109.612,83.612
clip_036,bil-ħin,26.0,109.612,83.612
clip_036,iżda,26.0,109.612,83.612
clip_036,issa,26.0,109.612,83.612
clip_036,striħ,26.0,109.612,83.612
clip_036,ħudu,26.0,109.612,83.612
clip_036,paċenzja,28.0,152.077,124.077
clip_036,biha,30.0,168.17,138.17
clip_036,imma,30.0,168.17,138.17
clip_036,m',30.0,168.17,138.17
clip_036,inix,30.0,168.17,138.17
clip_036,senilha,32.0,172.119,140.119
clip_036,iżjed,36.0,220.994,184.994
clip_036,dwar,36.0,220.994,184.994
clip_036,dil-biċċa,36.0,220.994,184.994
clip_036,ma',36.0,220.994,184.994
clip_036,viktor,36.0,220.994,184.994
clip_036,qal,36.0,220.994,184.994
clip_036,de,36.0,220.994,184.994
clip_036,karlo,36.0,220.994,184.994
clip_036,inti,36.0,220.994,184.994
clip_036,jgħin,36.0,220.994,184.994
clip_036,lil,36.0,220.994,184.994
clip_036,ċarli,36.0,220.994,184.994
clip_036,u,36.0,220.994,184.994
clip_036,inti,36.0,220.994,184.994
clip_036,pawl,36.0,220.994,184.994
clip_036,ir-ranġali,38.0,226.961,188.961
clip_036,dawn,38.0,226.961,188.961
clip_036,l-għarin,38.0,226.961,188.961
clip_036,imsiemer,38.0,226.961,188.961
clip_036,kienet,40.0,232.696,192.696
clip_036,l-ewwel,40.0,232.696,192.696
clip_036,darba,40.0,232.696,192.696
clip_036,l-istajt,40.0,232.696,192.696
clip_036,inħares,42.0,254.532,212.532
clip_036,biss,42.0,254.532,212.532
clip_036,fida,42.0,254.532,212.532
clip_036,ġo,42.0,254.532,212.532
clip_036,dawk,42.0,254.532,212.532
clip_036,lajk,42.0,254.532,212.532
clip_036,l-għajnejn,46.0,274.528,228.528
clip_036,ta',46.0,274.528,228.528
clip_036,seqer,46.0,274.528,228.528
clip_036,bla,46.0,274.528,228.528
clip_036,ma,46.0,274.528,228.528
clip_036,nibża',46.0,274.528,228.528
clip_036,minnhom,46.0,274.528,228.528
clip_036,u,46.0,274.528,228.528
clip_036,ħafna,46.0,274.528,228.528
clip_036,għalob,50.0,284.206,234.206
clip_036,u,50.0,284.206,234.206
clip_036,attenzjoni,50.0,284.206,234.206
clip_036,biex,50.0,284.206,234.206
clip_036,tara,50.0,284.206,234.206
clip_036,x-tejt,50.0,284.206,234.206
clip_036,u,50.0,284.206,234.206
clip_036,biex,50.0,284.206,234.206
clip_036,lil,50.0,284.206,234.206
clip_036,kulħadd,50.0,284.206,234.206
clip_036,tagħtih,50.0,284.206,234.206
clip_036,li,50.0,284.206,234.206
clip_036,hu,50.0,284.206,234.206
clip_036,tiegħu,48.829,284.206,235.377
clip_036,s-s-s-s-s-s-s-s-s,48.829,284.206,235.377
clip_037,aħna,4.0,18.4,14.4
clip_037,dorna,4.0,18.4,14.4
clip_037,s-sular,4.0,18.4,14.4
clip_037,tisfel,6.0,22.707,16.707
clip_037,kollu,6.0,22.707,16.707
clip_037,u,6.0,22.707,16.707
clip_037,ma,6.0,22.707,16.707
clip_037,rajniehiex,6.0,22.707,16.707
clip_037,kompla,6.0,22.707,16.707
clip_037,tommy,8.0,23.996,15.996
clip_037,milli,8.0,23.996,15.996
clip_037,qalli,8.0,23.996,15.996
clip_037,fhimt,10.0,27.124,17.124
clip_037,l-il,10.0,27.124,17.124
clip_037,bastimenti,12.0,30.68,18.68
clip_037,ingliżi,12.0,30.68,18.68
clip_037,ġow,12.0,30.68,18.68
clip_037,maħbutin,12.0,30.68,18.68
clip_037,minn,12.0,30.68,18.68
clip_037,xilaneġ,12.0,30.68,18.68
clip_037,żgħar,14.0,32.757,18.757
clip_037,taljani,14.0,32.757,18.757
clip_037,u,14.0,32.757,18.757
clip_037,meqtajja,14.0,32.757,18.757
clip_037,kbar,16.0,67.386,51.386
clip_037,tajruplani,16.0,67.386,51.386
clip_037,f',18.0,89.775,71.775
clip_037,ġermaniżi,18.0,89.775,71.775
clip_037,u,18.0,89.775,71.775
clip_037,ġarrbu,18.0,89.775,71.775
clip_037,ħafna,18.0,89.775,71.775
clip_037,ħsara,18.0,89.775,71.775
clip_037,imma,20.0,110.308,90.308
clip_037,bil-ħoss,20.0,110.308,90.308
clip_037,tax-xita,20.0,110.308,90.308
clip_037,il-pitirroż,22.0,115.651,93.651
clip_037,bil-kemm,22.0,115.651,93.651
clip_037,se,22.0,115.651,93.651
clip_037,tejjifhem,26.0,164.885,138.885
clip_037,xi,26.0,164.885,138.885
clip_037,jkun,26.0,164.885,138.885
clip_037,qed,26.0,164.885,138.885
clip_037,jgħidlu,26.0,164.885,138.885
clip_037,mejxi,26.0,164.885,138.885
clip_037,meta,26.0,164.885,138.885
clip_037,dan,26.0,164.885,138.885
clip_037,ikellmu,26.0,164.885,138.885
clip_037,minn,26.0,164.885,138.885
clip_037,ġoli,26.0,164.885,138.885
clip_037,luq,25.02,164.885,139.865
clip_037,ta',25.02,164.885,139.865
clip_037,qoxxortumissi,25.02,164.885,139.865
clip_037,ġemmata,25.02,164.885,139.865
clip_037,u,25.02,164.885,139.865
clip_037,s-semtisla,25.02,164.885,139.865
clip_037,ma,25.02,164.885,139.865
clip_037,r,25.02,164.885,139.865
clip_037,reusem,25.02,164.885,139.865
clip_037,é,25.02,164.885,139.865
clip_037,l-kienal,25.02,164.885,139.865
clip_037,t-trippi,25.02,164.885,139.865
clip_037,ġemmata,25.02,164.885,139.865
clip_037,ta',25.02,164.885,139.865
clip_037,ġemmata,25.02,164.885,139.865
clip_037,ta',25.02,164.885,139.865
clip_037,ġesemtisla,25.02,164.885,139.865
clip_037,ma,25.02,164.885,139.865
clip_037,t-trippi,25.02,164.885,139.865
clip_037,paqtasla,25.02,164.885,139.865
clip_037,ta',25.02,164.885,139.865
clip_037,ġemtisla,25.02,164.885,139.865
clip_037,tilbit,25.02,164.885,139.865
clip_037,niġi,25.02,164.885,139.865
clip_037,qed,25.02,164.885,139.865
clip_037,tuf-tifteca,25.02,164.885,139.865
clip_037,ta',25.02,164.885,139.865
clip_037,ġemtisla,25.02,164.885,139.865
clip_037,ta',25.02,164.885,139.865
clip_037,ġemtisla,25.02,164.885,139.865
clip_037,ta',25.02,164.885,139.865
clip_037,ġemtisla,25.02,164.885,139.865
clip_038,il-laqgħa,6.0,22.59,16.59
clip_038,għasha,6.0,22.59,16.59
clip_038,tkunu,12.0,53.706,41.706
clip_038,riġinali,14.0,85.231,71.231
clip_038,minħabba,14.0,85.231,71.231
clip_038,li,14.0,85.231,71.231
clip_038,ħagħtejna,14.0,85.231,71.231
clip_038,naraw,14.0,85.231,71.231
clip_038,l-istorja,14.0,85.231,71.231
clip_038,bil-maqlub,14.0,85.231,71.231
clip_038,kienet,14.0,85.231,71.231
clip_038,serratura,14.0,85.231,71.231
clip_038,kbira,14.0,85.231,71.231
clip_038,bil-ħadida,14.0,85.231,71.231
clip_038,tagħha,14.0,85.231,71.231
clip_038,forma,14.0,85.231,71.231
clip_038,ta',14.0,85.231,71.231
clip_038,maqrud,14.0,85.231,71.231
clip_038,neħilsek,16.0,114.724,98.724
clip_038,minn,16.0,114.724,98.724
clip_038,dawk,16.0,114.724,98.724
clip_038,li,16.0,114.724,98.724
clip_038,meta,16.0,114.724,98.724
clip_038,tirrakkontalhom,16.0,114.724,98.724
clip_038,ċajda,20.0,122.176,102.176
clip_038,ikomplu,20.0,122.176,102.176
clip_038,ile,20.0,122.176,102.176
clip_038,huma,20.0,122.176,102.176
clip_038,u,20.0,122.176,102.176
clip_038,tħossok,20.0,122.176,102.176
clip_038,tiħmar,20.0,122.176,102.176
clip_038,bil-mistħija,20.0,122.176,102.176
clip_038,xi,20.0,122.176,102.176
clip_038,ħaġa,20.0,122.176,102.176
clip_038,qed,20.0,122.176,102.176
clip_038,tiċċaqlaq,20.0,122.176,102.176
clip_038,hawn,22.0,149.276,127.276
clip_038,jien,22.0,149.276,127.276
clip_038,flokku,26.0,166.005,140.005
clip_038,l-għar,26.0,166.005,140.005
clip_038,ġurnata,26.0,166.005,140.005
clip_038,ta',26.0,166.005,140.005
clip_038,ħajti,26.0,166.005,140.005
clip_038,għal,26.0,166.005,140.005
clip_038,spiteri,28.0,183.359,155.359
clip_038,huwa,28.0,183.359,155.359
clip_038,jiżar,34.0,221.955,187.955
clip_038,mal-pistola,34.0,221.955,187.955
clip_038,bl-id,34.0,221.955,187.955
clip_038,tal-espert,34.0,221.955,187.955
clip_038,hu,34.0,221.955,187.955
clip_038,kiku,34.0,221.955,187.955
clip_038,jkolli,34.0,221.955,187.955
clip_038,ngħid,34.0,221.955,187.955
clip_038,anqas,34.0,221.955,187.955
clip_038,kien,34.0,221.955,187.955
clip_038,għadhom,34.0,221.955,187.955
clip_038,bejn,34.0,221.955,187.955
clip_038,ilthom,34.0,221.955,187.955
clip_038,b',36.0,226.709,190.709
clip_038,dik,36.0,226.709,190.709
clip_038,il-ġibda,36.0,226.709,190.709
clip_038,ta',36.0,226.709,190.709
clip_038,qabel,36.0,226.709,190.709
clip_038,forsi,38.0,242.633,204.633
clip_038,għax,38.0,242.633,204.633
clip_038,iżommu,38.0,242.633,204.633
clip_038,b',38.0,242.633,204.633
clip_038,wieħed,38.0,242.633,204.633
clip_038,tal,38.0,242.633,204.633
clip_038,-professjoni,40.0,249.412,209.412
clip_038,fejn,40.0,249.412,209.412
clip_038,jidħol,40.0,249.412,209.412
clip_038,it-tagħlim,40.0,249.412,209.412
clip_038,jonkella,42.0,254.947,212.947
clip_038,għax,42.0,254.947,212.947
clip_038,m',42.0,254.947,212.947
clip_038,għandix,42.0,254.947,212.947
clip_038,triqom,42.0,254.947,212.947
clip_038,oħra,42.0,254.947,212.947
clip_038,minn,42.0,254.947,212.947
clip_038,fejn,42.0,254.947,212.947
clip_038,tgħaddi,44.0,270.114,226.114
clip_038,xi,44.0,270.114,226.114
clip_038,nidir,48.0,286.527,238.527
clip_038,kamra,48.0,286.527,238.527
clip_038,staqsijiet,48.0,286.527,238.527
clip_038,estella,48.0,286.527,238.527
clip_038,malta,48.0,286.527,238.527
clip_038,tal-ġurnata,48.0,286.527,238.527
clip_038,ta',48.0,286.527,238.527
clip_038,qabeln,48.0,286.527,238.527
clip_038,b',48.0,286.527,238.527
clip_038,dik,48.0,286.527,238.527
clip_038,il-ġimgħa,48.0,286.527,238.527
clip_038,qed,46.219,286.527,240.308
clip_038,b',46.219,286.527,240.308
clip_038,niġi,46.219,286.527,240.308
clip_038,l-għidna,46.219,286.527,240.308
clip_038,ta',46.219,286.527,240.308
clip_038,taħt,46.219,286.527,240.308
clip_038,il-taniq,46.219,286.527,240.308
clip_038,il-ġimgħa,46.219,286.527,240.308
clip_039,ir-ramel,4.0,16.688,12.688
clip_039,taħt,4.0,16.688,12.688
clip_039,saqajhom,4.0,16.688,12.688
clip_039,kien,4.0,16.688,12.688
clip_039,jinħass,6.0,18.755,12.755
clip_039,jikwi,6.0,18.755,12.755
clip_039,u,6.0,18.755,12.755
clip_039,mitra,10.0,34.953,24.953
clip_039,nnexxielhom,10.0,34.953,24.953
clip_039,jiftħuhom,10.0,34.953,24.953
clip_039,mill-ġdid,10.0,34.953,24.953
clip_039,mitejn,10.0,34.953,24.953
clip_039,sitta,10.0,34.953,24.953
clip_039,u,10.0,34.953,24.953
clip_039,erbgħin,12.0,37.091,25.091
clip_039,xogħol,12.0,37.091,25.091
clip_039,tal-injam,12.0,37.091,25.091
clip_039,għax-xogħol,12.0,37.091,25.091
clip_039,tal-ħadid,14.0,39.679,25.679
clip_039,werkxop,16.0,42.345,26.345
clip_039,ieħor,16.0,42.345,26.345
clip_039,bit-tornijiet,16.0,42.345,26.345
clip_039,mitejn,18.0,45.36,27.36
clip_039,sitta,18.0,45.36,27.36
clip_039,u,18.0,45.36,27.36
clip_039,erbgħin,18.0,45.36,27.36
clip_039,xogħol,18.0,45.36,27.36
clip_039,tal-injam,20.0,52.879,32.879
clip_039,għax-xogħol,20.0,52.879,32.879
clip_039,tal-ħadid,20.0,52.879,32.879
clip_039,werkxop,22.0,56.141,34.141
clip_039,ieħor,22.0,56.141,34.141
clip_039,sitta,26.0,61.628,35.628
clip_039,u,26.0,61.628,35.628
clip_039,erbgħin,26.0,61.628,35.628
clip_039,xogħol,26.0,61.628,35.628
clip_039,tal-injam,26.0,61.628,35.628
clip_039,għax-xogħol,28.0,64.978,36.978
clip_039,tal-ħadid,28.0,64.978,36.978
clip_039,werkxop,34.0,81.971,47.971
clip_039,ieħor,34.0,81.971,47.971
clip_039,bit-tornijiet,34.0,81.971,47.971
clip_039,ma,34.0,81.971,47.971
clip_039,kienx,34.0,81.971,47.971
clip_039,hemm,34.0,81.971,47.971
clip_039,bankijiet,34.0,81.971,47.971
clip_039,jew,34.0,81.971,47.971
clip_039,siġġijiet,34.0,81.971,47.971
clip_039,taf,40.0,106.228,66.228
clip_039,int,40.0,106.228,66.228
clip_039,għax,40.0,106.228,66.228
clip_039,ruli,40.0,106.228,66.228
clip_039,xagħri,40.0,106.228,66.228
clip_039,xokkijiet,40.0,106.228,66.228
clip_039,solitri,40.0,106.228,66.228
clip_039,konfin-konfajnment,42.0,111.964,69.964
clip_039,affarijiet,42.0,111.964,69.964
clip_039,hekk,44.0,127.218,83.218
clip_039,taf,44.0,127.218,83.218
clip_039,li,44.0,127.218,83.218
clip_039,mhux,44.0,127.218,83.218
clip_039,qiegħed,44.0,127.218,83.218
clip_039,f',46.0,133.641,87.641
clip_039,postu,46.0,133.641,87.641
clip_039,tinsiex,48.0,139.093,91.093
clip_039,li,48.0,139.093,91.093
clip_039,qalbek,48.0,139.093,91.093
clip_039,ħadet,48.0,139.093,91.093
clip_039,battikata,48.0,139.093,91.093
clip_039,kbira,50.0,156.323,106.323
clip_039,mitejn,50.0,156.323,106.323
clip_039,u,54.0,182.504,128.504
clip_039,għoxt,54.0,182.504,128.504
clip_039,inġenju,54.0,182.504,128.504
clip_039,ma,54.0,182.504,128.504
clip_039,jistax,54.0,182.504,128.504
clip_039,jissaporti,54.0,182.504,128.504
clip_039,l-pressa,54.0,182.504,128.504
clip_039,tagħfas,56.0,192.235,136.235
clip_039,dejjem,56.0,192.235,136.235
clip_039,iktar,56.0,192.235,136.235
clip_039,li,57.679,196.584,138.905
clip_039,qablek,57.679,196.584,138.905
clip_039,ma,57.679,196.584,138.905
clip_039,kellixx,57.679,196.584,138.905
clip_039,nisa,57.679,196.584,138.905
clip_039,oħrajjuħu,57.679,196.584,138.905
clip_039,l-kontrola,57.679,196.584,138.905
clip_039,u,57.679,196.584,138.905
clip_039,l-kontrola,57.679,196.584,138.905
clip_040,filwaqt,4.0,33.543,29.543
clip_040,li,4.0,33.543,29.543
clip_040,huma,4.0,33.543,29.543
clip_040,tlieta,6.0,35.02,29.02
clip_040,jinħbew,6.0,35.02,29.02
clip_040,fil-pwales,6.0,35.02,29.02
clip_040,u,6.0,35.02,29.02
clip_040,jitlu,8.0,36.934,28.934
clip_040,fuq,8.0,36.934,28.934
clip_040,dak,8.0,36.934,28.934
clip_040,iż-żewġ,8.0,36.934,28.934
clip_040,nisa,10.0,66.558,56.558
clip_040,ċerta,10.0,66.558,56.558
clip_040,staqsiha,12.0,83.461,71.461
clip_040,l-ġuvni,12.0,83.461,71.461
clip_040,iżjed,14.0,98.42,84.42
clip_040,ma,16.0,100.417,84.417
clip_040,laħqiċ,16.0,100.417,84.417
clip_040,kieled,16.0,100.417,84.417
clip_040,iżda,18.0,128.405,110.405
clip_040,minn,18.0,128.405,110.405
clip_040,erba',18.0,128.405,110.405
clip_040,marfiet,18.0,128.405,110.405
clip_040,li,18.0,128.405,110.405
clip_040,ma,20.0,132.132,112.132
clip_040,reġax,20.0,132.132,112.132
clip_040,ħassha,20.0,132.132,112.132
clip_040,ħażin,20.0,132.132,112.132
clip_040,l-aħwa,22.0,136.94,114.94
clip_040,għajjat,22.0,136.94,114.94
clip_040,irrajjes,24.0,139.626,115.626
clip_040,kif,24.0,139.626,115.626
clip_040,rah,24.0,139.626,115.626
clip_040,hawnx,26.0,142.824,116.824
clip_040,naħtfu,26.0,142.824,116.824
clip_040,iżda,26.0,142.824,116.824
clip_040,biex,26.0,142.824,116.824
clip_040,inkompli,28.0,145.86,117.86
clip_040,dwar,28.0,145.86,117.86
clip_040,l-azzjoni,28.0,145.86,117.86
clip_040,kattolika,30.0,149.392,119.392
clip_040,irrid,30.0,149.392,119.392
clip_040,inżid,30.0,149.392,119.392
clip_040,ili,32.0,154.37,122.37
clip_040,għalkemm,32.0,154.37,122.37
clip_040,kienu,32.0,154.37,122.37
clip_040,jeħduna,32.0,154.37,122.37
clip_040,għar-relif,32.0,154.37,122.37
clip_040,l-is,36.0,169.783,133.783
clip_040,tal-ġunta,36.0,169.783,133.783
clip_040,siħbu,36.0,169.783,133.783
clip_040,mark,36.0,169.783,133.783
clip_040,sejsuq,36.0,169.783,133.783
clip_040,kienu,38.0,175.7,137.7
clip_040,t-tiri,40.0,177.342,137.342
clip_040,tal-kanuni,40.0,177.342,137.342
clip_040,tagħna,40.0,177.342,137.342
clip_040,tleġ-ġimgħat,42.0,179.636,137.636
clip_040,imqabbad,42.0,179.636,137.636
clip_040,mal-blat,44.0,191.993,147.993
clip_040,fejn,44.0,191.993,147.993
clip_040,kien,44.0,191.993,147.993
clip_040,jitrejjaq,46.0,204.824,158.824
clip_040,bi,46.0,204.824,158.824
clip_040,ftit,46.0,204.824,158.824
clip_040,ħaxix,46.0,204.824,158.824
clip_040,ħażin,46.0,204.824,158.824
clip_040,ma,48.0,208.045,160.045
clip_040,tawhx,48.0,208.045,160.045
clip_040,ġewwa,48.0,208.045,160.045
clip_040,daqs,48.0,208.045,160.045
clip_040,il,48.0,208.045,160.045
clip_040,-jasar,50.0,222.263,172.263
clip_040,taħt,50.0,222.263,172.263
clip_040,idejn,50.0,222.263,172.263
clip_040,l-insara,50.0,222.263,172.263
clip_040,imbagħad,52.0,225.541,173.541
clip_040,minn,52.0,225.541,173.541
clip_040,taħt,52.0,225.541,173.541
clip_040,l-ilsien,54.0,230.486,176.486
clip_040,donnu,54.0,230.486,176.486
clip_040,qed,54.0,230.486,176.486
clip_040,jiddejjaq,56.0,235.309,179.309
clip_040,jgħidlu,56.0,235.309,179.309
clip_040,lissen,56.0,235.309,179.309
clip_040,din,55.958,235.309,179.351
clip_040,id-darba,55.958,235.309,179.351
clip_040,xort,55.958,235.309,179.351
clip_040,oħra,55.958,235.309,179.351
clip_040,biex,55.958,235.309,179.351
clip_040,il-ġemt,55.958,235.309,179.351
clip_040,taħt,55.958,235.309,179.351
clip_040,il-ġemt,55.958,235.309,179.351
clip_040,taħt,55.958,235.309,179.351
clip_040,il-ġemt,55.958,235.309,179.351
clip_040,taħt,55.958,235.309,179.351
clip_040,il-ħil,55.958,235.309,179.351
clip_041,foxx,4.0,38.894,34.894
clip_041,ommok,4.0,38.894,34.894
clip_041,hu,6.0,55.463,49.463
clip_041,kompla,10.0,63.168,53.168
clip_041,kixef,10.0,63.168,53.168
clip_041,kollox,10.0,63.168,53.168
clip_041,billi,10.0,63.168,53.168
clip_041,bagħthom,14.0,97.482,83.482
clip_041,jisemgħu,14.0,97.482,83.482
clip_041,taħt,14.0,97.482,83.482
clip_041,it-tieqa,14.0,97.482,83.482
clip_041,kif,14.0,97.482,83.482
clip_041,tbiegħdu,14.0,97.482,83.482
clip_041,kollha,14.0,97.482,83.482
clip_041,u,14.0,97.482,83.482
clip_041,ma,14.0,97.482,83.482
clip_041,derħad,16.0,117.625,101.625
clip_041,iżjed,18.0,128.839,110.839
clip_041,dak,18.0,128.839,110.839
clip_041,il-bien,18.0,128.839,110.839
clip_041,qam,22.0,153.398,131.398
clip_041,minn,22.0,153.398,131.398
clip_041,fejn,22.0,153.398,131.398
clip_041,kien,22.0,153.398,131.398
clip_041,you,22.0,153.398,131.398
clip_041,too,22.0,153.398,131.398
clip_041,u,22.0,153.398,131.398
clip_041,tefagħlu,22.0,153.398,131.398
clip_041,ftit,22.0,153.398,131.398
clip_041,trab,22.0,153.398,131.398
clip_041,sewdieni,22.0,153.398,131.398
clip_041,li,22.0,153.398,131.398
clip_041,malajr,22.0,153.398,131.398
clip_041,inħall,22.0,153.398,131.398
clip_041,u,22.0,153.398,131.398
clip_041,tħallat,22.0,153.398,131.398
clip_041,mal-kafè,22.0,153.398,131.398
clip_041,li,21.497,153.398,131.901
clip_041,kien,21.497,153.398,131.901
clip_041,hemm,21.497,153.398,131.901
clip_041,fil-kikkra,21.497,153.398,131.901
clip_042,imma,4.0,16.859,12.859
clip_042,meta,4.0,16.859,12.859
clip_042,l-għada,4.0,16.859,12.859
clip_042,filgħodu,4.0,16.859,12.859
clip_042,ġak,4.0,16.859,12.859
clip_042,kief,14.0,48.134,34.134
clip_042,fetaħ,14.0,48.134,34.134
clip_042,għajnejh,14.0,48.134,34.134
clip_042,sab,14.0,48.134,34.134
clip_042,wieħu,14.0,48.134,34.134
clip_042,ġol-kastel,14.0,48.134,34.134
clip_042,fis-sħabkim,14.0,48.134,34.134
clip_042,jew,14.0,48.134,34.134
clip_042,kimberli,14.0,48.134,34.134
clip_042,kienet,14.0,48.134,34.134
clip_042,saret,14.0,48.134,34.134
clip_042,taf,14.0,48.134,34.134
clip_042,lil,14.0,48.134,34.134
clip_042,ral,14.0,48.134,34.134
clip_042,f',14.0,48.134,34.134
clip_042,waqt,14.0,48.134,34.134
clip_042,il-lezzjonijiet,14.0,48.134,34.134
clip_042,tal-ġuġizzu,14.0,48.134,34.134
clip_042,li,14.0,48.134,34.134
clip_042,kien,14.0,48.134,34.134
clip_042,beda,14.0,48.134,34.134
clip_042,jattendi,14.0,48.134,34.134
clip_042,minn,14.0,48.134,34.134
clip_042,xi,14.0,48.134,34.134
clip_042,ftit,14.0,48.134,34.134
clip_042,xhur,14.0,48.134,34.134
clip_042,qabel,14.0,48.134,34.134
clip_042,ġimgħa,18.0,60.858,42.858
clip_042,sħiħa,18.0,60.858,42.858
clip_042,jagħti,18.0,60.858,42.858
clip_042,bla,18.0,60.858,42.858
clip_042,nifs,18.0,60.858,42.858
clip_042,bil,18.0,60.858,42.858
clip_042,-mew,20.0,70.851,50.851
clip_042,tħabbat,20.0,70.851,50.851
clip_042,ma',20.0,70.851,50.851
clip_042,wiċċu,20.0,70.851,50.851
clip_042,l-ħin,24.0,76.812,52.812
clip_042,kollu,24.0,76.812,52.812
clip_042,u,24.0,76.812,52.812
clip_042,waqa',24.0,76.812,52.812
clip_042,minn,24.0,76.812,52.812
clip_042,tul,24.0,76.812,52.812
clip_042,u,24.0,76.812,52.812
clip_042,mejjed,24.0,76.812,52.812
clip_042,m',24.0,76.812,52.812
clip_042,għandu,24.0,76.812,52.812
clip_042,idwied,24.0,76.812,52.812
clip_042,jixlik,24.0,76.812,52.812
clip_042,b',24.0,76.812,52.812
clip_042,xejn,24.0,76.812,52.812
clip_042,miegħu,26.0,86.803,60.803
clip_042,wieħed,26.0,86.803,60.803
clip_042,u,26.0,86.803,60.803
clip_042,tletin,30.0,105.656,75.656
clip_042,u,30.0,105.656,75.656
clip_042,noħlomlu,30.0,105.656,75.656
clip_042,nitla',30.0,105.656,75.656
clip_042,fi,30.0,105.656,75.656
clip_042,sħab,30.0,105.656,75.656
clip_042,miegħu,30.0,105.656,75.656
clip_042,minn,30.0,105.656,75.656
clip_042,sidru,30.0,105.656,75.656
clip_042,tista',30.0,105.656,75.656
clip_042,tibqa',30.0,105.656,75.656
clip_042,tiela',32.0,109.245,77.245
clip_042,t-taraġ,32.0,109.245,77.245
clip_042,sparat,32.0,109.245,77.245
clip_042,u,32.0,109.245,77.245
clip_042,ma,32.0,109.245,77.245
clip_042,tagħtix,32.0,109.245,77.245
clip_042,kashom,34.0,116.542,82.542
clip_042,mort,34.0,116.542,82.542
clip_042,il-ħanut,34.0,116.542,82.542
clip_042,ess,36.0,134.552,98.552
clip_042,għandi,35.183,134.552,99.369
clip_042,karozza,35.183,134.552,99.369
clip_042,b',35.183,134.552,99.369
clip_042,ġenit,35.183,134.552,99.369
clip_042,il-ġimgħu,35.183,134.552,99.369
clip_042,qa',35.183,134.552,99.369
clip_042,ġemgħu,35.183,134.552,99.369
clip_042,bihugħi,35.183,134.552,99.369
clip_042,x',35.183,134.552,99.369
clip_042,ġemgħu,35.183,134.552,99.369
clip_042,minn,35.183,134.552,99.369
clip_042,tieħu,35.183,134.552,99.369
clip_043,fejn,4.0,22.28,18.28
clip_043,poġġejn,6.0,24.799,18.799
clip_043,hija,6.0,24.799,18.799
clip_043,l-extri,6.0,24.799,18.799
clip_043,tridx,10.0,29.843,19.843
clip_043,nifqugħa,10.0,29.843,19.843
clip_043,u,10.0,29.843,19.843
clip_043,nistennew,10.0,29.843,19.843
clip_043,li,10.0,29.843,19.843
clip_043,jsemaqagħda,16.0,65.639,49.639
clip_043,billi,18.0,70.181,52.181
clip_043,noqtilha,18.0,70.181,52.181
clip_043,laru,18.0,70.181,52.181
clip_043,stagħha,18.0,70.181,52.181
clip_043,billi,18.0,70.181,52.181
clip_043,jasrilha,18.0,70.181,52.181
clip_043,n-niesa,18.0,70.181,52.181
clip_043,billi,18.0,70.181,52.181
clip_043,neħodha,18.0,70.181,52.181
clip_043,bil-fors,18.0,70.181,52.181
clip_043,taħt,18.0,70.181,52.181
clip_043,idejja,18.0,70.181,52.181
clip_043,daqqa',18.0,70.181,52.181
clip_043,fuq,18.0,70.181,52.181
clip_043,il-kott,18.0,70.181,52.181
clip_043,stonqom,18.0,70.181,52.181
clip_043,u,18.0,70.181,52.181
clip_043,laqqas,18.0,70.181,52.181
clip_043,naħseb,18.0,70.181,52.181
clip_043,ma,18.0,70.181,52.181
clip_043,rid,18.0,70.181,52.181
clip_043,żgieġ,18.0,70.181,52.181
clip_043,ma,18.0,70.181,52.181
clip_043,rafx,18.0,70.181,52.181
clip_043,kif,18.0,70.181,52.181
clip_043,jaqbad,20.0,85.332,65.332
clip_043,iwieġbu,22.0,99.568,77.568
clip_043,l-ebda,22.0,99.568,77.568
clip_043,sor,22.0,99.568,77.568
clip_043,klaririssa,22.0,99.568,77.568
clip_043,ma,22.0,99.568,77.568
clip_043,kienet,22.0,99.568,77.568
clip_043,tidher,22.0,99.568,77.568
clip_043,qatt,24.0,128.884,104.884
clip_043,ma,24.0,128.884,104.884
clip_043,għax,24.0,128.884,104.884
clip_043,divorzju,24.0,128.884,104.884
clip_043,ha,26.0,137.188,111.188
clip_043,nieħdu,28.0,141.9,113.9
clip_043,grokk,28.0,141.9,113.9
clip_043,kien,28.0,141.9,113.9
clip_043,ijsu,28.0,141.9,113.9
clip_043,qed,28.0,141.9,113.9
clip_043,ikellem,28.0,141.9,113.9
clip_043,il-ħajt,30.0,161.012,131.012
clip_043,seba',32.0,177.474,145.474
clip_043,għoxrin,32.0,177.474,145.474
clip_043,fix-xogħol,32.0,177.474,145.474
clip_043,u,32.0,177.474,145.474
clip_043,il-figura,32.0,177.474,145.474
clip_043,żiegħ,32.0,177.474,145.474
clip_043,eżgħidha,38.0,192.113,154.113
clip_043,li,38.0,192.113,154.113
clip_043,toħloqlu,38.0,192.113,154.113
clip_043,l,38.0,192.113,154.113
clip_043,-ostakli,40.0,211.155,171.155
clip_043,fiġ-ġirja,41.501,219.882,178.381
clip_043,tiegħu,41.501,219.882,178.381
clip_043,biex,41.501,219.882,178.381
clip_043,jaħdem,41.501,219.882,178.381
clip_043,iktarxantru,41.501,219.882,178.381
clip_043,kienu,41.501,219.882,178.381
clip_043,qegħdin,41.501,219.882,178.381
clip_043,bilqiegħda,41.501,219.882,178.381
clip_043,fuq,41.501,219.882,178.381
clip_043,il-blata,41.501,219.882,178.381
clip_043,kbira,41.501,219.882,178.381
clip_043,li,41.501,219.882,178.381
clip_043,kienet,41.501,219.882,178.381
clip_043,ftit,41.501,219.882,178.381
clip_043,għola,41.501,219.882,178.381
clip_043,min-nies,41.501,219.882,178.381
clip_043,biex,41.501,219.882,178.381
clip_043,b',41.501,219.882,178.381
clip_043,jibgħek,41.501,219.882,178.381
clip_043,kulħadd,41.501,219.882,178.381
clip_043,ikun,41.501,219.882,178.381
clip_043,jista',41.501,219.882,178.381
clip_043,jarawha,41.501,219.882,178.381
clip_043,meta,41.501,219.882,178.381
clip_043,ikellmuhom,41.501,219.882,178.381
clip_043,b',41.501,219.882,178.381
clip_043,ħedda,41.501,219.882,178.381
clip_043,b',41.501,219.882,178.381
clip_043,biex,41.501,219.882,178.381
clip_043,b',41.501,219.882,178.381
clip_043,ħedda,41.501,219.882,178.381
clip_043,b',41.501,219.882,178.381
clip_043,ħeġda,41.501,219.882,178.381
clip_044,ma,4.0,18.683,14.683
clip_044,naħsibx,4.0,18.683,14.683
clip_044,li,4.0,18.683,14.683
clip_044,mort,4.0,18.683,14.683
clip_044,ħafna,4.0,18.683,14.683
clip_044,sbagħlu,12.0,45.52,33.52
clip_044,x',12.0,45.52,33.52
clip_044,aktarx,12.0,45.52,33.52
clip_044,li,12.0,45.52,33.52
clip_044,iżmien,12.0,45.52,33.52
clip_044,lili,12.0,45.52,33.52
clip_044,wkoll,12.0,45.52,33.52
clip_044,qatt,12.0,45.52,33.52
clip_044,jagħtini,12.0,45.52,33.52
clip_044,raġun,12.0,45.52,33.52
clip_044,vassal,14.0,48.988,34.988
clip_044,waqaf,14.0,48.988,34.988
clip_044,il-quċċata,14.0,48.988,34.988
clip_044,ta',14.0,48.988,34.988
clip_044,dik,14.0,48.988,34.988
clip_044,il-għolja,14.0,48.988,34.988
clip_044,b',14.0,48.988,34.988
clip_044,idu,14.0,48.988,34.988
clip_044,l-waħda,14.0,48.988,34.988
clip_044,fuq,14.0,48.988,34.988
clip_044,il-pum,14.0,48.988,34.988
clip_044,tax-xabla,14.0,48.988,34.988
clip_044,u,14.0,48.988,34.988
clip_044,rieħor,14.0,48.988,34.988
clip_044,bis-sejf,14.0,48.988,34.988
clip_044,mislud,16.0,53.292,37.292
clip_044,fiha,16.0,53.292,37.292
clip_044,donnhom,16.0,53.292,37.292
clip_044,kienu,16.0,53.292,37.292
clip_044,qed,18.0,60.156,42.156
clip_044,jitkellmu,18.0,60.156,42.156
clip_044,bil-sien,18.0,60.156,42.156
clip_044,barrani,18.0,60.156,42.156
clip_044,kien,20.0,70.26,50.26
clip_044,stieden,20.0,70.26,50.26
clip_044,lil,20.0,70.26,50.26
clip_044,dawk,20.0,70.26,50.26
clip_044,li,20.0,70.26,50.26
clip_044,kellhom,22.0,82.337,60.337
clip_044,xi,22.0,82.337,60.337
clip_044,stejjer,26.0,134.072,108.072
clip_044,għat-tfal,26.0,134.072,108.072
clip_044,biex,26.0,134.072,108.072
clip_044,jibagħtuhom,26.0,134.072,108.072
clip_044,għal,26.0,134.072,108.072
clip_044,dal,26.0,134.072,108.072
clip_044,-program,28.0,147.326,119.326
clip_044,iżda,28.0,147.326,119.326
clip_044,kienu,28.0,147.326,119.326
clip_044,jintarfu,28.0,147.326,119.326
clip_044,sew,28.0,147.326,119.326
clip_044,mid-daqs,28.0,147.326,119.326
clip_044,u,28.0,147.326,119.326
clip_044,l-piżmnejn,28.0,147.326,119.326
clip_044,safejn,28.0,147.326,119.326
clip_044,daqsxejn,30.0,162.025,132.025
clip_044,ta',30.0,162.025,132.025
clip_044,tabib,30.0,162.025,132.025
clip_044,għandu,30.0,162.025,132.025
clip_044,jkun,30.0,162.025,132.025
clip_044,maħbub,30.0,162.025,132.025
clip_044,minn,30.0,162.025,132.025
clip_044,kulħadd,30.0,162.025,132.025
clip_044,u,30.0,162.025,132.025
clip_044,jien,30.0,162.025,132.025
clip_044,waħad,32.0,166.153,134.153
clip_044,ma,32.0,166.153,134.153
clip_044,jħares,32.0,166.153,134.153
clip_044,lejha,32.0,166.153,134.153
clip_044,ġralu,31.947,166.153,134.205
clip_044,xi,31.947,166.153,134.205
clip_044,ħaġa,31.947,166.153,134.205
clip_044,żgur,31.947,166.153,134.205
clip_044,b',31.947,166.153,134.205
clip_044,b',31.947,166.153,134.205
clip_045,u,4.0,34.098,30.098
clip_045,kappell,4.0,34.098,30.098
clip_045,ġo,4.0,34.098,30.098
clip_045,rasu,4.0,34.098,30.098
clip_045,biex,4.0,34.098,30.098
clip_045,immur,6.0,46.083,40.083
clip_045,jaqbadhom,6.0,46.083,40.083
clip_045,u,6.0,46.083,40.083
clip_045,jaqfilhom,6.0,46.083,40.083
clip_045,f',6.0,46.083,40.083
clip_045,posthom,10.0,48.545,38.545
clip_045,u,10.0,48.545,38.545
clip_045,għandu,10.0,48.545,38.545
clip_045,basket,10.0,48.545,38.545
clip_045,wara,10.0,48.545,38.545
clip_045,dahru,10.0,48.545,38.545
clip_045,ried,16.0,70.103,54.103
clip_045,jitbiegħed,24.0,106.18,82.18
clip_045,f',24.0,106.18,82.18
clip_045,xi,24.0,106.18,82.18
clip_045,mod,24.0,106.18,82.18
clip_045,minn,24.0,106.18,82.18
clip_045,dan,24.0,106.18,82.18
clip_045,il-post,24.0,106.18,82.18
clip_045,ħalli,24.0,106.18,82.18
clip_045,ngħidlek,24.0,106.18,82.18
clip_045,mast,24.0,106.18,82.18
clip_045,beda,24.0,106.18,82.18
clip_045,jħarref,24.0,106.18,82.18
clip_045,li,24.0,106.18,82.18
clip_045,x-xwejjaħ,24.0,106.18,82.18
clip_045,b',24.0,106.18,82.18
clip_045,ton,24.0,106.18,82.18
clip_045,l-aktar,24.0,106.18,82.18
clip_045,serju,24.0,106.18,82.18
clip_045,dawk,24.0,106.18,82.18
clip_045,qatt,24.0,106.18,82.18
clip_045,ma,24.0,106.18,82.18
clip_045,nkun,24.0,106.18,82.18
clip_045,irrid,24.0,106.18,82.18
clip_045,narahom,24.0,106.18,82.18
clip_045,ma,26.0,109.971,83.971
clip_045,rafx,26.0,109.971,83.971
clip_045,il-kitba,26.0,109.971,83.971
clip_045,iżda,28.0,113.42,85.42
clip_045,deheret,28.0,113.42,85.42
clip_045,xogħol,28.0,113.42,85.42
clip_045,id,28.0,113.42,85.42
clip_045,femminili,30.0,131.343,101.343
clip_045,u,30.0,131.343,101.343
clip_045,dan,30.0,131.343,101.343
clip_045,kien,30.0,131.343,101.343
clip_045,dettal,32.0,134.118,102.118
clip_045,li,32.0,134.118,102.118
clip_045,beżżgħu,32.0,134.118,102.118
clip_045,hemm,34.0,137.182,103.182
clip_045,nies,34.0,137.182,103.182
clip_045,jiggramfaw,36.0,140.423,104.423
clip_045,miegħu,36.0,140.423,104.423
clip_045,jitilgħu,36.0,140.423,104.423
clip_045,bilqiegħda,36.0,140.423,104.423
clip_045,fuqu,38.0,144.113,106.113
clip_045,murlanda,40.0,163.028,123.028
clip_045,tlaq,40.0,163.028,123.028
clip_045,beda,40.0,163.028,123.028
clip_045,jgħajjat,40.0,163.028,123.028
clip_045,markuf',42.0,166.621,124.621
clip_045,daqqa,42.0,166.621,124.621
clip_045,waħda,44.0,171.003,127.003
clip_045,qabadni,44.0,171.003,127.003
clip_045,paniku,44.0,171.003,127.003
clip_045,kbir,44.0,171.003,127.003
clip_045,ħalla,50.0,182.714,132.714
clip_045,l-bieba,50.0,182.714,132.714
clip_045,tal-gallinar,50.0,182.714,132.714
clip_045,miftuħa,50.0,182.714,132.714
clip_045,u,50.0,182.714,132.714
clip_045,bla,50.0,182.714,132.714
clip_045,ma,50.0,182.714,132.714
clip_045,qatt,50.0,182.714,132.714
clip_045,jaħsibha,50.0,182.714,132.714
clip_045,darbtejn,50.0,182.714,132.714
clip_045,xi,50.0,182.714,132.714
clip_045,ħet,49.344,182.714,133.37
clip_045,kowt,49.344,182.714,133.37
clip_045,fuquu,49.344,182.714,133.37
clip_046,imbagħad,8.0,66.44,58.44
clip_046,filgħodu,8.0,66.44,58.44
clip_046,konna,8.0,66.44,58.44
clip_046,mmorru,8.0,66.44,58.44
clip_046,nikxfu,8.0,66.44,58.44
clip_046,ix,8.0,66.44,58.44
clip_046,-xkorha,12.0,71.177,59.177
clip_046,biċċa,12.0,71.177,59.177
clip_046,biċċa,12.0,71.177,59.177
clip_046,il-mużika,12.0,71.177,59.177
clip_046,iktar,12.0,71.177,59.177
clip_046,mgħaġla,12.0,71.177,59.177
clip_046,wenzu,12.0,71.177,59.177
clip_046,baqa',14.0,101.141,87.141
clip_046,bħal,14.0,101.141,87.141
clip_046,mixrub,14.0,101.141,87.141
clip_046,fih,14.0,101.141,87.141
clip_046,innifsu,16.0,121.534,105.534
clip_046,jħares,16.0,121.534,105.534
clip_046,lejh,16.0,121.534,105.534
clip_046,iktar,18.0,131.733,113.733
clip_046,ma,18.0,131.733,113.733
clip_046,tkun,18.0,131.733,113.733
clip_046,qed,18.0,131.733,113.733
clip_046,twħaġġa,18.0,131.733,113.733
clip_046,iktar,20.0,167.68,147.68
clip_046,tkun,20.0,167.68,147.68
clip_046,qed,20.0,167.68,147.68
clip_046,tagħmel,20.0,167.68,147.68
clip_046,dak,20.0,167.68,147.68
clip_046,li,20.0,167.68,147.68
clip_046,jrid,22.0,172.657,150.657
clip_046,isir,22.0,172.657,150.657
clip_046,kulħadd,24.0,192.071,168.071
clip_046,kien,24.0,192.071,168.071
clip_046,bilwieqfa,24.0,192.071,168.071
clip_046,u,24.0,192.071,168.071
clip_046,mtertaq,26.0,218.16,192.16
clip_046,bit-tenzjoni,26.0,218.16,192.16
clip_046,filwaqt,26.0,218.16,192.16
clip_046,lil,26.0,218.16,192.16
clip_046,il-minuti,28.0,235.118,207.118
clip_046,bdew,28.0,235.118,207.118
clip_046,għaddejjin,28.0,235.118,207.118
clip_046,bil-mod,28.0,235.118,207.118
clip_046,xjidhrilkom,30.0,242.247,212.247
clip_046,l-aħwa,30.0,242.247,212.247
clip_046,kien,32.0,243.595,211.595
clip_046,imissa,32.0,243.595,211.595
clip_046,kompliet,34.0,247.391,213.391
clip_046,il-kors,34.0,247.391,213.391
clip_046,tal-pittura,34.0,247.391,213.391
clip_046,bil,34.0,247.391,213.391
clip_046,-kwiet,36.0,249.976,213.976
clip_046,u,36.0,249.976,213.976
clip_046,ma,36.0,249.976,213.976
clip_046,qaqlet,38.0,252.123,214.123
clip_046,xejn,38.0,252.123,214.123
clip_046,li,38.0,252.123,214.123
clip_046,jippraġudika,38.0,252.123,214.123
clip_046,il-ħila,38.0,252.123,214.123
clip_046,tagħha,38.0,252.123,214.123
clip_046,f',38.0,252.123,214.123
clip_046,qasam,40.0,254.726,214.726
clip_046,daqshekk,40.0,254.726,214.726
clip_046,għal,40.0,254.726,214.726
clip_046,qalba,40.0,254.726,214.726
clip_046,tas-sewġieni,42.0,257.258,215.258
clip_046,tajjeb,42.0,257.258,215.258
clip_046,iż,42.0,257.258,215.258
clip_046,-żarbun,44.0,259.764,215.764
clip_046,li,44.0,259.764,215.764
clip_046,batli,46.0,262.819,216.819
clip_046,iż-żewġ,46.0,262.819,216.819
clip_046,kaxxi,46.0,262.819,216.819
clip_046,kienu,46.0,262.819,216.819
clip_046,mkebbin,48.0,266.199,218.199
clip_046,f',48.0,266.199,218.199
clip_046,karti,48.0,266.199,218.199
clip_046,bħal,48.0,266.199,218.199
clip_046,xulxin,48.0,266.199,218.199
clip_046,u,48.0,266.199,218.199
clip_046,marbutin,48.0,266.199,218.199
clip_046,bl-ispak,50.0,269.698,219.698
clip_046,qishom,50.0,269.698,219.698
clip_046,xorta,50.0,269.698,219.698
clip_046,tomi,54.0,297.206,243.206
clip_046,tkart,52.676,297.206,244.53
clip_046,li,52.676,297.206,244.53
clip_046,dan,52.676,297.206,244.53
clip_046,kien,52.676,297.206,244.53
clip_046,għadu,52.676,297.206,244.53
clip_046,ma,52.676,297.206,244.53
clip_046,lestiex,52.676,297.206,244.53
clip_046,il-proġett,52.676,297.206,244.53
clip_046,tgħanna,52.676,297.206,244.53
clip_046,r-itnejn,52.676,297.206,244.53
clip_046,bie-ħillhom,52.676,297.206,244.53
clip_046,Som,52.676,297.206,244.53
clip_046,Ot,52.676,297.206,244.53
clip_046,ifr,52.676,297.206,244.53
clip_046,neutral,52.676,297.206,244.53
clip_046,il-ħillu걸om,52.676,297.206,244.53
clip_047,il-biba,4.0,3.159,0.0
clip_047,te,4.0,3.159,0.0
clip_047,dgħamet,4.0,3.159,0.0
clip_047,sejra,4.0,3.159,0.0
clip_047,sa,6.0,4.832,0.0
clip_047,s-sigħat,6.0,4.832,0.0
clip_047,bikrin,6.0,4.832,0.0
clip_047,ta',6.0,4.832,0.0
clip_047,filgħodu,6.0,4.832,0.0
clip_047,l-imħabba,8.0,6.3,0.0
clip_047,kienet,8.0,6.3,0.0
clip_047,għadha,8.0,6.3,0.0
clip_047,ma,10.0,7.969,0.0
clip_047,ħabbtitx,10.0,7.969,0.0
clip_047,fuq,10.0,7.969,0.0
clip_047,il-bieb,10.0,7.969,0.0
clip_047,tagħha,10.0,7.969,0.0
clip_047,din,12.0,11.464,0.0
clip_047,kienet,12.0,11.464,0.0
clip_047,tilgħab,12.0,11.464,0.0
clip_047,biha,12.0,11.464,0.0
clip_047,ommok,12.0,11.464,0.0
clip_047,meta,14.0,15.278,1.278
clip_047,kienet,14.0,15.278,1.278
clip_047,tamparek,14.0,15.278,1.278
clip_047,qaltlu,14.0,15.278,1.278
clip_047,n-nanna,14.0,15.278,1.278
clip_047,meta,16.0,17.66,1.66
clip_047,telaq,16.0,17.66,1.66
clip_047,kulħadd,16.0,17.66,1.66
clip_047,qagħad,16.0,17.66,1.66
clip_047,kwiet,18.0,52.483,34.483
clip_047,u,18.0,52.483,34.483
clip_047,hawn,18.0,52.483,34.483
clip_047,in,18.0,52.483,34.483
clip_047,-nervi,20.0,53.984,33.984
clip_047,tan-nannu,20.0,53.984,33.984
clip_047,bdew,20.0,53.984,33.984
clip_047,telgħajn,20.0,53.984,33.984
clip_047,klara,22.0,55.997,33.997
clip_047,hekk,22.0,55.997,33.997
clip_047,kif,22.0,55.997,33.997
clip_047,nagħru,24.0,58.19,34.19
clip_047,dik,24.0,58.19,34.19
clip_047,l-espressjoni,24.0,58.19,34.19
clip_047,stramba,24.0,58.19,34.19
clip_047,fuq,24.0,58.19,34.19
clip_047,wiċċi,26.0,74.392,48.392
clip_047,konna,26.0,74.392,48.392
clip_047,għalkoll,26.0,74.392,48.392
clip_047,naxew,26.0,74.392,48.392
clip_047,bid-daħk,26.0,74.392,48.392
clip_047,u,26.0,74.392,48.392
clip_047,xi,28.0,99.11,71.11
clip_047,ħadd,28.0,99.11,71.11
clip_047,minn,28.0,99.11,71.11
clip_047,wara,28.0,99.11,71.11
clip_047,kien,28.0,99.11,71.11
clip_047,jgħid,28.0,99.11,71.11
clip_047,għaras,28.0,99.11,71.11
clip_047,-ser,30.0,101.971,71.971
clip_047,qed,30.0,101.971,71.971
clip_047,jidħaq,30.0,101.971,71.971
clip_047,kienet,32.0,105.1,73.1
clip_047,tħossha,32.0,105.1,73.1
clip_047,konvinta,34.0,122.604,88.604
clip_047,li,34.0,122.604,88.604
clip_047,ommha,34.0,122.604,88.604
clip_047,u,34.0,122.604,88.604
clip_047,missierha,34.0,122.604,88.604
clip_047,ma,34.0,122.604,88.604
clip_047,jirfitaw,34.0,122.604,88.604
clip_047,qatt,34.0,122.604,88.604
clip_047,li,34.0,122.604,88.604
clip_047,jrabbul,38.0,160.392,122.392
clip_047,in-neputija,38.0,160.392,122.392
clip_047,f',38.0,160.392,122.392
clip_047,dak,38.0,160.392,122.392
clip_047,il-waqt,38.0,160.392,122.392
clip_047,insiet,38.0,160.392,122.392
clip_047,il-ktieb,38.0,160.392,122.392
clip_047,li,38.0,160.392,122.392
clip_047,kienet,38.0,160.392,122.392
clip_047,qiegħedha,39.359,187.686,148.327
clip_047,taqra,39.359,187.686,148.327
clip_047,u,39.359,187.686,148.327
clip_047,ħallik,39.359,187.686,148.327
clip_047,minn,39.359,187.686,148.327
clip_047,dik,39.359,187.686,148.327
clip_047,biex,39.359,187.686,148.327
clip_047,biex,39.359,187.686,148.327
clip_047,biex,39.359,187.686,148.327
clip_047,biex,39.359,187.686,148.327
clip_047,biex,39.359,187.686,148.327
clip_047,biex,39.359,187.686,148.327
clip_047,il-ħallik,39.359,187.686,148.327
clip_047,oj,39.359,187.686,148.327
clip_047,oj,39.359,187.686,148.327
clip_047,issues,39.359,187.686,148.327
clip_047,u,39.359,187.686,148.327
clip_047,għiddi,39.359,187.686,148.327
clip_048,illum,4.0,49.705,45.705
clip_048,għadux,4.0,49.705,45.705
clip_048,ikollhom,4.0,49.705,45.705
clip_048,ħafna,4.0,49.705,45.705
clip_048,ġlied,4.0,49.705,45.705
clip_048,u,6.0,68.511,62.511
clip_048,anke,6.0,68.511,62.511
clip_048,jekk,6.0,68.511,62.511
clip_048,ma,6.0,68.511,62.511
clip_048,jaqblux,6.0,68.511,62.511
clip_048,f',6.0,68.511,62.511
clip_048,kollox,6.0,68.511,62.511
clip_048,xorta,10.0,81.356,71.356
clip_048,waħda,10.0,81.356,71.356
clip_048,jirrispettaw,10.0,81.356,71.356
clip_048,ħafna,10.0,81.356,71.356
clip_048,lil,10.0,81.356,71.356
clip_048,xulxin,10.0,81.356,71.356
clip_048,kienet,10.0,81.356,71.356
clip_048,mifnija,12.0,93.923,81.923
clip_048,bin-ngħas,12.0,93.923,81.923
clip_048,ħadd,12.0,93.923,81.923
clip_048,ma,12.0,93.923,81.923
clip_048,weġibha,14.0,98.291,84.291
clip_048,il-wens,22.0,134.473,112.473
clip_048,f',22.0,134.473,112.473
clip_048,dirgħajn,22.0,134.473,112.473
clip_048,il-madalena,22.0,134.473,112.473
clip_048,il-biża',22.0,134.473,112.473
clip_048,tiegħu,22.0,134.473,112.473
clip_048,kien,22.0,134.473,112.473
clip_048,imħallat,22.0,134.473,112.473
clip_048,ma',22.0,134.473,112.473
clip_048,eċċitament,24.0,149.944,125.944
clip_048,u,24.0,149.944,125.944
clip_048,tama,24.0,149.944,125.944
clip_048,li,24.0,149.944,125.944
clip_048,forsi,24.0,149.944,125.944
clip_048,se,24.0,149.944,125.944
clip_048,jkun,24.0,149.944,125.944
clip_048,jista',24.0,149.944,125.944
clip_048,jsib,24.0,149.944,125.944
clip_048,xi,24.0,149.944,125.944
clip_048,risposta,24.0,149.944,125.944
clip_048,u,24.0,149.944,125.944
clip_048,spjegazzjoni,24.0,149.944,125.944
clip_048,għal,24.0,149.944,125.944
clip_048,dawn,24.0,149.944,125.944
clip_048,l-affajjiet,24.0,149.944,125.944
clip_048,strami,24.0,149.944,125.944
clip_048,kollha,26.0,164.348,138.348
clip_048,li,26.0,164.348,138.348
clip_048,kienu,26.0,164.348,138.348
clip_048,qed,26.0,164.348,138.348
clip_048,jiġrulu,26.0,164.348,138.348
clip_048,giiv,25.25,164.348,139.098
clip_048,mi,25.25,164.348,139.098
clip_048,tri,25.25,164.348,139.098
clip_048,jersħadu,25.25,164.348,139.098
clip_048,li,25.25,164.348,139.098
clip_048,kienet,25.25,164.348,139.098
clip_048,ma,25.25,164.348,139.098
clip_048,t-trippi,25.25,164.348,139.098
clip_048,xeġnini,25.25,164.348,139.098
clip_048,għandji,25.25,164.348,139.098
clip_048,fil-trippi,25.25,164.348,139.098
clip_048,xeġnini,25.25,164.348,139.098
clip_048,biex,25.25,164.348,139.098
clip_048,tieħdu,25.25,164.348,139.098
clip_048,lil,25.25,164.348,139.098
clip_048,xeħdin,25.25,164.348,139.098
clip_048,il-ġimgħu,25.25,164.348,139.098
clip_049,gradwajna,4.0,58.223,54.223
clip_049,flimkien,4.0,58.223,54.223
clip_049,issa,6.0,77.745,71.745
clip_049,jfiġġu,6.0,77.745,71.745
clip_049,minn,6.0,77.745,71.745
clip_049,hawn,6.0,77.745,71.745
clip_049,issa,8.0,79.386,71.386
clip_049,jidhru,8.0,79.386,71.386
clip_049,min,8.0,79.386,71.386
clip_049,min,8.0,79.386,71.386
clip_049,in,8.0,79.386,71.386
clip_049,filli,14.0,152.602,138.602
clip_049,ma,14.0,152.602,138.602
clip_049,tarahomx,14.0,152.602,138.602
clip_049,filli,14.0,152.602,138.602
clip_049,tilmaħhom,14.0,152.602,138.602
clip_049,ġott,14.0,152.602,138.602
clip_049,toqba,14.0,152.602,138.602
clip_049,għall-kbira,20.0,203.34,183.34
clip_049,u,20.0,203.34,183.34
clip_049,tgħidx,20.0,203.34,183.34
clip_049,kemm,20.0,203.34,183.34
clip_049,inħin,20.0,203.34,183.34
clip_049,għaddew,20.0,203.34,183.34
clip_049,fil-logħob,20.0,203.34,183.34
clip_049,min,20.0,203.34,183.34
clip_049,jaf,20.0,203.34,183.34
clip_049,rikollha,20.0,203.34,183.34
clip_049,spaltu,20.0,203.34,183.34
clip_049,għil,20.0,203.34,183.34
clip_049,fuq,20.0,203.34,183.34
clip_049,b',20.0,203.34,183.34
clip_049,sinjal,20.0,203.34,183.34
clip_049,li,20.0,203.34,183.34
clip_049,għalih,20.0,203.34,183.34
clip_049,kien,20.0,203.34,183.34
clip_049,tajjeb,20.0,203.34,183.34
clip_049,u,22.0,209.846,187.846
clip_049,xon,22.0,209.846,187.846
clip_049,dar,22.0,209.846,187.846
clip_049,lejn,22.0,209.846,187.846
clip_049,abram,22.0,209.846,187.846
clip_049,mitejn,24.0,213.041,189.041
clip_049,nu,24.0,213.041,189.041
clip_049,disgħa,24.0,213.041,189.041
clip_049,wara,24.0,213.041,189.041
clip_049,mija,26.0,219.904,193.904
clip_049,u,28.0,223.271,195.271
clip_049,ħamsa,28.0,223.271,195.271
clip_049,jitħaxwex,30.0,226.851,196.851
clip_049,mal-purtiera,30.0,226.851,196.851
clip_049,tħaxxawer,30.0,226.851,196.851
clip_049,qalilha,34.0,248.962,214.962
clip_049,bil-ftit,34.0,248.962,214.962
clip_049,li,34.0,248.962,214.962
clip_049,kien,34.0,248.962,214.962
clip_049,jafħu,36.0,253.529,217.529
clip_049,ħażina,36.0,253.529,217.529
clip_049,jaħtafha,36.0,253.529,217.529
clip_049,grezzju,36.0,253.529,217.529
clip_049,il,36.0,253.529,217.529
clip_049,-irġiel,40.0,257.561,217.561
clip_049,żammuruhom,40.0,257.561,217.561
clip_049,fil-bogħod,40.0,257.561,217.561
clip_049,kemm,40.0,257.561,217.561
clip_049,setgħu,40.0,257.561,217.561
clip_049,u,40.0,257.561,217.561
clip_049,l,40.0,257.561,217.561
clip_049,-belt,42.0,274.04,232.04
clip_049,saret,42.0,274.04,232.04
clip_049,f',42.0,274.04,232.04
clip_049,daqqa,42.0,274.04,232.04
clip_049,waħda,42.0,274.04,232.04
clip_049,kamp,42.0,274.04,232.04
clip_049,tal,42.0,274.04,232.04
clip_049,-franċiżi,44.0,277.47,233.47
clip_049,kien,44.0,277.47,233.47
clip_049,jasal,44.0,277.47,233.47
clip_049,dejjem,44.0,277.47,233.47
clip_049,qabel,46.0,285.462,239.462
clip_049,kulħadd,46.0,285.462,239.462
clip_049,biex,46.0,285.462,239.462
clip_049,jiflaħ,46.0,285.462,239.462
clip_049,l,46.0,285.462,239.462
clip_049,u,50.0,305.141,255.141
clip_049,jienaħħikollos,50.0,305.141,255.141
clip_049,sa,50.0,305.141,255.141
clip_049,majietħlu,48.729,305.141,256.412
clip_049,t-tfal,48.729,305.141,256.412
clip_049,kunċett,48.729,305.141,256.412
clip_049,ma,48.729,305.141,256.412
clip_049,naf,48.729,305.141,256.412
clip_049,x',48.729,305.141,256.412
clip_049,jien,48.729,305.141,256.412
clip_049,b',48.729,305.141,256.412
clip_050,ajrin,4.0,18.764,14.764
clip_050,x',6.0,19.961,13.961
clip_050,taqgħet,6.0,19.961,13.961
clip_050,tibilgħu,6.0,19.961,13.961
clip_050,melkjor,10.0,24.108,14.108
clip_050,kien,10.0,24.108,14.108
clip_050,il-iktar,10.0,24.108,14.108
clip_050,wieħed,10.0,24.108,14.108
clip_050,intelligenti,10.0,24.108,14.108
clip_050,fustom,10.0,24.108,14.108
clip_050,u,12.0,25.901,13.901
clip_050,dan,12.0,25.901,13.901
clip_050,il-fatt,12.0,25.901,13.901
clip_050,kien,12.0,25.901,13.901
clip_050,jipprova,12.0,25.901,13.901
clip_050,jiftakarhom,14.0,57.929,43.929
clip_050,kull,14.0,57.929,43.929
clip_050,mument,14.0,57.929,43.929
clip_050,li,14.0,57.929,43.929
clip_050,kien,14.0,57.929,43.929
clip_050,jista',14.0,57.929,43.929
clip_050,jipprova,14.0,57.929,43.929
clip_050,jillixxja,20.0,83.428,63.428
clip_050,wiċċu,20.0,83.428,63.428
clip_050,bidu,20.0,83.428,63.428
clip_050,u,20.0,83.428,63.428
clip_050,jikteb,20.0,83.428,63.428
clip_050,l-erbgħa,20.0,83.428,63.428
clip_050,linji,20.0,83.428,63.428
clip_050,ta',20.0,83.428,63.428
clip_050,kċurxin,20.0,83.428,63.428
clip_050,kien,20.0,83.428,63.428
clip_050,viramenta,20.0,83.428,63.428
clip_050,jien,20.0,83.428,63.428
clip_050,u,20.0,83.428,63.428
clip_050,kellu,20.0,83.428,63.428
clip_050,ħafna,20.0,83.428,63.428
clip_050,ġuħ,22.0,86.032,64.032
clip_050,ġismu,22.0,86.032,64.032
clip_050,kien,22.0,86.032,64.032
clip_050,ukoll,22.0,86.032,64.032
clip_050,muġuħ,22.0,86.032,64.032
clip_050,u,24.0,88.838,64.838
clip_050,rasu,24.0,88.838,64.838
clip_050,riedet,24.0,88.838,64.838
clip_050,tisplodi,24.0,88.838,64.838
clip_050,siss,26.0,106.006,80.006
clip_050,għada,26.0,106.006,80.006
clip_050,ma,28.0,110.963,82.963
clip_050,ħaditx,28.0,110.963,82.963
clip_050,ra,30.0,114.474,84.474
clip_050,l-festità,30.0,114.474,84.474
clip_050,dmija,30.0,114.474,84.474
clip_050,dmija,30.0,114.474,84.474
clip_050,mal-ħitan,32.0,118.003,86.003
clip_050,dmija,32.0,118.003,86.003
clip_050,mal-madun,32.0,118.003,86.003
clip_050,abjad,32.0,118.003,86.003
clip_050,dmija,34.0,123.882,89.882
clip_050,maqfuq,34.0,123.882,89.882
clip_050,il-ħwejjeġ,34.0,123.882,89.882
clip_050,dmija,36.0,132.309,96.309
clip_050,mal-bibin,36.0,132.309,96.309
clip_050,tal-karozzi,36.0,132.309,96.309
clip_050,mill-espressjoni,38.0,133.762,95.762
clip_050,tani,44.0,139.94,95.94
clip_050,kien,44.0,139.94,95.94
clip_050,fuq,44.0,139.94,95.94
clip_050,wiċċha,44.0,139.94,95.94
clip_050,ġanni,44.0,139.94,95.94
clip_050,ħaseb,44.0,139.94,95.94
clip_050,li,44.0,139.94,95.94
clip_050,miet,44.0,139.94,95.94
clip_050,xi,44.0,139.94,95.94
clip_050,ħadd,44.0,139.94,95.94
clip_050,u,44.0,139.94,95.94
clip_050,xejma,46.0,145.929,99.929
clip_050,kienet,46.0,145.929,99.929
clip_050,issibha,46.0,145.929,99.929
clip_050,bitqila,46.0,145.929,99.929
clip_050,biex,46.0,145.929,99.929
clip_050,titla',46.0,145.929,99.929
clip_050,żewġ,46.0,145.929,99.929
clip_050,sulari,46.0,145.929,99.929
clip_050,kuljum,46.0,145.929,99.929
clip_050,min,46.0,145.929,99.929
clip_050,jaf,46.0,145.929,99.929
clip_050,għalkemm,46.0,145.929,99.929
clip_050,il-darba,48.0,148.833,100.833
clip_050,forsi,48.0,148.833,100.833
clip_050,għalik,50.0,151.942,101.942
clip_050,riedu,50.0,151.942,101.942
clip_050,jgħidulu,50.0,151.942,101.942
clip_050,li,50.0,151.942,101.942
clip_050,għadek,52.0,160.117,108.117
clip_050,żagħżugħ,52.0,160.117,108.117
clip_050,ħajtek,52.0,160.117,108.117
clip_050,quddiemek,54.0,178.844,124.844
clip_050,dak,54.0,178.844,124.844
clip_050,il,54.0,178.844,124.844
clip_050,-ħalliel,53.67,178.844,125.174
clip_050,kien,53.67,178.844,125.174
clip_050,se,53.67,178.844,125.174
clip_050,jgħitih,53.67,178.844,125.174
clip_050,ferħ,53.67,178.844,125.174
clip_050,ta',53.67,178.844,125.174
clip_050,ġenn,53.67,178.844,125.174
clip_050,t-triqt,53.67,178.844,125.174
clip_051,ġejsin,4.0,43.069,39.069
clip_051,u,4.0,43.069,39.069
clip_051,estella,4.0,43.069,39.069
clip_051,kienu,6.0,44.586,38.586
clip_051,jinħabu,12.0,55.23,43.23
clip_051,fl-arja,12.0,55.23,43.23
clip_051,faċċatu,14.0,60.029,46.029
clip_051,ta',14.0,60.029,46.029
clip_051,xulxin,14.0,60.029,46.029
clip_051,iżda,14.0,60.029,46.029
clip_051,kienu,14.0,60.029,46.029
clip_051,jidhru,14.0,60.029,46.029
clip_051,tifferenti,14.0,60.029,46.029
clip_051,ħafna,14.0,60.029,46.029
clip_051,jista',14.0,60.029,46.029
clip_051,jkun,14.0,60.029,46.029
clip_051,fuqt,14.0,60.029,46.029
clip_051,il-ħbid,14.0,60.029,46.029
clip_051,tal-biera,14.0,60.029,46.029
clip_051,aħrajt,14.0,60.029,46.029
clip_051,taħdem,14.0,60.029,46.029
clip_051,għall-ewwel,16.0,63.637,47.637
clip_051,darba,16.0,63.637,47.637
clip_051,dik,16.0,63.637,47.637
clip_051,li,16.0,63.637,47.637
clip_051,hawn,16.0,63.637,47.637
clip_051,fl,16.0,63.637,47.637
clip_051,-askari,18.0,66.419,48.419
clip_051,se,18.0,66.419,48.419
clip_051,sejħula,18.0,66.419,48.419
clip_051,operixin,18.0,66.419,48.419
clip_051,rum,18.0,66.419,48.419
clip_051,vdien,24.0,76.519,52.519
clip_051,il-gżira,24.0,76.519,52.519
clip_051,msejħa,24.0,76.519,52.519
clip_051,nuba,24.0,76.519,52.519
clip_051,kien,24.0,76.519,52.519
clip_051,jgħix,24.0,76.519,52.519
clip_051,il-farawni,24.0,76.519,52.519
clip_051,li,24.0,76.519,52.519
clip_051,kien,24.0,76.519,52.519
clip_051,imexxi,24.0,76.519,52.519
clip_051,l,24.0,76.519,52.519
clip_051,-mexxejt,26.0,84.595,58.595
clip_051,għan-nies,26.0,84.595,58.595
clip_051,kolla,26.0,84.595,58.595
clip_051,li,26.0,84.595,58.595
clip_051,jixu,26.0,84.595,58.595
clip_051,fir-raba',26.0,84.595,58.595
clip_051,dinja,26.0,84.595,58.595
clip_051,kif,28.0,93.341,65.341
clip_051,qalilna,28.0,93.341,65.341
clip_051,l,28.0,93.341,65.341
clip_051,jistgħu,32.0,104.34,72.34
clip_051,dew,32.0,104.34,72.34
clip_051,biljieli,32.0,104.34,72.34
clip_051,ta',32.0,104.34,72.34
clip_051,bna,32.0,104.34,72.34
clip_051,maz-zili,34.0,105.9,71.9
clip_051,ġejjin,34.0,105.9,71.9
clip_051,biex,34.0,105.9,71.9
clip_051,jaħbtu,34.0,105.9,71.9
clip_051,għalina,33.809,105.9,72.091
clip_051,bl-ajdu,33.809,105.9,72.091
clip_051,bil-baħar,33.809,105.9,72.091
clip_051,bħal,33.809,105.9,72.091
clip_051,il-għina,33.809,105.9,72.091
clip_052,kul,4.0,45.992,41.992
clip_052,su,4.0,45.992,41.992
clip_052,l-farina,4.0,45.992,41.992
clip_052,kienet,4.0,45.992,41.992
clip_052,tgħixu,4.0,45.992,41.992
clip_052,u,8.0,78.284,70.284
clip_052,tirrakkuntali,8.0,78.284,70.284
clip_052,l-istorja,8.0,78.284,70.284
clip_052,tagħhaħafna,8.0,78.284,70.284
clip_052,diġà,8.0,78.284,70.284
clip_052,qed,8.0,78.284,70.284
clip_052,ibastru,10.0,94.289,84.289
clip_052,li,10.0,94.289,84.289
clip_052,l-biċċa,14.0,111.176,97.176
clip_052,se,14.0,111.176,97.176
clip_052,tiġrif,14.0,111.176,97.176
clip_052,l,14.0,111.176,97.176
clip_052,-għelfejn,18.0,146.44,128.44
clip_052,u,18.0,146.44,128.44
clip_052,tnax,18.0,146.44,128.44
clip_052,malli,20.0,149.03,129.03
clip_052,jasal,20.0,149.03,129.03
clip_052,mhux,20.0,149.03,129.03
clip_052,se,20.0,149.03,129.03
clip_052,jkollu,20.0,149.03,129.03
clip_052,bżonn,20.0,149.03,129.03
clip_052,jiftakar,20.0,149.03,129.03
clip_052,xejn,20.0,149.03,129.03
clip_052,forza,20.0,149.03,129.03
clip_052,għas,22.0,151.753,129.753
clip_052,lil,22.0,151.753,129.753
clip_052,mingu,22.0,151.753,129.753
clip_052,li,22.0,151.753,129.753
clip_052,ma,22.0,151.753,129.753
clip_052,sillimlux,22.0,151.753,129.753
clip_052,ritornell,22.0,151.753,129.753
clip_052,kiċċ,22.0,151.753,129.753
clip_052,dejlu,24.0,154.75,130.75
clip_052,li,24.0,154.75,130.75
clip_052,tnejn,24.0,154.75,130.75
clip_052,min-nies,24.0,154.75,130.75
clip_052,għaddew,24.0,154.75,130.75
clip_052,kemm-il,24.0,154.75,130.75
clip_052,darba,24.0,154.75,130.75
clip_052,minn,24.0,154.75,130.75
clip_052,taħt,24.0,154.75,130.75
clip_052,it-tieqa,26.0,167.525,141.525
clip_052,donnhom,26.0,167.525,141.525
clip_052,ridu,26.0,167.525,141.525
clip_052,jisimgħux,28.0,182.389,154.389
clip_052,x',28.0,182.389,154.389
clip_052,qiegħed,28.0,182.389,154.389
clip_052,jingħad,28.0,182.389,154.389
clip_052,ġewwa,28.0,182.389,154.389
clip_052,il-platti,32.0,204.292,172.292
clip_052,daħħalhom,32.0,204.292,172.292
clip_052,għax,32.0,204.292,172.292
clip_052,nimptlew,36.0,225.767,189.767
clip_052,nemel,36.0,225.767,189.767
clip_052,qagħad,36.0,225.767,189.767
clip_052,ftit,36.0,225.767,189.767
clip_052,fuq,36.0,225.767,189.767
clip_052,l-għatba,36.0,225.767,189.767
clip_052,imbagħad,36.0,225.767,189.767
clip_052,talaqt,36.0,225.767,189.767
clip_052,l-antiporta,36.0,225.767,189.767
clip_052,warajjaw,36.0,225.767,189.767
clip_052,mou,40.0,243.567,203.567
clip_052,bexxaqt,40.0,243.567,203.567
clip_052,il-bieb,40.0,243.567,203.567
clip_052,enes,40.0,243.567,203.567
clip_052,sesin,40.0,243.567,203.567
clip_052,f',40.0,243.567,203.567
clip_052,dak,40.0,243.567,203.567
clip_052,il-waqt,40.0,243.567,203.567
clip_052,ajrub,42.0,256.745,214.745
clip_052,lan,42.0,256.745,214.745
clip_052,ingliż,42.0,256.745,214.745
clip_052,tabil-lejl,42.0,256.745,214.745
clip_052,ħass,42.0,256.745,214.745
clip_052,wieħed,44.0,258.899,214.899
clip_052,minnhom,44.0,258.899,214.899
clip_052,ħabat,44.0,258.899,214.899
clip_052,għalih,46.0,263.227,217.227
clip_052,u,46.0,263.227,217.227
clip_052,ġarrfu,48.0,289.972,241.972
clip_052,l-baħar,48.0,289.972,241.972
clip_052,ta',48.0,289.972,241.972
clip_052,kull,48.0,289.972,241.972
clip_052,sena,48.0,289.972,241.972
clip_052,il-patrijiet,48.0,289.972,241.972
clip_052,li,48.0,289.972,241.972
clip_052,kien,50.0,304.368,254.368
clip_052,hemm,50.0,304.368,254.368
clip_052,fil-kunvent,50.0,304.368,254.368
clip_052,ta',50.0,304.368,254.368
clip_052,fra,50.0,304.368,254.368
clip_052,mudest,50.0,304.368,254.368
clip_052,kienu,52.0,312.656,260.656
clip_052,jinaqqdu,51.592,312.656,261.064
clip_052,ma',51.592,312.656,261.064
clip_052,patrijiet,51.592,312.656,261.064
clip_052,oħra,51.592,312.656,261.064
clip_052,u,51.592,312.656,261.064
clip_052,jattendu,51.592,312.656,261.064
clip_052,għall-irtir,51.592,312.656,261.064
clip_052,bħal,51.592,312.656,261.064
clip_052,xeġaq,51.592,312.656,261.064
clip_052,biex,51.592,312.656,261.064
clip_052,il-ħas,51.592,312.656,261.064
clip_052,il-ġegħ,51.592,312.656,261.064
clip_053,xħin,4.0,18.983,14.983
clip_053,waslet,4.0,18.983,14.983
clip_053,fl-indana,4.0,18.983,14.983
clip_053,tal-ewwel,6.0,20.027,14.027
clip_053,sular,6.0,20.027,14.027
clip_053,dare,6.0,20.027,14.027
clip_053,tal-kuritur,6.0,20.027,14.027
clip_053,fejn,8.0,38.874,30.874
clip_053,kien,8.0,38.874,30.874
clip_053,hemm,8.0,38.874,30.874
clip_053,il-kamra,8.0,38.874,30.874
clip_053,ta',8.0,38.874,30.874
clip_053,tommy,8.0,38.874,30.874
clip_053,il-kamra,10.0,40.812,30.812
clip_053,tagħha,10.0,40.812,30.812
clip_053,u,10.0,40.812,30.812
clip_053,dik,10.0,40.812,30.812
clip_053,tat,10.0,40.812,30.812
clip_053,min,14.0,79.18,65.18
clip_053,imma,14.0,79.18,65.18
clip_053,xiex,14.0,79.18,65.18
clip_053,meta,14.0,79.18,65.18
clip_053,fl-aħħar,16.0,89.926,73.926
clip_053,waqqaf,16.0,89.926,73.926
clip_053,u,16.0,89.926,73.926
clip_053,ħareġ,18.0,105.727,87.727
clip_053,mill-end,18.0,105.727,87.727
clip_053,rover,18.0,105.727,87.727
clip_053,issew,18.0,105.727,87.727
clip_053,wieqra,18.0,105.727,87.727
clip_053,li,20.0,126.293,106.293
clip_053,ż-żewġ,20.0,126.293,106.293
clip_053,żgħażagħ,20.0,126.293,106.293
clip_053,jiġru,20.0,126.293,106.293
clip_053,fid-direzzjoni,20.0,126.293,106.293
clip_053,minn,20.0,126.293,106.293
clip_053,fejn,20.0,126.293,106.293
clip_053,kien,22.0,129.945,107.945
clip_053,ġej,22.0,129.945,107.945
clip_053,fittix,22.0,129.945,107.945
clip_053,tmarkiu,24.0,159.879,135.879
clip_053,sinjali,24.0,159.879,135.879
clip_053,li,24.0,159.879,135.879
clip_053,ħallew,24.0,159.879,135.879
clip_053,warajhom,24.0,159.879,135.879
clip_053,u,26.0,163.406,137.406
clip_053,nexxiel,26.0,163.406,137.406
clip_053,insi,26.0,163.406,137.406
clip_053,ftit,26.0,163.406,137.406
clip_053,forsi,28.0,180.359,152.359
clip_053,anke,28.0,180.359,152.359
clip_053,dawwar,28.0,180.359,152.359
clip_053,rasu,30.0,199.14,169.14
clip_053,u,30.0,199.14,169.14
clip_053,jara,30.0,199.14,169.14
clip_053,x',30.0,199.14,169.14
clip_053,hemm,30.0,199.14,169.14
clip_053,warajh,32.0,204.528,172.528
clip_053,jew,32.0,204.528,172.528
clip_053,iqum,32.0,204.528,172.528
clip_053,bilwieqfa,32.0,204.528,172.528
clip_053,kemm,34.0,208.152,174.152
clip_053,jara,32.822,208.152,175.329
clip_053,fejn,32.822,208.152,175.329
clip_053,kien,32.822,208.152,175.329
clip_053,se,32.822,208.152,175.329
clip_053,jgħaddi,32.822,208.152,175.329
clip_053,s-sigħat,32.822,208.152,175.329
clip_053,li,32.822,208.152,175.329
clip_053,jmiss,32.822,208.152,175.329
clip_053,bħal,32.822,208.152,175.329
clip_053,x',32.822,208.152,175.329
clip_053,il-ħagħad,32.822,208.152,175.329
clip_053,b',32.822,208.152,175.329
clip_053,x',32.822,208.152,175.329
clip_053,il-ħagħad,32.822,208.152,175.329
clip_053,b',32.822,208.152,175.329
clip_053,x',32.822,208.152,175.329
clip_053,il-ħadda,32.822,208.152,175.329
clip_054,qisha,4.0,36.98,32.98
clip_054,ħrafa,4.0,36.98,32.98
clip_054,wara,6.0,38.378,32.378
clip_054,tlett,6.0,38.378,32.378
clip_054,ijim,8.0,56.997,48.997
clip_054,ta',8.0,56.997,48.997
clip_054,kura,8.0,56.997,48.997
clip_054,u,8.0,56.997,48.997
clip_054,fsied,12.0,76.208,64.208
clip_054,ħassu,12.0,76.208,64.208
clip_054,tajjeb,12.0,76.208,64.208
clip_054,biżżejjed,12.0,76.208,64.208
clip_054,biex,12.0,76.208,64.208
clip_054,iqum,12.0,76.208,64.208
clip_054,bilwieqfa,12.0,76.208,64.208
clip_054,għal,12.0,76.208,64.208
clip_054,ftit,12.0,76.208,64.208
clip_054,minuti,12.0,76.208,64.208
clip_054,imma,12.0,76.208,64.208
clip_054,fil,12.0,76.208,64.208
clip_054,-ħdut,16.0,110.797,94.797
clip_054,ta',16.0,110.797,94.797
clip_054,żmien,16.0,110.797,94.797
clip_054,il-għajt,16.0,110.797,94.797
clip_054,filgħodu,16.0,110.797,94.797
clip_054,kien,16.0,110.797,94.797
clip_054,joħroġ,16.0,110.797,94.797
clip_054,il-vjatku,16.0,110.797,94.797
clip_054,solenni,16.0,110.797,94.797
clip_054,surguljermu,20.0,117.566,97.566
clip_054,lorenzi,20.0,117.566,97.566
clip_054,b',20.0,117.566,97.566
clip_054,erba',20.0,117.566,97.566
clip_054,xiegħda,30.0,214.713,184.713
clip_054,fuq,30.0,214.713,184.713
clip_054,fuq,30.0,214.713,184.713
clip_054,kien,30.0,214.713,184.713
clip_054,qiegħed,30.0,214.713,184.713
clip_054,tieħu,30.0,214.713,184.713
clip_054,s-sentenza,30.0,214.713,184.713
clip_054,tal-mewt,30.0,214.713,184.713
clip_054,bħala,30.0,214.713,184.713
clip_054,kap,30.0,214.713,184.713
clip_054,tal-konfoffa,30.0,214.713,184.713
clip_054,ma,30.0,214.713,184.713
clip_054,weġibiex,32.0,222.745,190.745
clip_054,lanqas,32.0,222.745,190.745
clip_054,biss,32.0,222.745,190.745
clip_054,ta',32.0,222.745,190.745
clip_054,kasa,32.0,222.745,190.745
clip_054,kliemha,32.0,222.745,190.745
clip_054,ma,32.0,222.745,190.745
clip_054,ttimbrax,32.0,222.745,190.745
clip_054,ruħu,32.0,222.745,190.745
clip_054,f',32.0,222.745,190.745
clip_054,moħħu,32.0,222.745,190.745
clip_054,ilgħal,32.0,222.745,190.745
clip_054,hiex,32.0,222.745,190.745
clip_054,kien,32.0,222.745,190.745
clip_054,band,32.0,222.745,190.745
clip_054,oħra,32.0,222.745,190.745
clip_054,u,32.0,222.745,190.745
clip_054,l-ħsieb,32.0,222.745,190.745
clip_054,jimxi,32.0,222.745,190.745
clip_054,bil-mod,32.0,222.745,190.745
clip_054,wisq,32.0,222.745,190.745
clip_054,biex,34.0,224.463,190.463
clip_054,ilaħħaq,34.0,224.463,190.463
clip_054,mal,34.0,224.463,190.463
clip_054,-eħtieġa,36.0,226.499,190.499
clip_054,is-sempliċità,36.0,226.499,190.499
clip_054,dej,38.0,228.996,190.996
clip_054,jum,38.0,228.996,190.996
clip_054,indipendenti,38.0,228.996,190.996
clip_054,għat-tfal,40.0,252.521,212.521
clip_054,fl-imperu,40.0,252.521,212.521
clip_054,britanniku,40.0,252.521,212.521
clip_054,lors,42.0,254.768,212.768
clip_054,waqaf,42.0,254.768,212.768
clip_054,issa,44.0,258.205,214.205
clip_054,ġietu,44.0,258.205,214.205
clip_054,l-opportunità,44.0,258.205,214.205
clip_054,perfetta,44.0,258.205,214.205
clip_054,li,46.0,260.694,214.694
clip_054,jwed,46.0,260.694,214.694
clip_054,taqdin,46.0,260.694,214.694
clip_054,il-ħolma,46.0,260.694,214.694
clip_054,igawdihem,50.0,267.863,217.863
clip_054,qara,50.0,267.863,217.863
clip_054,l-xagħar,50.0,267.863,217.863
clip_054,anki,50.0,267.863,217.863
clip_054,jek,50.0,267.863,217.863
clip_054,ikollu,50.0,267.863,217.863
clip_054,joħroġ,50.0,267.863,217.863
clip_054,il-flus,50.0,267.863,217.863
clip_054,kollu,50.0,267.863,217.863
clip_054,li,50.0,267.863,217.863
clip_054,kellu,50.0,267.863,217.863
clip_054,l-bank,50.0,267.863,217.863
clip_054,bħala,52.0,315.875,263.875
clip_054,depożitu,52.0,315.875,263.875
clip_054,notabileqal,50.966,315.875,264.909
clip_054,iħ,50.966,315.875,264.909
clip_054,Dudu,50.966,315.875,264.909
clip_054,qal,50.966,315.875,264.909
clip_054,b,50.966,315.875,264.909
clip_054,terrible,50.966,315.875,264.909
clip_054,biex,50.966,315.875,264.909
clip_054,biex,50.966,315.875,264.909
clip_054,biex,50.966,315.875,264.909
clip_054,biex,50.966,315.875,264.909
clip_054,biex,50.966,315.875,264.909
clip_054,biex,50.966,315.875,264.909
clip_054,m',50.966,315.875,264.909
clip_054,κaj,50.966,315.875,264.909
clip_054,Sas-ħos,50.966,315.875,264.909
clip_054,ma,50.966,315.875,264.909
clip_054,t-triQa',50.966,315.875,264.909
clip_054,expertfiħu,50.966,315.875,264.909
clip_054,Austiex,50.966,315.875,264.909
clip_054,biex,50.966,315.875,264.909
clip_054,biex,50.966,315.875,264.909
clip_054,biex,50.966,315.875,264.909
clip_054,biex,50.966,315.875,264.909
clip_054,biex,50.966,315.875,264.909
clip_054,biex,50.966,315.875,264.909
clip_054,biex,50.966,315.875,264.909
clip_054,biex,50.966,315.875,264.909
clip_054,m'감을ifli,50.966,315.875,264.909
clip_054,Phrightħ,50.966,315.875,264.909
clip_054,maqf,50.966,315.875,264.909
clip_054,laughing,50.966,315.875,264.909
clip_054,steal,50.966,315.875,264.909
clip_054,biex,50.966,315.875,264.909
clip_054,biex,50.966,315.875,264.909
clip_054,biex,50.966,315.875,264.909
clip_054,biex,50.966,315.875,264.909
clip_054,biex,50.966,315.875,264.909
clip_054,biex,50.966,315.875,264.909
clip_054,biex,50.966,315.875,264.909
clip_054,biex,50.966,315.875,264.909
clip_054,maqf,50.966,315.875,264.909
clip_054,su,50.966,315.875,264.909
clip_055,melatini,4.0,31.187,27.187
clip_055,bewsa,4.0,31.187,27.187
clip_055,għarġa,6.0,49.012,43.012
clip_055,ħalifli,6.0,49.012,43.012
clip_055,li,6.0,49.012,43.012
clip_055,ma,6.0,49.012,43.012
clip_055,tkun,6.0,49.012,43.012
clip_055,ta',6.0,49.012,43.012
clip_055,ħadd,6.0,49.012,43.012
clip_055,ħlief,6.0,49.012,43.012
clip_055,tiegħi,6.0,49.012,43.012
clip_055,iġri,8.0,84.366,76.366
clip_055,iġri,8.0,84.366,76.366
clip_055,ma,10.0,98.948,88.948
clip_055,tarax,10.0,98.948,88.948
clip_055,li,10.0,98.948,88.948
clip_055,ġej,10.0,98.948,88.948
clip_055,inżowġ,16.0,132.794,116.794
clip_055,suldati,16.0,132.794,116.794
clip_055,warajna,16.0,132.794,116.794
clip_055,bid-doni,16.0,132.794,116.794
clip_055,tiegħu,16.0,132.794,116.794
clip_055,sħah,16.0,132.794,116.794
clip_055,mill-ġdid,16.0,132.794,116.794
clip_055,ħaddu,16.0,132.794,116.794
clip_055,xejn,16.0,132.794,116.794
clip_055,ma,16.0,132.794,116.794
clip_055,seta',16.0,132.794,116.794
clip_055,jwafqu,16.0,132.794,116.794
clip_055,lanqas,16.0,132.794,116.794
clip_055,ħutu,16.0,132.794,116.794
clip_055,kollha,16.0,132.794,116.794
clip_055,f',16.0,132.794,116.794
clip_055,daqqa,18.0,152.203,134.203
clip_055,għax,18.0,152.203,134.203
clip_055,dawk,18.0,152.203,134.203
clip_055,ma,18.0,152.203,134.203
clip_055,kinux,18.0,152.203,134.203
clip_055,aħjar,18.0,152.203,134.203
clip_055,minn,18.0,152.203,134.203
clip_055,kif,18.0,152.203,134.203
clip_055,kien,20.0,155.68,135.68
clip_055,hu,20.0,155.68,135.68
clip_055,issa,20.0,155.68,135.68
clip_055,flimma,22.0,173.799,151.799
clip_055,skora,22.0,173.799,151.799
clip_055,tat-tendi,22.0,173.799,151.799
clip_055,u,22.0,173.799,151.799
clip_055,meta,22.0,173.799,151.799
clip_055,nkun,22.0,173.799,151.799
clip_055,minn,24.0,189.15,165.15
clip_055,għalija,24.0,189.15,165.15
clip_055,ġbart,24.0,189.15,165.15
clip_055,it-tagħrif,24.0,189.15,165.15
clip_055,kollu,24.0,189.15,165.15
clip_055,dwarha,24.0,189.15,165.15
clip_055,aktarx,28.0,215.364,187.364
clip_055,nibgħatilha,28.0,215.364,187.364
clip_055,ittra,28.0,215.364,187.364
clip_055,jhom,28.0,215.364,187.364
clip_055,messaġ,28.0,215.364,187.364
clip_055,ma',28.0,215.364,187.364
clip_055,xi,28.0,215.364,187.364
clip_055,ħadd,28.0,215.364,187.364
clip_055,aktarx,30.0,237.445,207.445
clip_055,kienet,30.0,237.445,207.445
clip_055,qed,30.0,237.445,207.445
clip_055,tistennik,30.0,237.445,207.445
clip_055,tagħmel,30.0,237.445,207.445
clip_055,kollox,30.0,237.445,207.445
clip_055,qed,28.304,237.445,209.141
clip_055,tieħetbacksx,28.304,237.445,209.141
clip_056,u,4.0,30.591,26.591
clip_056,s-sinjur,4.0,30.591,26.591
clip_056,ħalaq,4.0,30.591,26.591
clip_056,lil,4.0,30.591,26.591
clip_056,leva,10.0,53.416,43.416
clip_056,qgħadna,12.0,72.67,60.67
clip_056,nħarsu,12.0,72.67,60.67
clip_056,lejn,12.0,72.67,60.67
clip_056,faxex,16.0,101.665,85.665
clip_056,vjola,16.0,101.665,85.665
clip_056,jirraga',16.0,101.665,85.665
clip_056,għaw,16.0,101.665,85.665
clip_056,jirrigaw,16.0,101.665,85.665
clip_056,is-sema,16.0,101.665,85.665
clip_056,qed,16.0,101.665,85.665
clip_056,jiskurabeda,16.0,101.665,85.665
clip_056,jerġa',16.0,101.665,85.665
clip_056,jieku,16.0,101.665,85.665
clip_056,kossi,16.0,101.665,85.665
clip_056,b',16.0,101.665,85.665
clip_056,dik,16.0,101.665,85.665
clip_056,il-faċċata,16.0,101.665,85.665
clip_056,u,16.0,101.665,85.665
clip_056,f',16.0,101.665,85.665
clip_056,daqqa,16.0,101.665,85.665
clip_056,nduna,16.0,101.665,85.665
clip_056,li,16.0,101.665,85.665
clip_056,kien,16.0,101.665,85.665
clip_056,qed,16.0,101.665,85.665
clip_056,jitlef,16.0,101.665,85.665
clip_056,ir-risoluzzjoni,16.0,101.665,85.665
clip_056,li,16.0,101.665,85.665
clip_056,telaq,16.0,101.665,85.665
clip_056,biha,16.0,101.665,85.665
clip_056,mill,16.0,101.665,85.665
clip_056,-isptar,18.0,103.999,85.999
clip_056,reġa',18.0,103.999,85.999
clip_056,dar,18.0,103.999,85.999
clip_056,lura,18.0,103.999,85.999
clip_056,u,20.0,111.105,91.105
clip_056,kompla,20.0,111.105,91.105
clip_056,jsegwi,20.0,111.105,91.105
clip_056,riħa,20.0,111.105,91.105
clip_056,sakemm,20.0,111.105,91.105
clip_056,wasal,20.0,111.105,91.105
clip_056,quddiem,22.0,114.797,92.797
clip_056,il-bieb,22.0,114.797,92.797
clip_056,tal-librerija,22.0,114.797,92.797
clip_056,li,22.0,114.797,92.797
clip_056,kien,22.0,114.797,92.797
clip_056,ftit,22.0,114.797,92.797
clip_056,imbexxaq,24.0,125.417,101.417
clip_056,vili,24.0,125.417,101.417
clip_056,martu,26.0,146.979,120.979
clip_056,kienet,26.0,146.979,120.979
clip_056,bniet,28.0,150.308,122.308
clip_056,ma,28.0,150.308,122.308
clip_056,vili,28.0,150.308,122.308
clip_056,biex,28.0,150.308,122.308
clip_056,waslet,28.0,150.308,122.308
clip_056,safejn,28.0,150.308,122.308
clip_056,waslet,28.0,150.308,122.308
clip_056,niżlu,30.0,165.801,135.801
clip_056,sal,30.0,165.801,135.801
clip_056,-manzab,32.0,185.165,153.165
clip_056,ta',32.0,185.165,153.165
clip_056,ċali,32.0,185.165,153.165
clip_056,niżlu,32.0,185.165,153.165
clip_056,sal-manzab,32.0,185.165,153.165
clip_056,ta',32.0,185.165,153.165
clip_056,ċali,32.0,185.165,153.165
clip_056,li,32.0,185.165,153.165
clip_056,swed,34.0,207.051,173.051
clip_056,u,34.0,207.051,173.051
clip_056,tellawlu,34.0,207.051,173.051
clip_056,fuq,34.0,207.051,173.051
clip_056,is-saqaf,34.0,207.051,173.051
clip_056,tad-dura,34.0,207.051,173.051
clip_056,kien,36.0,223.68,187.68
clip_056,donnu,36.0,223.68,187.68
clip_056,qiegħed,36.0,223.68,187.68
clip_056,joħlom,36.0,223.68,187.68
clip_056,xi,36.0,223.68,187.68
clip_056,ħaġa,38.0,238.705,200.705
clip_056,sabiħa,38.0,238.705,200.705
clip_056,u,40.0,248.05,208.05
clip_056,lanqas,40.0,248.05,208.05
clip_056,mainkwieta,42.0,260.844,218.844
clip_056,jekk,42.0,260.844,218.844
clip_056,kien,42.0,260.844,218.844
clip_056,nofs,42.0,260.844,218.844
clip_056,miemli,42.0,260.844,218.844
clip_056,hux,42.0,260.844,218.844
clip_056,biżżejjednt,42.0,260.844,218.844
clip_056,sa,42.0,260.844,218.844
clip_056,kemm,42.0,260.844,218.844
clip_056,joħroġ,42.0,260.844,218.844
clip_056,mill-isptar,42.0,260.844,218.844
clip_056,konna,44.0,262.958,218.958
clip_056,nagħmlu,44.0,262.958,218.958
clip_056,platti,44.0,262.958,218.958
clip_056,fondi,44.0,262.958,218.958
clip_056,tas,44.0,262.958,218.958
clip_056,-soppa,46.0,267.135,221.135
clip_056,fuq,46.0,267.135,221.135
clip_056,dawk,46.0,267.135,221.135
clip_056,ċatti,46.0,267.135,221.135
clip_056,tal-għaġin,46.0,267.135,221.135
clip_056,il-forn,48.0,280.554,232.554
clip_056,indawru,48.0,280.554,232.554
clip_056,s-sarbetta,48.0,280.554,232.554
clip_056,tal,48.0,280.554,232.554
clip_056,-karti,50.0,293.948,243.948
clip_056,bajta,50.0,293.948,243.948
clip_056,f',50.0,293.948,243.948
clip_056,taz-sevojta,50.0,293.948,243.948
clip_056,mill-kbar,50.0,293.948,243.948
clip_056,u,52.0,305.751,253.751
clip_056,npoġġu,52.0,305.751,253.751
clip_056,l-buqar,52.0,305.751,253.751
clip_056,tal-ilma,52.0,305.751,253.751
clip_056,fin-nofs,52.0,305.751,253.751
clip_056,jgħixu,54.0,309.932,255.932
clip_056,ħajja,54.0,309.932,255.932
clip_056,virtwali,54.0,309.932,255.932
clip_056,jiċċajtaw,56.0,323.049,267.049
clip_056,u,56.0,323.049,267.049
clip_056,jitluf,56.0,323.049,267.049
clip_056,avventura,56.0,323.049,267.049
clip_056,wara,54.909,323.049,268.14
clip_056,oħra,54.909,323.049,268.14
clip_056,f',54.909,323.049,268.14
clip_056,tufufu,54.909,323.049,268.14
clip_056,fuq,54.909,323.049,268.14
clip_056,"ijiv,",54.909,323.049,268.14
clip_056,f',54.909,323.049,268.14
clip_056,tal-ħemm,54.909,323.049,268.14
clip_057,bis-saħħat,4.0,3.485,0.0
clip_057,hekk,4.0,3.485,0.0
clip_057,il-ktieb,4.0,3.485,0.0
clip_057,it,4.0,3.485,0.0
clip_057,-tmiem,6.0,5.14,0.0
clip_057,kontinent,6.0,5.14,0.0
clip_057,li,6.0,5.14,0.0
clip_057,kont,6.0,5.14,0.0
clip_057,ippublikajt,8.0,20.597,12.597
clip_057,is-senata,8.0,20.597,12.597
clip_057,qabel,8.0,20.597,12.597
clip_057,beda,8.0,20.597,12.597
clip_057,jiġbed,8.0,20.597,12.597
clip_057,l-attenzjoni,10.0,24.057,14.057
clip_057,tal-pubbliku,10.0,24.057,14.057
clip_057,u,10.0,24.057,14.057
clip_057,ma,10.0,24.057,14.057
clip_057,damx,10.0,24.057,14.057
clip_057,ma',10.0,24.057,14.057
clip_057,beda,10.0,24.057,14.057
clip_057,jinħataf,12.0,27.068,15.068
clip_057,xtaqtaq,14.0,30.532,16.532
clip_057,bat,14.0,30.532,16.532
clip_057,neħħilha,14.0,30.532,16.532
clip_057,l-bikini,14.0,30.532,16.532
clip_057,quddiem,14.0,30.532,16.532
clip_057,kulħadd,14.0,30.532,16.532
clip_057,ħadd,16.0,34.689,18.689
clip_057,ma,16.0,34.689,18.689
clip_057,kien,16.0,34.689,18.689
clip_057,qed,16.0,34.689,18.689
clip_057,iħares,16.0,34.689,18.689
clip_057,anyway,18.0,69.355,51.355
clip_057,darba,18.0,69.355,51.355
clip_057,anzerta,18.0,69.355,51.355
clip_057,maltem,18.0,69.355,51.355
clip_057,kbir,18.0,69.355,51.355
clip_057,u,18.0,69.355,51.355
clip_057,konna,18.0,69.355,51.355
clip_057,bdejna,20.0,82.877,62.877
clip_057,tħantella,20.0,82.877,62.877
clip_057,u,20.0,82.877,62.877
clip_057,nniżżlu,20.0,82.877,62.877
clip_057,jk,20.0,82.877,62.877
clip_057,immorru,20.0,82.877,62.877
clip_057,x',20.0,82.877,62.877
clip_057,jew,24.0,108.243,84.243
clip_057,leh,24.0,108.243,84.243
clip_057,imbagħad,24.0,108.243,84.243
clip_057,meta,24.0,108.243,84.243
clip_057,jbusa,24.0,108.243,84.243
clip_057,bil-lajma,24.0,108.243,84.243
clip_057,kienet,24.0,108.243,84.243
clip_057,tħossha,24.0,108.243,84.243
clip_057,qed,24.0,108.243,84.243
clip_057,tintelaq,24.0,108.243,84.243
clip_057,ħelu,26.0,128.599,102.599
clip_057,ħelu,26.0,128.599,102.599
clip_057,fuq,26.0,128.599,102.599
clip_057,l-ispjaġġa,26.0,128.599,102.599
clip_057,u,26.0,128.599,102.599
clip_057,tagħlaq,28.0,150.161,122.161
clip_057,għajnejha,28.0,150.161,122.161
clip_057,xagħad,30.0,171.175,141.175
clip_057,minna,30.0,171.175,141.175
clip_057,kien,30.0,171.175,141.175
clip_057,ikollu,30.0,171.175,141.175
clip_057,kaxxa,30.0,171.175,141.175
clip_057,tal-kartun,30.0,171.175,141.175
clip_057,jew,30.0,171.175,141.175
clip_057,u,32.0,172.668,140.668
clip_057,biċċa,32.0,172.668,140.668
clip_057,plajwud,32.0,172.668,140.668
clip_057,u,32.0,172.668,140.668
clip_057,fuq,32.0,172.668,140.668
clip_057,xi,32.0,172.668,140.668
clip_057,fer,32.0,172.668,140.668
clip_057,minnhom,32.0,172.668,140.668
clip_057,kien,34.0,190.347,156.347
clip_057,ikonna,34.0,190.347,156.347
clip_057,numru,34.0,190.347,156.347
clip_057,ta',34.0,190.347,156.347
clip_057,qatat,34.0,190.347,156.347
clip_057,kwadri,34.0,190.347,156.347
clip_057,jew,36.0,210.72,174.72
clip_057,nofs,36.0,210.72,174.72
clip_057,tond,36.0,210.72,174.72
clip_057,kemm,36.0,210.72,174.72
clip_057,jgħaddi,36.0,210.72,174.72
clip_057,boċċu,36.0,210.72,174.72
clip_057,ftit,38.0,213.061,175.061
clip_057,imlaħlaħ,38.0,213.061,175.061
clip_057,int,40.0,234.189,194.189
clip_057,moħħokaw,40.0,234.189,194.189
clip_057,ara,40.0,234.189,194.189
clip_057,l-irrajtengli,42.0,238.193,196.193
clip_057,jkollu,42.0,238.193,196.193
clip_057,x',42.0,238.193,196.193
clip_057,jiekoll,42.0,238.193,196.193
clip_057,u,42.0,238.193,196.193
clip_057,x',42.0,238.193,196.193
clip_057,jixrob,42.0,238.193,196.193
clip_057,il-boks,44.0,258.172,214.172
clip_057,fajl,44.0,258.172,214.172
clip_057,kien,44.0,258.172,214.172
clip_057,vojt,44.0,258.172,214.172
clip_057,darba,46.0,300.65,254.65
clip_057,waħda,46.0,300.65,254.65
clip_057,qaltlu,46.0,300.65,254.65
clip_057,li,48.0,323.668,275.668
clip_057,kien,48.0,323.668,275.668
clip_057,hemm,48.0,323.668,275.668
clip_057,farfett,48.0,323.668,275.668
clip_057,li,48.0,323.668,275.668
clip_057,ħaseb,48.0,323.668,275.668
clip_057,li,50.0,339.255,289.255
clip_057,hu,50.0,339.255,289.255
clip_057,l-isbaħ,50.0,339.255,289.255
clip_057,lejqa,50.0,339.255,289.255
clip_057,fil-ġnien,50.0,339.255,289.255
clip_057,minn,52.0,372.4,320.4
clip_057,qatel,52.0,372.4,320.4
clip_057,il-farruċ,52.0,372.4,320.4
clip_057,u,51.974,372.4,320.426
clip_057,insab,51.974,372.4,320.426
clip_057,maqtul,51.974,372.4,320.426
clip_057,gerger,51.974,372.4,320.426
clip_057,qajla,51.974,372.4,320.426
clip_057,qajlaħda,51.974,372.4,320.426
clip_057,qat,51.974,372.4,320.426
clip_057,Seeing,51.974,372.4,320.426
